0 1 2 57 112
0 1 2 65 102
0 1 8 13 83
0 1 10 61 91
0 1 17 27 69
0 1 23 49 70
0 1 58 91 101
0 1 80 113 118
0 2 3 7 17
0 2 3 11 29
0 2 3 15 91
0 2 3 19 102
0 2 3 88 89
0 2 19 121 123
0 3 16 17 82
0 3 22 57 76
0 3 29 106 123
0 3 92 109 121
0 4 23 54 107
0 5 7 71 87
0 5 22 46 88
0 5 40 120 124
0 6 9 31 64
0 6 9 31 68
0 6 9 64 68
0 6 13 46 57
0 6 19 24 96
0 6 24 33 52
0 6 24 33 104
0 6 24 52 104
0 6 24 70 92
0 6 24 78 121
0 6 31 64 68
0 6 32 106 116
0 6 33 52 104
0 6 35 62 89
0 6 47 56 78
0 6 65 81 106
0 7 11 18 29
0 7 11 66 70
0 7 17 65 69
0 7 17 71 90
0 7 23 68 99
0 7 27 40 47
0 7 31 65 74
0 7 71 92 121
0 8 15 47 51
0 8 15 71 126
0 8 16 100 103
0 8 43 59 79
0 8 67 104 107
0 8 77 79 108
0 9 11 31 37
0 9 11 33 47
0 9 15 19 24
0 9 17 39 90
0 9 24 31 79
0 9 31 64 68
0 9 47 73 88
0 9 49 60 78
0 10 15 39 79
0 10 17 41 72
0 10 23 106 119
0 10 39 68 77
0 10 56 80 92
0 10 61 68 82
0 11 12 17 24
0 11 17 38 49
0 11 37 40 57
0 11 39 64 105
0 11 39 93 123
0 11 39 102 111
0 11 69 88 127
0 11 106 112 114
0 12 22 64 92
0 12 50 52 57
0 12 55 77 92
0 13 14 80 82
0 13 15 47 88
0 13 22 57 63
0 13 32 39 91
0 13 40 66 120
0 13 49 51 65
0 13 64 105 124
0 14 27 51 61
0 15 16 28 29
0 15 27 104 106
0 15 35 45 57
0 15 35 81 88
0 15 39 64 85
0 15 55 82 90
0 15 61 68 123
0 15 68 121 126
0 16 64 65 90
0 17 33 101 119
0 17 34 47 68
0 17 34 47 73
0 17 34 68 73
0 17 40 80 120
0 17 47 68 73
0 17 53 92 104
0 18 47 60 106
0 18 51 52 70
0 20 21 93 94
0 20 22 40 81
0 20 71 86 121
0 22 73 79 82
0 23 37 107 122
0 23 63 68 70
0 24 33 52 104
0 24 66 105 109
0 24 76 103 122
0 26 27 80 100
0 27 30 71 99
0 27 47 71 87
0 28 35 117 123
0 30 45 57 73
0 32 59 70 94
0 33 55 62 74
0 33 101 102 121
0 34 47 68 73
0 34 65 75 115
0 35 43 45 62
0 37 47 84 85
0 37 57 76 121
0 38 39 44 45
0 38 39 44 53
0 38 39 45 53
0 38 44 45 53
0 39 44 45 53
0 39 57 79 81
0 39 93 115 119
0 40 78 81 123
0 41 82 114 123
0 43 46 69 109
0 44 57 72 125
0 45 47 51 62
0 45 59 87 99
0 48 66 69 85
0 53 79 85 86
0 55 73 90 93
0 56 74 94 112
0 65 82 87 119
0 68 72 86 120
0 75 81 99 114
0 83 103 121 127
0 98 99 116 121
1 2 19 75 80
1 3 23 28 82
1 3 66 83 120
1 4 16 19 36
1 4 23 29 61
1 4 23 85 93
1 4 55 65 79
1 5 7 16 41
1 5 7 71 87
1 5 41 61 68
1 5 41 106 112
1 5 41 110 116
1 6 35 62 89
1 6 40 75 103
1 6 66 70 120
1 7 12 77 79
1 7 26 48 127
1 8 42 49 115
1 9 13 89 116
1 9 15 58 110
1 9 15 68 89
1 9 21 44 82
1 9 25 38 78
1 9 61 75 81
1 9 79 103 110
1 10 12 68 99
1 10 34 44 122
1 10 38 93 103
1 10 58 61 101
1 10 64 66 82
1 11 23 54 104
1 11 25 36 37
1 11 29 31 123
1 11 68 72 83
1 12 26 48 74
1 13 14 80 82
1 13 37 58 64
1 13 45 65 85
1 13 46 87 124
1 14 41 72 114
1 15 39 41 86
1 15 39 41 88
1 15 39 86 88
1 15 41 86 88
1 16 19 27 46
1 16 19 27 59
1 16 19 46 59
1 16 27 46 59
1 17 33 101 119
1 17 40 120 123
1 18 26 27 46
1 18 51 52 70
1 19 27 46 59
1 19 81 99 114
1 20 21 93 94
1 20 38 104 110
1 21 76 102 127
1 22 49 75 111
1 23 27 104 105
1 23 41 72 75
1 23 45 68 92
1 23 66 91 96
1 23 67 87 127
1 23 83 87 91
1 23 85 110 119
1 24 33 60 111
1 24 71 109 121
1 24 77 87 98
1 25 49 75 85
1 26 28 103 110
1 26 31 50 127
1 26 38 48 103
1 26 41 64 86
1 27 55 58 64
1 28 32 40 71
1 28 79 117 125
1 29 33 44 72
1 29 48 67 103
1 31 37 50 94
1 31 46 62 99
1 31 59 86 110
1 32 33 59 110
1 33 58 72 111
1 34 87 88 89
1 35 37 57 78
1 35 43 57 94
1 37 66 83 86
1 38 54 115 126
1 38 59 78 88
1 38 65 75 102
1 38 78 80 126
1 38 78 92 100
1 39 41 86 88
1 39 87 116 125
1 40 76 97 117
1 41 48 86 90
1 41 82 114 123
1 43 46 69 109
1 48 49 65 75
1 48 93 95 103
1 49 58 72 93
1 49 60 75 108
1 50 54 104 106
1 50 59 99 106
1 52 67 78 120
1 52 78 101 110
1 56 58 62 72
1 56 62 74 115
1 56 74 94 112
1 56 77 79 80
1 57 67 82 93
1 59 82 116 117
1 68 72 86 120
1 68 100 103 110
1 72 82 103 115
1 80 82 83 126
1 80 88 92 120
1 91 103 110 112
1 93 103 107 110
2 3 18 21 25
2 4 19 32 95
2 5 7 71 87
2 5 8 71 102
2 5 24 28 34
2 5 24 75 96
2 5 75 101 116
2 6 13 22 27
2 6 26 81 86
2 6 32 60 125
2 6 35 62 89
2 6 43 63 74
2 6 60 66 115
2 6 77 92 112
2 7 14 72 112
2 7 15 49 118
2 7 44 69 90
2 7 44 69 115
2 7 44 90 115
2 7 45 55 59
2 7 68 81 119
2 7 69 90 115
2 8 12 26 92
2 8 24 34 119
2 8 40 53 54
2 8 44 79 102
2 9 22 78 101
2 9 32 33 54
2 10 16 56 97
2 10 18 56 58
2 10 33 102 113
2 11 35 37 102
2 12 95 102 116
2 13 14 80 82
2 13 18 34 59
2 13 81 85 94
2 14 19 28 60
2 14 61 72 115
2 15 35 60 74
2 15 40 44 108
2 16 19 46 81
2 16 19 65 99
2 16 36 49 102
2 16 36 117 125
2 16 43 54 102
2 17 33 101 119
2 17 65 75 88
2 18 51 52 70
2 19 22 52 76
2 19 26 95 110
2 19 30 38 81
2 19 31 95 102
2 19 31 95 107
2 19 31 102 107
2 19 35 54 107
2 19 62 64 76
2 19 71 95 125
2 19 74 94 117
2 19 75 118 127
2 19 95 102 107
2 20 21 93 94
2 22 40 50 59
2 23 25 46 85
2 23 49 57 70
2 23 91 118 119
2 24 49 70 75
2 24 66 88 89
2 25 46 81 82
2 26 45 55 62
2 27 30 94 99
2 28 43 53 74
2 28 60 63 85
2 28 60 73 74
2 28 74 88 114
2 28 74 89 117
2 30 46 68 71
2 31 95 102 107
2 33 84 99 102
2 34 44 63 70
2 35 53 86 93
2 37 42 50 54
2 37 45 58 113
2 38 58 91 95
2 39 50 64 103
2 39 69 88 125
2 39 82 102 126
2 40 49 75 93
2 41 82 114 123
2 43 46 69 109
2 43 55 65 75
2 43 74 101 102
2 43 95 121 123
2 44 69 90 115
2 46 85 88 105
2 49 68 96 100
2 49 70 77 102
2 49 79 101 102
2 50 54 60 68
2 50 64 101 102
2 51 66 100 104
2 55 72 74 79
2 56 57 85 86
2 56 74 94 112
2 57 70 102 116
2 60 65 90 123
2 63 75 102 116
2 63 101 102 127
2 65 75 102 110
2 65 83 101 102
2 67 71 102 117
2 67 82 85 103
2 68 72 86 120
2 69 88 101 102
2 71 103 104 106
2 73 81 101 102
2 81 94 102 114
2 82 88 102 106
2 88 99 102 126
2 91 93 102 107
2 101 102 107 114
3 4 21 81 114
3 5 7 71 87
3 5 20 45 50
3 6 35 62 89
3 7 30 47 70
3 7 68 81 90
3 7 80 90 113
3 8 12 34 37
3 9 12 78 99
3 9 40 44 55
3 9 69 73 75
3 10 37 62 86
3 10 41 73 92
3 11 14 118 123
3 11 18 28 93
3 12 31 37 40
3 12 46 75 100
3 12 48 64 74
3 13 14 80 82
3 13 15 25 74
3 13 41 61 82
3 13 56 76 77
3 14 72 115 120
3 16 54 59 79
3 17 23 24 86
3 17 33 101 119
3 18 51 52 70
3 18 56 79 93
3 18 69 94 97
3 19 29 97 105
3 19 38 53 61
3 20 21 93 94
3 20 83 102 122
3 21 23 56 74
3 21 26 37 102
3 21 29 80 94
3 21 45 54 113
3 22 23 44 64
3 22 57 59 62
3 24 29 70 90
3 27 31 48 61
3 27 45 85 92
3 27 62 76 79
3 27 90 115 127
3 29 39 107 116
3 29 43 87 90
3 29 72 75 93
3 29 107 122 124
3 30 45 114 119
3 34 92 105 113
3 36 50 73 79
3 37 46 57 75
3 38 63 75 99
3 40 43 64 106
3 41 82 114 123
3 43 46 69 109
3 43 56 77 81
3 44 45 92 101
3 44 68 72 123
3 45 64 65 87
3 46 68 72 104
3 48 49 87 111
3 55 77 92 105
3 56 57 79 82
3 56 57 79 100
3 56 57 82 100
3 56 74 94 112
3 56 79 82 100
3 57 79 82 100
3 64 74 88 120
3 68 72 86 120
3 71 87 92 97
3 75 91 114 122
3 97 100 111 122
4 5 7 71 87
4 5 22 46 62
4 5 102 103 127
4 6 18 20 60
4 6 35 62 89
4 6 52 106 110
4 7 58 106 109
4 8 12 29 53
4 8 14 35 75
4 8 18 31 35
4 8 50 77 88
4 8 54 82 123
4 9 27 31 37
4 9 27 45 47
4 9 30 59 66
4 9 33 85 115
4 9 46 70 107
4 9 59 91 116
4 10 11 60 97
4 10 31 50 89
4 11 24 98 109
4 11 27 29 47
4 11 38 63 65
4 11 49 91 103
4 12 18 28 96
4 12 34 65 91
4 13 14 80 82
4 13 32 47 88
4 13 55 80 95
4 14 18 50 113
4 14 30 36 52
4 14 41 53 79
4 14 45 85 100
4 15 18 78 89
4 15 26 39 106
4 16 61 68 75
4 17 33 101 119
4 17 40 63 86
4 18 46 49 70
4 18 51 52 70
4 18 51 100 120
4 19 34 39 117
4 19 43 46 75
4 19 66 77 85
4 19 66 91 95
4 20 21 93 94
4 20 26 48 110
4 20 28 32 115
4 21 32 44 46
4 21 75 81 94
4 22 30 87 101
4 22 36 39 110
4 22 46 75 83
4 22 46 75 113
4 22 46 83 113
4 22 56 80 113
4 22 63 65 75
4 22 75 83 113
4 24 63 90 100
4 25 32 67 81
4 25 34 82 101
4 25 44 45 47
4 26 61 87 95
4 26 74 75 82
4 27 36 75 106
4 27 44 45 84
4 27 47 51 101
4 27 47 87 103
4 28 35 59 65
4 28 36 74 81
4 28 46 66 107
4 28 60 80 102
4 29 36 81 110
4 29 41 54 106
4 29 46 66 75
4 29 56 61 113
4 31 37 97 113
4 31 48 60 73
4 32 33 56 120
4 32 35 57 66
4 32 38 55 88
4 32 44 84 108
4 32 46 54 61
4 34 65 82 103
4 35 66 89 106
4 37 77 92 113
4 39 46 63 66
4 39 64 84 108
4 41 64 76 114
4 41 82 114 123
4 43 46 69 109
4 44 46 63 94
4 44 53 66 110
4 44 59 95 110
4 45 46 62 100
4 46 47 84 114
4 46 71 82 91
4 46 75 83 113
4 48 68 81 86
4 49 61 75 91
4 52 55 64 66
4 52 75 110 116
4 53 66 69 91
4 54 82 83 107
4 56 74 94 112
4 57 65 74 79
4 58 66 78 80
4 64 74 82 120
4 68 72 86 120
4 68 84 110 123
4 80 86 87 113
4 84 86 110 114
5 6 7 15 39
5 6 7 20 36
5 6 7 30 55
5 6 7 48 49
5 6 7 71 87
5 6 8 41 44
5 6 9 32 47
5 6 11 47 101
5 6 11 47 115
5 6 11 101 115
5 6 12 101 102
5 6 15 25 57
5 6 15 37 49
5 6 17 20 39
5 6 18 31 57
5 6 20 47 73
5 6 20 52 60
5 6 20 59 69
5 6 20 84 85
5 6 22 40 46
5 6 25 39 78
5 6 34 69 125
5 6 38 78 101
5 6 42 59 111
5 6 47 51 105
5 6 47 52 82
5 6 47 101 115
5 6 49 64 82
5 6 52 76 103
5 6 53 67 101
5 6 71 102 103
5 6 72 83 126
5 7 8 37 56
5 7 8 71 87
5 7 9 71 87
5 7 10 71 87
5 7 11 71 87
5 7 12 71 87
5 7 13 71 87
5 7 14 71 87
5 7 15 71 87
5 7 16 71 87
5 7 17 71 87
5 7 18 71 87
5 7 19 71 87
5 7 20 60 78
5 7 20 71 87
5 7 21 71 87
5 7 22 35 39
5 7 22 36 45
5 7 22 42 48
5 7 22 71 87
5 7 23 71 87
5 7 24 71 87
5 7 25 71 87
5 7 26 71 87
5 7 27 45 84
5 7 27 71 87
5 7 28 71 87
5 7 29 71 87
5 7 30 71 87
5 7 31 32 50
5 7 31 71 87
5 7 31 107 126
5 7 32 71 87
5 7 33 71 87
5 7 34 71 87
5 7 35 71 87
5 7 36 71 87
5 7 36 73 79
5 7 37 71 87
5 7 38 71 87
5 7 39 71 87
5 7 40 71 87
5 7 41 71 87
5 7 42 71 87
5 7 43 71 87
5 7 44 71 87
5 7 44 86 126
5 7 45 71 87
5 7 46 71 87
5 7 47 71 87
5 7 48 71 87
5 7 49 71 87
5 7 50 71 87
5 7 51 71 87
5 7 52 71 87
5 7 53 71 87
5 7 54 71 87
5 7 55 71 87
5 7 56 71 87
5 7 57 71 87
5 7 58 71 87
5 7 59 71 87
5 7 60 71 87
5 7 61 71 87
5 7 62 71 87
5 7 62 90 100
5 7 63 71 87
5 7 64 71 87
5 7 65 71 87
5 7 66 71 87
5 7 67 71 87
5 7 68 71 87
5 7 69 71 87
5 7 70 71 87
5 7 71 72 87
5 7 71 73 87
5 7 71 74 87
5 7 71 75 87
5 7 71 76 87
5 7 71 77 87
5 7 71 78 87
5 7 71 79 87
5 7 71 80 87
5 7 71 81 87
5 7 71 82 87
5 7 71 83 87
5 7 71 84 87
5 7 71 85 87
5 7 71 86 87
5 7 71 87 88
5 7 71 87 89
5 7 71 87 90
5 7 71 87 91
5 7 71 87 92
5 7 71 87 93
5 7 71 87 94
5 7 71 87 95
5 7 71 87 96
5 7 71 87 97
5 7 71 87 98
5 7 71 87 99
5 7 71 87 100
5 7 71 87 101
5 7 71 87 102
5 7 71 87 103
5 7 71 87 104
5 7 71 87 105
5 7 71 87 106
5 7 71 87 107
5 7 71 87 108
5 7 71 87 109
5 7 71 87 110
5 7 71 87 111
5 7 71 87 112
5 7 71 87 113
5 7 71 87 114
5 7 71 87 115
5 7 71 87 116
5 7 71 87 117
5 7 71 87 118
5 7 71 87 119
5 7 71 87 120
5 7 71 87 121
5 7 71 87 122
5 7 71 87 123
5 7 71 87 124
5 7 71 87 125
5 7 71 87 126
5 7 71 87 127
5 7 76 97 107
5 8 12 27 56
5 8 23 33 46
5 8 23 33 53
5 8 23 46 53
5 8 31 33 60
5 8 33 46 53
5 8 40 57 62
5 8 45 47 50
5 8 56 62 99
5 8 57 66 91
5 8 57 76 92
5 8 67 96 114
5 9 31 49 64
5 9 33 60 84
5 9 78 89 117
5 10 20 50 84
5 11 14 50 91
5 11 47 101 115
5 12 15 33 35
5 12 15 34 41
5 12 20 42 93
5 12 20 69 111
5 12 49 64 66
5 12 84 100 103
5 13 14 80 82
5 13 15 37 46
5 13 22 45 49
5 13 47 88 111
5 13 66 120 124
5 16 18 80 86
5 16 94 96 105
5 17 33 101 119
5 18 36 76 80
5 18 51 52 70
5 18 56 80 87
5 18 56 88 92
5 18 67 77 80
5 19 22 39 76
5 19 43 55 59
5 19 48 93 112
5 19 59 72 97
5 19 77 109 110
5 20 21 93 94
5 20 21 111 125
5 20 23 63 127
5 20 25 59 70
5 20 47 59 75
5 20 58 72 76
5 21 26 33 48
5 22 23 51 93
5 22 25 46 67
5 22 25 50 86
5 22 32 41 46
5 22 32 41 68
5 22 32 46 68
5 22 33 46 58
5 22 33 46 72
5 22 33 58 72
5 22 40 47 81
5 22 41 46 68
5 22 46 49 61
5 22 46 58 72
5 22 46 73 81
5 22 59 68 73
5 22 68 121 124
5 22 93 104 114
5 23 30 46 56
5 23 33 46 53
5 24 33 118 119
5 24 67 70 86
5 24 72 126 127
5 25 26 33 38
5 25 49 73 101
5 25 67 68 93
5 26 33 41 88
5 26 33 72 76
5 26 36 47 107
5 26 36 51 97
5 26 38 48 74
5 26 38 77 92
5 28 33 41 69
5 28 66 72 85
5 30 32 41 45
5 32 33 41 53
5 32 41 46 68
5 33 34 85 122
5 33 41 74 82
5 33 41 86 87
5 33 45 70 127
5 33 46 58 72
5 33 46 95 106
5 33 68 103 110
5 34 42 45 47
5 35 48 92 97
5 35 70 72 93
5 36 67 76 97
5 36 69 76 85
5 37 55 58 64
5 37 59 62 79
5 38 53 66 89
5 39 50 64 88
5 40 48 93 103
5 41 79 88 89
5 41 82 114 123
5 41 93 110 127
5 42 48 85 96
5 43 46 69 109
5 43 63 65 99
5 44 45 68 77
5 44 79 93 116
5 45 62 65 93
5 46 48 80 93
5 46 65 119 127
5 47 86 95 120
5 48 73 101 103
5 48 75 79 85
5 50 67 69 101
5 50 89 93 96
5 51 59 81 103
5 51 64 87 121
5 51 69 104 114
5 52 60 71 112
5 54 82 86 119
5 56 74 94 112
5 58 63 111 127
5 68 72 86 120
5 71 88 112 115
6 7 22 74 109
6 7 35 62 89
6 7 52 89 90
6 7 55 107 115
6 7 74 92 97
6 8 10 26 75
6 8 12 18 124
6 8 16 17 36
6 8 35 62 89
6 8 45 60 78
6 8 52 60 64
6 8 67 70 108
6 8 96 112 121
6 9 31 64 68
6 9 33 69 85
6 9 35 62 89
6 9 47 52 101
6 9 55 61 105
6 10 35 62 89
6 10 51 91 101
6 11 18 38 52
6 11 35 62 89
6 11 47 82 86
6 11 47 101 115
6 12 16 54 79
6 12 20 55 101
6 12 22 55 69
6 12 28 52 95
6 12 35 62 89
6 12 35 81 92
6 12 44 45 55
6 12 45 100 119
6 12 47 55 72
6 13 14 36 84
6 13 14 80 82
6 13 15 35 39
6 13 16 36 52
6 13 17 49 78
6 13 22 39 52
6 13 30 34 63
6 13 35 62 89
6 13 40 51 81
6 13 44 45 92
6 13 57 79 87
6 13 57 95 120
6 14 31 37 95
6 14 35 62 89
6 14 52 55 86
6 14 55 94 101
6 14 57 89 113
6 14 72 86 122
6 14 72 97 113
6 14 94 126 127
6 15 16 36 79
6 15 22 33 40
6 15 29 69 81
6 15 29 75 123
6 15 35 49 52
6 15 35 62 89
6 15 38 39 93
6 15 41 81 106
6 15 87 117 119
6 16 35 62 89
6 16 38 105 126
6 16 41 96 108
6 16 55 94 117
6 17 33 101 119
6 17 35 62 89
6 18 27 52 63
6 18 29 44 108
6 18 33 66 86
6 18 35 62 89
6 18 47 49 51
6 18 47 52 110
6 18 51 52 70
6 18 65 76 112
6 18 82 86 88
6 18 85 89 127
6 19 25 63 75
6 19 35 62 89
6 19 52 76 112
6 19 74 94 126
6 19 85 87 95
6 19 88 95 117
6 20 21 93 94
6 20 35 62 89
6 20 39 55 94
6 21 35 62 89
6 21 44 58 114
6 21 52 76 78
6 22 35 62 89
6 22 52 60 78
6 22 52 67 126
6 22 87 108 111
6 23 27 33 78
6 23 35 62 89
6 23 60 86 99
6 24 33 52 104
6 24 35 62 89
6 24 52 89 126
6 24 70 77 83
6 25 35 62 89
6 26 35 62 89
6 27 35 62 89
6 27 55 64 65
6 27 58 64 66
6 28 35 62 89
6 28 58 89 117
6 29 35 62 89
6 29 52 87 123
6 30 35 62 89
6 31 34 52 88
6 31 35 62 89
6 31 37 38 55
6 32 35 62 89
6 32 36 52 88
6 33 35 62 89
6 33 40 88 89
6 33 42 56 124
6 33 43 51 59
6 33 48 56 75
6 33 55 58 92
6 33 57 81 109
6 33 60 98 100
6 33 70 74 117
6 33 71 92 101
6 34 35 62 89
6 34 56 61 87
6 35 36 62 89
6 35 37 62 89
6 35 38 62 89
6 35 39 62 89
6 35 40 62 89
6 35 41 62 89
6 35 42 62 89
6 35 43 62 89
6 35 43 64 66
6 35 43 74 115
6 35 44 62 89
6 35 45 62 89
6 35 45 64 81
6 35 46 62 89
6 35 47 62 89
6 35 48 52 113
6 35 48 62 89
6 35 49 62 89
6 35 50 62 89
6 35 51 62 89
6 35 52 62 89
6 35 53 62 89
6 35 54 62 89
6 35 55 62 89
6 35 56 62 89
6 35 57 62 89
6 35 58 62 89
6 35 59 62 89
6 35 60 62 89
6 35 61 62 89
6 35 62 63 89
6 35 62 64 89
6 35 62 65 89
6 35 62 66 89
6 35 62 67 89
6 35 62 68 89
6 35 62 69 89
6 35 62 70 89
6 35 62 71 89
6 35 62 72 89
6 35 62 73 89
6 35 62 74 89
6 35 62 75 89
6 35 62 76 89
6 35 62 77 89
6 35 62 78 89
6 35 62 79 89
6 35 62 80 89
6 35 62 81 89
6 35 62 82 89
6 35 62 83 89
6 35 62 84 89
6 35 62 85 89
6 35 62 86 89
6 35 62 87 89
6 35 62 88 89
6 35 62 89 90
6 35 62 89 91
6 35 62 89 92
6 35 62 89 93
6 35 62 89 94
6 35 62 89 95
6 35 62 89 96
6 35 62 89 97
6 35 62 89 98
6 35 62 89 99
6 35 62 89 100
6 35 62 89 101
6 35 62 89 102
6 35 62 89 103
6 35 62 89 104
6 35 62 89 105
6 35 62 89 106
6 35 62 89 107
6 35 62 89 108
6 35 62 89 109
6 35 62 89 110
6 35 62 89 111
6 35 62 89 112
6 35 62 89 113
6 35 62 89 114
6 35 62 89 115
6 35 62 89 116
6 35 62 89 117
6 35 62 89 118
6 35 62 89 119
6 35 62 89 120
6 35 62 89 121
6 35 62 89 122
6 35 62 89 123
6 35 62 89 124
6 35 62 89 125
6 35 62 89 126
6 35 62 89 127
6 36 45 46 60
6 37 55 66 96
6 38 48 89 99
6 38 64 96 109
6 40 41 47 73
6 40 47 74 101
6 40 52 64 101
6 41 47 86 101
6 41 54 109 122
6 41 82 114 123
6 43 46 69 109
6 43 47 109 125
6 45 52 57 68
6 45 68 77 86
6 45 75 78 98
6 45 83 104 118
6 46 47 69 125
6 46 64 121 124
6 47 59 83 101
6 47 60 106 125
6 47 94 101 107
6 52 53 54 110
6 52 55 110 114
6 52 60 61 98
6 52 60 69 84
6 52 60 69 88
6 52 60 77 110
6 52 60 84 88
6 52 68 72 74
6 52 69 84 88
6 52 75 91 114
6 52 89 92 93
6 53 82 97 113
6 54 76 77 79
6 55 58 95 117
6 56 74 94 112
6 57 97 101 107
6 58 70 73 101
6 60 69 84 88
6 60 74 77 112
6 60 95 112 126
6 63 72 89 106
6 64 86 87 95
6 68 72 86 120
6 69 72 85 101
7 8 38 56 80
7 8 53 60 92
7 8 72 73 79
7 9 10 60 90
7 9 14 15 61
7 9 15 65 69
7 10 11 106 127
7 10 29 66 95
7 10 50 58 108
7 10 51 68 82
7 10 63 111 118
7 11 31 74 79
7 11 60 78 122
7 12 15 60 92
7 12 20 71 121
7 12 20 94 127
7 12 22 36 71
7 12 30 39 93
7 12 49 54 118
7 13 14 57 77
7 13 14 57 112
7 13 14 77 112
7 13 14 80 82
7 13 23 49 70
7 13 24 41 92
7 13 42 48 70
7 13 48 49 55
7 13 48 49 93
7 13 48 55 93
7 13 49 55 93
7 13 57 77 112
7 14 17 115 120
7 14 21 68 81
7 14 57 77 112
7 15 19 64 69
7 15 23 65 93
7 15 25 35 45
7 15 29 61 117
7 15 32 44 68
7 15 34 41 79
7 15 38 68 81
7 15 43 90 112
7 15 50 83 94
7 15 65 78 90
7 16 19 89 103
7 16 47 59 73
7 16 59 65 90
7 17 22 44 45
7 17 31 43 86
7 17 33 101 119
7 17 51 80 99
7 17 68 82 84
7 17 71 89 101
7 17 74 100 114
7 18 51 52 70
7 18 52 76 90
7 19 27 77 98
7 19 68 122 126
7 20 21 51 101
7 20 21 93 94
7 22 24 25 90
7 22 31 43 122
7 22 36 96 100
7 22 46 96 126
7 22 49 70 73
7 22 72 75 77
7 22 79 90 100
7 23 41 51 86
7 23 70 72 73
7 24 30 39 64
7 24 58 72 92
7 24 63 67 109
7 24 68 80 81
7 24 70 71 114
7 24 70 75 90
7 24 72 79 97
7 24 77 90 116
7 25 56 114 118
7 25 104 105 118
7 27 43 51 58
7 28 36 39 63
7 29 31 60 62
7 30 46 86 87
7 31 48 65 104
7 31 55 113 126
7 32 38 59 99
7 32 40 60 81
7 32 41 86 99
7 32 44 52 60
7 33 43 61 81
7 34 45 91 117
7 34 69 115 127
7 35 45 77 79
7 35 49 64 78
7 36 39 77 93
7 36 50 55 89
7 36 50 55 112
7 36 50 89 112
7 36 52 69 84
7 36 55 89 112
7 36 86 93 127
7 37 45 69 98
7 37 49 64 81
7 37 56 70 109
7 37 90 93 121
7 39 64 90 93
7 39 91 93 106
7 40 48 56 85
7 40 56 90 119
7 41 58 71 89
7 41 70 79 81
7 41 73 84 126
7 41 74 79 97
7 41 82 114 123
7 42 44 45 51
7 42 44 48 49
7 43 46 69 109
7 43 61 90 108
7 44 61 69 117
7 44 63 89 90
7 44 69 90 115
7 46 56 90 123
7 46 78 85 109
7 47 54 59 87
7 47 60 77 79
7 47 80 101 114
7 48 49 55 93
7 48 56 74 79
7 48 63 71 90
7 49 78 88 127
7 49 79 116 121
7 50 55 89 112
7 51 58 61 99
7 52 80 126 127
7 53 64 66 90
7 53 64 81 116
7 56 74 94 112
7 56 76 77 108
7 57 85 88 127
7 63 75 118 125
7 63 78 104 107
7 63 88 113 120
7 64 82 90 105
7 65 69 71 90
7 65 70 90 97
7 65 89 91 95
7 68 72 86 120
7 70 72 77 79
7 70 79 85 115
7 70 81 90 110
7 71 90 105 127
7 71 94 121 127
7 72 77 94 127
7 73 88 89 90
7 77 88 112 126
7 78 94 105 116
7 82 102 117 123
7 86 87 117 120
7 89 101 102 107
7 90 99 104 112
8 9 10 16 29
8 9 10 24 31
8 9 11 33 106
8 9 11 71 75
8 9 25 48 55
8 9 35 110 116
8 9 39 44 53
8 9 71 92 105
8 9 88 89 106
8 10 12 43 91
8 10 13 31 86
8 10 14 89 94
8 10 15 31 46
8 10 16 44 48
8 10 17 92 125
8 10 18 50 82
8 10 20 46 92
8 10 20 76 85
8 10 21 39 75
8 10 22 100 112
8 10 23 87 117
8 10 24 90 106
8 10 28 60 74
8 10 29 32 47
8 10 30 52 119
8 10 36 39 65
8 10 36 110 116
8 10 38 80 96
8 10 47 88 114
8 10 49 73 120
8 10 52 53 116
8 10 56 103 119
8 10 58 78 112
8 10 64 83 120
8 10 74 92 95
8 10 88 107 120
8 10 95 109 124
8 12 13 57 92
8 12 16 29 38
8 12 16 91 117
8 12 19 27 59
8 12 24 92 105
8 12 26 74 91
8 12 28 92 117
8 12 38 59 81
8 12 50 80 88
8 12 52 77 92
8 12 69 82 88
8 13 14 55 91
8 13 14 80 82
8 13 15 35 88
8 13 15 39 53
8 13 22 34 73
8 13 36 41 52
8 13 36 41 57
8 13 36 52 57
8 13 41 52 57
8 13 41 88 94
8 13 57 112 121
8 13 77 96 112
8 14 28 55 117
8 14 43 55 62
8 14 71 76 115
8 15 39 69 92
8 16 19 66 72
8 16 34 78 117
8 16 39 70 116
8 16 41 63 65
8 16 54 80 92
8 16 115 119 127
8 17 28 41 80
8 17 33 101 119
8 17 34 35 56
8 17 35 92 109
8 17 44 72 112
8 18 30 53 88
8 18 41 53 55
8 18 51 52 70
8 19 54 92 113
8 19 90 91 95
8 20 21 93 94
8 20 22 36 40
8 20 23 47 112
8 20 23 47 114
8 20 23 112 114
8 20 24 72 109
8 20 31 46 50
8 20 36 85 99
8 20 36 111 124
8 20 37 46 87
8 20 47 112 114
8 20 76 97 112
8 20 115 118 124
8 21 41 53 86
8 21 56 123 127
8 22 25 42 53
8 22 28 60 117
8 22 28 92 125
8 22 40 62 71
8 22 45 64 71
8 22 53 99 125
8 23 33 46 53
8 23 47 112 114
8 24 27 46 74
8 24 27 76 98
8 24 44 79 122
8 24 55 72 92
8 24 60 76 92
8 24 76 94 122
8 24 77 104 112
8 25 28 49 68
8 25 33 34 42
8 25 50 72 92
8 25 67 116 126
8 26 76 78 80
8 26 90 105 107
8 27 36 57 122
8 27 45 92 117
8 27 47 91 106
8 27 48 71 121
8 28 32 64 88
8 28 53 74 81
8 29 31 48 69
8 29 49 63 70
8 30 68 72 74
8 30 69 123 125
8 32 45 88 97
8 33 59 83 88
8 33 61 99 113
8 34 36 53 73
8 34 41 78 79
8 34 41 78 92
8 34 41 79 92
8 34 42 82 88
8 34 57 73 112
8 34 73 88 92
8 34 78 79 92
8 35 53 75 79
8 36 41 52 57
8 36 48 70 80
8 36 76 84 92
8 39 43 53 65
8 39 43 93 106
8 40 49 60 78
8 40 82 92 112
8 41 53 65 66
8 41 53 85 88
8 41 71 88 89
8 41 78 79 92
8 41 82 114 123
8 41 95 108 112
8 43 46 69 109
8 44 54 77 118
8 44 57 68 96
8 44 76 91 92
8 46 50 98 99
8 47 91 101 114
8 48 91 92 103
8 49 73 92 101
8 50 66 98 120
8 54 60 71 112
8 54 84 95 99
8 56 74 94 112
8 60 82 103 117
8 60 82 103 123
8 60 82 117 123
8 60 103 117 123
8 62 92 101 122
8 64 76 80 92
8 65 92 94 127
8 68 72 86 120
8 68 78 87 92
8 69 72 88 125
8 71 76 91 97
8 73 80 92 109
8 74 80 85 124
8 75 91 100 114
8 82 103 117 123
8 86 96 106 112
8 97 104 109 111
9 10 11 64 118
9 10 16 24 64
9 10 21 37 65
9 10 24 41 105
9 10 27 40 58
9 10 27 47 91
9 10 30 79 93
9 10 31 32 34
9 10 31 32 88
9 10 31 34 88
9 10 31 36 73
9 10 32 34 88
9 10 34 81 107
9 10 39 40 78
9 10 44 45 71
9 10 47 63 101
9 10 69 101 120
9 10 76 80 105
9 11 18 26 117
9 11 21 27 123
9 11 25 88 107
9 11 28 110 115
9 11 44 54 125
9 11 47 54 110
9 11 47 59 91
9 11 47 64 83
9 11 75 88 89
9 12 30 82 109
9 12 52 69 95
9 13 14 33 44
9 13 14 80 82
9 13 32 40 41
9 13 55 64 84
9 13 63 64 65
9 13 69 98 108
9 14 17 31 45
9 14 24 55 92
9 14 29 90 106
9 14 41 71 88
9 14 58 72 89
9 15 35 88 121
9 15 40 45 49
9 15 64 74 116
9 17 24 59 99
9 17 32 33 34
9 17 32 90 96
9 17 33 101 119
9 17 115 119 121
9 18 24 32 40
9 18 39 88 107
9 18 51 52 70
9 18 59 75 110
9 19 69 71 85
9 20 21 93 94
9 20 27 37 44
9 20 37 75 116
9 20 43 66 76
9 21 30 45 73
9 21 31 35 120
9 21 31 110 125
9 21 59 110 114
9 22 30 93 94
9 22 32 79 84
9 22 105 112 126
9 23 24 46 68
9 23 47 101 121
9 24 26 29 97
9 24 27 49 113
9 24 27 55 109
9 24 29 105 109
9 24 63 118 119
9 24 66 70 116
9 24 68 92 109
9 25 28 32 53
9 25 33 49 66
9 25 43 48 49
9 25 63 65 84
9 25 64 67 78
9 26 33 51 56
9 26 34 75 90
9 26 38 67 113
9 27 37 62 101
9 27 44 50 62
9 27 45 92 103
9 27 47 49 100
9 27 47 51 121
9 27 47 64 115
9 27 97 98 99
9 27 97 104 126
9 28 85 109 120
9 29 44 64 111
9 30 34 74 84
9 30 62 85 94
9 31 32 34 88
9 31 33 96 110
9 31 37 62 105
9 31 42 59 95
9 31 44 45 85
9 31 44 46 62
9 31 44 75 79
9 31 45 86 123
9 31 48 83 107
9 31 50 70 105
9 31 53 64 66
9 31 66 69 105
9 32 33 50 89
9 32 34 66 82
9 32 37 69 72
9 32 39 47 66
9 32 44 45 72
9 32 44 46 85
9 33 47 100 119
9 33 51 99 103
9 33 58 70 72
9 34 40 44 45
9 34 41 44 86
9 34 44 69 90
9 34 44 88 111
9 34 49 62 82
9 34 54 72 101
9 37 54 69 104
9 37 56 70 74
9 38 47 63 110
9 40 45 98 99
9 41 52 105 111
9 41 59 75 82
9 41 82 114 123
9 43 46 69 109
9 43 53 55 59
9 44 45 92 104
9 45 59 75 85
9 45 74 88 94
9 45 100 103 119
9 46 59 83 110
9 47 50 60 92
9 47 59 96 110
9 47 60 101 110
9 47 65 85 93
9 47 73 97 107
9 47 81 101 113
9 49 53 69 74
9 49 55 64 81
9 52 78 81 118
9 53 68 81 99
9 56 74 94 112
9 60 71 76 77
9 61 65 84 98
9 62 74 100 121
9 63 69 72 85
9 63 69 72 110
9 63 69 85 110
9 63 72 85 110
9 64 66 88 110
9 64 78 98 105
9 66 120 126 127
9 68 72 86 120
9 69 72 85 110
9 69 76 77 116
9 69 88 90 105
10 11 12 73 95
10 11 14 27 45
10 11 17 71 114
10 11 29 34 83
10 11 30 37 46
10 11 33 47 106
10 11 41 49 97
10 11 44 71 107
10 11 68 82 106
10 11 68 85 119
10 12 20 21 31
10 12 22 78 117
10 12 40 62 92
10 12 55 95 119
10 13 14 80 82
10 13 34 41 57
10 13 37 50 51
10 13 57 78 88
10 15 39 46 50
10 16 17 65 73
10 16 19 38 39
10 16 19 83 92
10 16 36 41 57
10 16 38 64 92
10 16 47 65 119
10 16 49 119 120
10 16 91 112 114
10 17 27 51 83
10 17 33 101 119
10 17 34 72 89
10 17 53 86 95
10 18 26 49 118
10 18 32 89 94
10 18 33 56 74
10 18 51 52 70
10 18 74 95 106
10 18 87 95 112
10 18 91 95 115
10 19 34 73 85
10 19 50 67 114
10 19 66 75 95
10 19 67 74 82
10 19 95 97 102
10 20 21 47 87
10 20 21 93 94
10 20 24 27 109
10 20 36 89 92
10 20 38 59 64
10 21 28 30 32
10 21 28 42 74
10 21 33 43 79
10 21 35 54 79
10 21 41 53 57
10 21 41 65 86
10 21 44 79 108
10 21 72 99 106
10 21 86 112 120
10 22 36 40 85
10 22 64 82 90
10 22 74 79 112
10 23 31 79 80
10 23 46 50 51
10 23 49 70 81
10 24 33 55 72
10 24 65 69 71
10 24 70 72 93
10 25 56 61 84
10 26 29 41 47
10 26 87 95 125
10 27 31 92 126
10 27 37 42 55
10 27 51 60 103
10 27 64 92 95
10 27 95 110 111
10 28 56 62 74
10 29 33 50 56
10 30 31 42 58
10 30 37 62 119
10 30 42 48 69
10 31 32 34 88
10 31 68 72 86
10 31 68 72 120
10 31 68 86 120
10 31 72 86 120
10 32 33 45 92
10 33 46 50 80
10 33 58 72 79
10 33 65 79 85
10 34 35 55 65
10 34 37 71 74
10 34 38 50 64
10 34 45 50 69
10 34 49 73 80
10 37 44 56 57
10 38 40 48 92
10 38 48 75 91
10 39 51 70 98
10 39 64 92 93
10 41 44 57 79
10 41 44 112 120
10 41 56 73 89
10 41 56 86 94
10 41 80 86 127
10 41 82 114 123
10 42 81 91 115
10 43 46 69 109
10 44 62 79 104
10 44 95 110 121
10 44 111 120 122
10 46 50 85 96
10 46 55 58 92
10 46 84 85 88
10 47 50 73 109
10 48 49 88 111
10 49 60 65 112
10 49 103 111 125
10 50 84 96 121
10 51 88 99 106
10 52 88 89 125
10 53 59 110 117
10 55 96 115 116
10 56 74 94 112
10 57 75 112 117
10 58 115 119 126
10 59 94 95 123
10 63 80 82 86
10 64 82 92 125
10 64 89 125 126
10 68 72 86 120
10 68 80 81 82
10 68 80 90 113
10 69 75 91 95
10 69 88 113 115
10 71 77 92 95
10 71 87 103 124
10 72 85 112 125
10 72 120 121 122
10 73 80 117 120
10 74 84 112 114
10 75 95 102 123
11 12 44 46 73
11 13 14 80 82
11 13 44 57 63
11 13 69 87 109
11 14 23 49 119
11 14 31 53 65
11 15 59 64 65
11 16 19 23 75
11 16 22 63 79
11 17 24 27 96
11 17 24 64 119
11 17 33 101 119
11 17 75 92 105
11 18 25 32 38
11 18 26 29 59
11 18 51 52 70
11 18 51 58 104
11 19 27 68 70
11 19 63 75 102
11 20 21 93 94
11 21 27 31 57
11 21 58 82 94
11 22 46 49 79
11 23 41 47 86
11 23 49 69 70
11 23 66 70 86
11 23 68 70 76
11 24 29 50 59
11 24 31 79 123
11 24 32 66 97
11 25 29 63 85
11 26 114 121 123
11 27 45 47 98
11 27 66 105 114
11 28 44 54 111
11 28 54 62 69
11 28 74 99 117
11 28 95 112 117
11 29 31 47 50
11 29 32 59 61
11 29 36 92 94
11 29 44 58 96
11 29 44 72 116
11 29 44 91 111
11 29 45 91 117
11 29 47 67 101
11 29 57 66 79
11 29 76 80 121
11 30 34 99 125
11 30 45 75 102
11 30 54 82 118
11 30 57 59 110
11 31 32 41 68
11 31 38 80 88
11 32 34 47 86
11 32 34 59 125
11 32 43 66 114
11 33 42 47 54
11 33 47 58 72
11 33 47 58 73
11 33 47 72 73
11 33 47 110 116
11 33 50 56 75
11 33 58 72 73
11 34 37 56 61
11 34 49 73 93
11 34 49 73 101
11 34 49 93 101
11 34 62 71 117
11 34 73 93 101
11 34 92 118 126
11 35 45 102 115
11 35 57 69 87
11 35 64 99 117
11 37 74 88 110
11 38 46 47 64
11 41 82 114 123
11 43 46 69 109
11 44 85 98 112
11 44 87 108 111
11 47 50 84 103
11 47 58 72 73
11 47 59 83 109
11 47 74 101 113
11 47 79 80 81
11 48 74 94 99
11 49 73 93 101
11 50 99 104 112
11 51 63 65 75
11 51 93 110 125
11 53 66 85 93
11 56 74 94 112
11 57 86 93 105
11 59 72 79 81
11 59 75 110 122
11 59 84 113 122
11 62 63 76 94
11 63 90 94 112
11 68 72 86 120
11 68 88 89 115
11 69 85 96 102
11 71 102 122 127
11 83 114 123 126
11 109 120 122 123
12 13 14 73 74
12 13 14 80 82
12 13 15 16 69
12 13 18 52 76
12 14 16 92 95
12 14 31 55 102
12 14 65 85 89
12 15 22 23 36
12 15 71 101 127
12 16 22 92 112
12 16 42 81 121
12 16 72 81 109
12 17 33 101 119
12 17 43 108 123
12 18 22 70 99
12 18 22 88 92
12 18 51 52 70
12 19 46 56 69
12 20 21 54 84
12 20 21 93 94
12 20 24 45 92
12 20 35 40 88
12 20 45 77 79
12 20 59 62 110
12 21 22 100 109
12 21 43 51 80
12 22 23 47 92
12 22 32 44 72
12 22 34 48 74
12 22 36 38 80
12 22 40 95 114
12 22 46 68 83
12 22 48 75 116
12 22 59 86 110
12 22 72 85 115
12 23 51 62 119
12 25 48 49 68
12 25 61 92 109
12 25 69 91 96
12 26 80 96 100
12 27 69 76 97
12 28 53 69 92
12 29 31 36 76
12 29 34 53 75
12 29 85 93 94
12 29 90 105 106
12 30 94 105 109
12 33 40 79 92
12 33 52 56 92
12 34 52 88 125
12 36 60 90 117
12 36 76 77 80
12 36 76 77 82
12 36 76 80 82
12 36 77 80 82
12 37 55 70 93
12 38 40 48 64
12 38 50 64 72
12 41 54 75 115
12 41 82 114 123
12 42 53 92 97
12 43 46 69 109
12 45 56 69 91
12 45 69 85 98
12 45 76 92 118
12 47 49 73 101
12 47 59 72 89
12 48 91 95 99
12 55 99 100 117
12 56 74 94 112
12 58 59 92 93
12 63 65 83 119
12 68 72 86 120
12 76 77 80 82
12 91 105 109 112
13 14 15 16 19
13 14 15 57 122
13 14 15 80 82
13 14 16 80 82
13 14 17 80 82
13 14 17 96 107
13 14 18 80 82
13 14 19 52 59
13 14 19 80 82
13 14 20 37 45
13 14 20 80 82
13 14 21 80 82
13 14 22 23 36
13 14 22 65 79
13 14 22 74 112
13 14 22 80 82
13 14 23 80 82
13 14 24 54 57
13 14 24 80 82
13 14 25 37 55
13 14 25 37 66
13 14 25 50 123
13 14 25 55 66
13 14 25 80 82
13 14 26 80 82
13 14 27 80 82
13 14 28 80 82
13 14 29 80 82
13 14 30 39 55
13 14 30 80 82
13 14 31 80 82
13 14 32 80 82
13 14 33 80 82
13 14 34 80 82
13 14 35 80 82
13 14 36 80 82
13 14 37 55 66
13 14 37 80 82
13 14 38 80 82
13 14 39 58 72
13 14 39 80 82
13 14 40 80 82
13 14 41 80 82
13 14 41 95 126
13 14 42 80 82
13 14 43 68 97
13 14 43 80 82
13 14 44 80 82
13 14 45 62 93
13 14 45 80 82
13 14 46 80 82
13 14 47 80 82
13 14 48 80 82
13 14 49 80 82
13 14 50 80 82
13 14 51 80 82
13 14 52 80 82
13 14 53 80 82
13 14 53 95 114
13 14 54 80 82
13 14 55 80 82
13 14 55 86 120
13 14 56 61 63
13 14 56 80 82
13 14 57 77 112
13 14 57 80 82
13 14 57 86 94
13 14 57 97 105
13 14 58 80 82
13 14 59 80 82
13 14 60 80 82
13 14 61 72 84
13 14 61 80 82
13 14 62 66 120
13 14 62 80 82
13 14 63 80 82
13 14 64 80 82
13 14 65 80 82
13 14 66 80 82
13 14 67 80 82
13 14 68 72 113
13 14 68 80 82
13 14 69 80 82
13 14 69 83 86
13 14 70 80 82
13 14 71 80 82
13 14 72 80 82
13 14 73 80 82
13 14 74 80 82
13 14 75 80 82
13 14 75 113 115
13 14 76 80 82
13 14 77 80 82
13 14 78 80 82
13 14 79 80 82
13 14 80 81 82
13 14 80 82 83
13 14 80 82 84
13 14 80 82 85
13 14 80 82 86
13 14 80 82 87
13 14 80 82 88
13 14 80 82 89
13 14 80 82 90
13 14 80 82 91
13 14 80 82 92
13 14 80 82 93
13 14 80 82 94
13 14 80 82 95
13 14 80 82 96
13 14 80 82 97
13 14 80 82 98
13 14 80 82 99
13 14 80 82 100
13 14 80 82 101
13 14 80 82 102
13 14 80 82 103
13 14 80 82 104
13 14 80 82 105
13 14 80 82 106
13 14 80 82 107
13 14 80 82 108
13 14 80 82 109
13 14 80 82 110
13 14 80 82 111
13 14 80 82 112
13 14 80 82 113
13 14 80 82 114
13 14 80 82 115
13 14 80 82 116
13 14 80 82 117
13 14 80 82 118
13 14 80 82 119
13 14 80 82 120
13 14 80 82 121
13 14 80 82 122
13 14 80 82 123
13 14 80 82 124
13 14 80 82 125
13 14 80 82 126
13 14 80 82 127
13 14 80 107 122
13 14 82 107 122
13 15 17 58 59
13 15 17 58 82
13 15 17 59 82
13 15 19 94 114
13 15 22 36 57
13 15 23 25 39
13 15 25 34 50
13 15 31 47 87
13 15 34 55 57
13 15 34 55 64
13 15 34 57 64
13 15 39 41 44
13 15 39 43 65
13 15 42 121 126
13 15 47 56 82
13 15 55 57 64
13 15 57 73 82
13 15 58 59 82
13 15 76 88 114
13 16 22 46 73
13 16 22 46 79
13 16 22 73 79
13 16 25 31 33
13 16 46 73 79
13 17 20 77 92
13 17 25 34 74
13 17 33 101 119
13 17 34 65 75
13 17 37 41 62
13 17 39 46 55
13 17 39 115 123
13 17 40 59 79
13 17 49 57 70
13 17 53 94 125
13 17 58 59 82
13 18 30 45 52
13 18 51 52 70
13 19 44 73 93
13 19 64 88 111
13 20 21 93 94
13 20 22 34 40
13 22 34 77 79
13 22 39 59 70
13 22 46 73 79
13 22 52 79 88
13 23 49 68 118
13 24 37 98 121
13 24 60 70 106
13 25 32 59 75
13 25 36 39 69
13 25 37 55 66
13 25 44 57 59
13 25 49 70 110
13 25 55 64 73
13 26 63 107 126
13 26 94 95 99
13 28 29 31 38
13 28 29 55 95
13 28 30 59 122
13 28 38 115 117
13 28 97 109 113
13 29 44 45 46
13 29 90 94 101
13 30 38 55 77
13 30 50 105 113
13 30 57 65 89
13 31 39 69 85
13 31 41 86 120
13 31 53 77 79
13 32 57 70 102
13 33 36 40 56
13 33 39 46 89
13 33 58 66 72
13 33 65 80 95
13 34 38 53 74
13 34 42 57 84
13 34 43 66 94
13 34 55 57 64
13 34 57 98 104
13 36 39 47 51
13 36 41 52 57
13 36 55 62 104
13 36 57 99 112
13 36 59 104 107
13 37 49 57 94
13 37 57 85 104
13 37 82 89 99
13 38 65 66 75
13 39 41 66 120
13 39 55 64 68
13 39 72 81 96
13 39 82 88 99
13 40 78 96 97
13 40 79 94 117
13 41 82 114 123
13 41 86 87 126
13 41 93 94 105
13 43 45 55 59
13 43 46 69 109
13 43 71 97 126
13 44 46 68 125
13 44 47 84 85
13 44 47 84 88
13 44 47 85 88
13 44 66 79 83
13 44 69 90 93
13 44 84 85 88
13 47 84 85 88
13 48 49 55 93
13 48 91 103 119
13 49 75 77 94
13 49 77 92 121
13 51 57 114 121
13 51 104 117 121
13 52 55 64 95
13 52 55 64 123
13 52 55 95 123
13 52 64 95 123
13 55 58 95 115
13 55 59 60 94
13 55 64 78 117
13 55 64 95 123
13 56 74 94 112
13 57 72 115 124
13 57 90 94 127
13 57 94 117 123
13 58 64 101 119
13 59 94 98 120
13 61 63 76 125
13 64 65 83 114
13 68 72 86 120
13 70 71 111 126
13 70 101 107 114
13 72 94 96 115
13 74 101 107 112
13 76 78 96 110
13 80 82 107 122
13 82 114 117 127
14 15 17 43 64
14 15 21 59 75
14 15 22 101 116
14 15 34 41 86
14 15 35 64 78
14 15 38 39 45
14 15 45 55 59
14 15 45 77 104
14 15 48 72 92
14 15 49 51 85
14 15 53 66 127
14 15 58 71 89
14 16 41 56 79
14 17 20 24 25
14 17 22 68 79
14 17 25 34 35
14 17 26 56 58
14 17 26 59 65
14 17 33 101 119
14 17 34 40 72
14 17 39 72 82
14 17 40 49 53
14 17 58 85 110
14 17 68 87 116
14 17 69 77 95
14 17 89 111 115
14 18 51 52 70
14 18 52 64 120
14 19 55 59 116
14 20 21 93 94
14 20 31 55 113
14 20 42 62 104
14 20 60 72 113
14 20 76 92 112
14 21 55 84 90
14 21 78 88 94
14 22 34 36 81
14 22 36 40 53
14 22 46 47 56
14 22 66 113 120
14 22 68 72 81
14 23 27 106 113
14 23 46 88 115
14 23 65 79 86
14 23 68 95 126
14 24 55 72 89
14 24 56 59 109
14 25 34 56 86
14 25 37 55 66
14 25 58 120 121
14 26 31 50 64
14 26 70 75 113
14 27 41 82 86
14 27 55 56 61
14 28 34 43 55
14 28 34 74 117
14 28 34 86 90
14 28 34 88 94
14 28 45 61 98
14 28 47 71 126
14 28 60 97 113
14 29 68 90 95
14 30 55 58 72
14 30 55 60 78
14 30 55 86 94
14 31 84 105 113
14 33 38 58 102
14 33 41 58 72
14 33 46 49 73
14 33 47 49 63
14 33 48 78 97
14 33 65 76 101
14 34 35 57 72
14 34 49 62 68
14 34 49 62 73
14 34 49 68 73
14 34 52 60 107
14 34 53 64 66
14 34 57 117 119
14 34 62 68 73
14 35 44 45 54
14 35 54 72 108
14 35 72 95 115
14 36 49 55 97
14 37 46 87 117
14 38 81 85 115
14 39 61 115 123
14 39 86 88 114
14 40 72 88 113
14 40 78 98 105
14 41 44 72 124
14 41 53 68 72
14 41 54 82 91
14 41 58 113 124
14 41 72 86 94
14 41 79 87 99
14 41 82 114 123
14 41 84 86 88
14 41 95 114 115
14 42 72 100 106
14 43 46 69 109
14 44 45 70 92
14 44 45 70 105
14 44 45 92 105
14 44 58 72 113
14 44 70 92 105
14 45 59 77 112
14 45 66 93 120
14 45 70 92 105
14 45 88 94 98
14 48 62 65 79
14 48 72 109 113
14 48 75 107 121
14 49 62 68 73
14 49 63 69 90
14 49 63 73 93
14 50 83 110 120
14 52 55 72 113
14 52 55 87 119
14 52 68 72 76
14 52 105 107 126
14 53 60 104 107
14 53 64 82 120
14 55 60 68 116
14 55 62 84 119
14 56 74 94 112
14 56 75 88 91
14 57 91 109 113
14 58 69 72 85
14 58 75 95 115
14 58 79 80 81
14 60 72 76 81
14 60 95 105 126
14 63 72 113 115
14 64 94 100 120
14 64 95 115 120
14 65 79 120 123
14 66 72 120 122
14 68 72 86 120
14 68 81 83 87
14 71 102 111 127
14 72 92 115 121
14 73 79 93 101
14 73 80 99 116
14 80 82 107 122
14 83 84 110 114
14 83 86 119 127
15 16 41 81 94
15 16 46 52 81
15 17 33 101 119
15 17 35 47 50
15 17 38 61 95
15 17 58 59 82
15 17 59 99 114
15 18 39 63 65
15 18 51 52 70
15 19 95 99 119
15 20 21 93 94
15 20 22 35 57
15 20 35 40 49
15 20 83 104 121
15 20 93 98 105
15 22 52 86 88
15 22 55 59 74
15 23 26 43 86
15 23 35 40 99
15 23 35 59 103
15 23 36 39 119
15 23 41 73 93
15 23 43 64 93
15 23 48 67 103
15 23 48 67 119
15 23 48 103 119
15 23 49 70 71
15 23 65 75 113
15 23 67 103 119
15 24 50 96 122
15 24 64 72 95
15 24 68 72 81
15 24 70 71 121
15 26 28 41 77
15 26 32 69 118
15 26 35 56 80
15 26 39 44 53
15 26 39 44 56
15 26 39 44 86
15 26 39 53 56
15 26 39 53 86
15 26 39 56 86
15 26 44 53 56
15 26 44 53 86
15 26 44 56 86
15 26 48 112 114
15 26 53 56 86
15 26 64 65 86
15 26 68 81 86
15 27 39 45 59
15 27 39 87 113
15 28 68 117 119
15 30 46 58 101
15 31 41 58 86
15 31 53 87 121
15 31 56 63 87
15 31 57 87 89
15 31 76 77 87
15 31 79 87 123
15 31 87 116 127
15 32 41 63 81
15 33 34 39 86
15 33 61 91 115
15 34 35 88 99
15 34 37 49 73
15 34 44 75 82
15 34 55 57 64
15 34 55 67 88
15 34 66 67 83
15 34 66 119 127
15 34 72 80 97
15 34 84 85 101
15 34 106 115 127
15 35 36 41 45
15 35 37 38 121
15 35 39 79 81
15 35 43 45 123
15 35 45 92 98
15 35 49 59 123
15 35 49 73 78
15 35 52 76 79
15 35 53 111 125
15 35 55 86 93
15 35 59 73 127
15 35 75 117 123
15 38 39 76 77
15 38 44 46 70
15 38 57 99 107
15 39 41 50 55
15 39 41 86 88
15 39 44 53 56
15 39 44 53 86
15 39 44 56 86
15 39 53 56 86
15 39 55 93 94
15 39 72 75 86
15 39 83 86 110
15 39 90 105 121
15 41 53 114 120
15 41 73 115 119
15 41 79 81 86
15 41 82 114 123
15 43 46 69 109
15 43 48 68 94
15 43 49 51 99
15 43 64 69 86
15 43 64 91 123
15 43 81 86 94
15 44 53 56 86
15 44 60 74 91
15 44 61 69 87
15 44 72 89 123
15 46 71 109 127
15 47 48 59 75
15 48 67 103 119
15 49 51 59 106
15 49 85 114 121
15 49 116 121 126
15 50 55 75 123
15 53 72 88 89
15 55 69 110 116
15 55 72 96 123
15 56 74 94 112
15 59 78 91 110
15 59 78 91 116
15 59 78 110 116
15 59 91 110 116
15 64 82 83 120
15 68 72 86 120
15 71 115 121 127
15 72 73 82 94
15 72 73 87 121
15 74 82 117 123
15 75 80 113 115
15 78 91 110 116
15 86 91 101 102
15 97 100 103 105
16 17 19 49 64
16 17 20 90 96
16 17 33 101 119
16 17 35 65 75
16 18 51 52 70
16 18 52 69 76
16 18 80 96 97
16 19 22 81 83
16 19 22 99 103
16 19 27 46 59
16 19 29 75 95
16 19 38 64 83
16 19 50 84 99
16 19 51 61 91
16 19 59 68 70
16 19 98 99 109
16 20 21 93 94
16 20 36 41 52
16 20 37 47 59
16 20 45 49 82
16 20 57 85 96
16 21 22 45 103
16 21 34 41 65
16 21 48 49 88
16 21 77 109 111
16 22 36 61 68
16 22 36 61 69
16 22 36 68 69
16 22 38 79 121
16 22 41 61 126
16 22 42 63 106
16 22 42 83 115
16 22 45 99 125
16 22 46 73 79
16 22 61 68 69
16 22 74 81 89
16 23 34 79 81
16 24 49 59 70
16 24 53 56 85
16 25 26 94 106
16 25 65 68 120
16 27 29 76 88
16 28 49 61 74
16 30 38 46 102
16 30 50 83 101
16 31 33 36 64
16 31 36 51 86
16 31 59 82 107
16 31 96 100 111
16 32 63 66 85
16 32 80 85 126
16 33 70 76 77
16 34 48 75 79
16 36 40 79 88
16 36 41 79 89
16 36 61 68 69
16 38 50 64 84
16 38 50 75 102
16 38 53 66 127
16 38 101 102 116
16 40 41 92 125
16 40 58 64 89
16 41 79 81 120
16 41 82 114 123
16 43 46 69 109
16 44 46 47 51
16 44 48 85 112
16 47 61 88 98
16 47 87 101 113
16 48 73 74 75
16 50 62 79 127
16 50 65 81 96
16 51 65 104 112
16 56 63 65 73
16 56 74 94 112
16 58 66 82 96
16 59 69 70 99
16 62 74 76 78
16 63 69 90 111
16 65 107 112 120
16 68 72 86 120
16 72 73 96 98
16 73 74 101 102
16 76 77 97 98
16 76 77 103 126
16 79 81 117 127
16 80 81 112 120
16 84 85 118 126
16 88 95 113 116
16 94 99 111 125
17 18 22 45 75
17 18 26 64 95
17 18 30 52 65
17 18 33 101 119
17 18 51 52 70
17 19 33 101 119
17 19 48 80 82
17 20 21 93 94
17 20 33 101 119
17 20 35 50 55
17 21 32 108 120
17 21 33 101 119
17 21 58 80 113
17 22 30 36 106
17 22 33 101 119
17 22 44 49 52
17 22 51 73 81
17 22 68 84 100
17 23 31 40 79
17 23 33 101 119
17 23 56 80 103
17 24 29 70 109
17 24 33 101 119
17 24 39 102 111
17 24 55 70 90
17 24 57 96 122
17 25 26 40 78
17 25 32 39 44
17 25 33 101 119
17 25 39 49 107
17 25 49 53 68
17 26 33 80 81
17 26 33 101 119
17 26 48 56 72
17 26 49 56 57
17 26 53 66 88
17 27 33 101 119
17 27 48 107 125
17 27 63 65 81
17 28 31 65 112
17 28 32 107 117
17 28 32 107 127
17 28 32 117 127
17 28 33 101 119
17 28 55 78 107
17 28 59 65 110
17 28 107 117 127
17 29 33 101 119
17 29 41 87 104
17 30 33 101 119
17 30 35 37 57
17 30 76 77 114
17 31 33 101 119
17 31 46 91 102
17 31 65 75 125
17 32 33 101 119
17 32 107 117 127
17 33 34 101 119
17 33 35 101 119
17 33 36 101 119
17 33 37 101 119
17 33 38 101 119
17 33 39 40 100
17 33 39 101 119
17 33 40 101 119
17 33 41 61 86
17 33 41 101 119
17 33 42 101 119
17 33 43 101 119
17 33 44 101 119
17 33 45 101 119
17 33 46 90 114
17 33 46 101 119
17 33 47 101 119
17 33 48 101 119
17 33 49 101 119
17 33 50 101 119
17 33 51 101 119
17 33 52 101 119
17 33 53 101 119
17 33 54 101 119
17 33 55 101 119
17 33 56 101 119
17 33 57 101 119
17 33 58 101 119
17 33 59 101 119
17 33 60 101 119
17 33 61 101 119
17 33 62 101 119
17 33 63 101 119
17 33 64 101 119
17 33 65 101 119
17 33 66 101 119
17 33 67 101 119
17 33 68 101 119
17 33 69 101 119
17 33 70 101 119
17 33 71 101 119
17 33 72 101 119
17 33 73 101 119
17 33 74 101 119
17 33 75 101 119
17 33 76 101 119
17 33 77 101 119
17 33 78 101 119
17 33 79 101 119
17 33 80 101 119
17 33 81 101 119
17 33 82 101 119
17 33 83 101 119
17 33 84 101 119
17 33 85 101 119
17 33 86 101 119
17 33 87 101 119
17 33 88 101 119
17 33 89 101 119
17 33 90 101 119
17 33 91 101 119
17 33 92 101 119
17 33 93 101 119
17 33 94 101 119
17 33 95 101 119
17 33 96 101 119
17 33 97 101 119
17 33 98 101 119
17 33 99 101 119
17 33 100 101 119
17 33 101 102 119
17 33 101 103 119
17 33 101 104 119
17 33 101 105 119
17 33 101 106 119
17 33 101 107 119
17 33 101 108 119
17 33 101 109 119
17 33 101 110 119
17 33 101 111 119
17 33 101 112 119
17 33 101 113 119
17 33 101 114 119
17 33 101 115 119
17 33 101 116 119
17 33 101 117 119
17 33 101 118 119
17 33 101 119 120
17 33 101 119 121
17 33 101 119 122
17 33 101 119 123
17 33 101 119 124
17 33 101 119 125
17 33 101 119 126
17 33 101 119 127
17 34 41 49 68
17 34 47 68 73
17 35 44 123 125
17 35 55 78 117
17 35 64 76 125
17 35 72 81 88
17 35 98 105 120
17 36 43 65 75
17 37 40 62 65
17 37 40 79 81
17 37 59 69 78
17 38 43 49 99
17 40 49 57 64
17 40 57 97 104
17 40 61 72 88
17 40 61 72 115
17 40 61 88 115
17 40 65 97 114
17 40 71 102 127
17 40 72 88 115
17 40 80 87 113
17 41 43 65 88
17 41 49 61 88
17 41 49 70 126
17 41 59 86 97
17 41 82 86 114
17 41 82 86 123
17 41 82 114 123
17 41 86 114 123
17 41 111 122 123
17 42 45 59 60
17 43 46 69 109
17 43 50 56 89
17 44 46 79 81
17 45 54 69 88
17 45 68 72 81
17 46 49 63 106
17 47 49 62 114
17 47 51 64 65
17 48 52 63 125
17 48 56 75 80
17 49 57 85 97
17 49 63 85 111
17 49 64 73 81
17 50 57 84 85
17 50 91 118 125
17 51 79 93 122
17 52 55 95 124
17 56 70 81 107
17 56 74 94 112
17 56 88 97 112
17 57 64 65 86
17 57 64 107 114
17 58 68 72 82
17 58 69 102 107
17 59 65 79 88
17 61 64 65 81
17 61 64 65 83
17 61 64 81 83
17 61 65 81 83
17 61 72 88 115
17 63 88 92 114
17 64 65 81 83
17 65 68 90 96
17 65 75 80 126
17 68 72 86 120
17 79 81 94 114
17 82 86 114 123
17 88 101 114 126
18 19 51 52 70
18 20 21 30 33
18 20 21 93 94
18 20 22 35 74
18 20 36 37 85
18 20 40 62 88
18 20 40 76 94
18 20 51 52 70
18 20 52 74 92
18 20 84 90 119
18 21 26 33 46
18 21 30 65 96
18 21 51 52 70
18 21 55 59 68
18 22 51 52 70
18 23 51 52 70
18 23 67 77 96
18 24 51 52 70
18 24 86 97 110
18 25 26 27 35
18 25 26 87 125
18 25 29 41 70
18 25 29 41 87
18 25 29 70 87
18 25 41 70 87
18 25 45 50 59
18 25 51 52 70
18 25 53 54 119
18 26 27 67 78
18 26 28 45 96
18 26 29 66 95
18 26 30 34 88
18 26 30 82 97
18 26 32 37 74
18 26 33 79 92
18 26 34 93 117
18 26 38 48 86
18 26 51 52 70
18 27 45 59 75
18 27 51 52 70
18 28 30 55 72
18 28 41 66 76
18 28 45 59 125
18 28 49 62 85
18 28 51 52 70
18 28 71 93 117
18 29 41 70 87
18 29 47 59 69
18 29 51 52 70
18 29 52 98 124
18 29 52 110 112
18 30 35 63 65
18 30 35 63 117
18 30 35 65 117
18 30 35 81 100
18 30 51 52 70
18 30 63 65 117
18 30 83 104 107
18 31 32 69 77
18 31 51 52 70
18 32 45 70 73
18 32 51 52 70
18 33 42 54 88
18 33 47 61 74
18 33 48 88 92
18 33 51 52 70
18 33 64 81 88
18 34 51 52 70
18 35 51 52 70
18 35 63 65 117
18 36 51 52 70
18 36 84 107 110
18 37 43 61 119
18 37 51 52 70
18 37 83 107 119
18 38 51 52 70
18 39 51 52 70
18 40 51 52 70
18 40 64 77 92
18 41 51 52 70
18 41 82 114 123
18 42 44 62 74
18 42 45 103 107
18 42 51 52 70
18 43 46 69 109
18 43 51 52 70
18 44 46 92 121
18 44 49 75 110
18 44 51 52 70
18 45 46 59 67
18 45 51 52 70
18 46 51 52 70
18 47 51 52 70
18 48 51 52 70
18 49 51 52 70
18 50 51 52 70
18 50 81 89 94
18 50 84 96 113
18 51 52 53 70
18 51 52 54 70
18 51 52 55 70
18 51 52 56 70
18 51 52 57 70
18 51 52 58 70
18 51 52 59 70
18 51 52 60 70
18 51 52 61 70
18 51 52 62 70
18 51 52 63 70
18 51 52 64 70
18 51 52 65 70
18 51 52 66 70
18 51 52 67 70
18 51 52 68 70
18 51 52 69 70
18 51 52 70 71
18 51 52 70 72
18 51 52 70 73
18 51 52 70 74
18 51 52 70 75
18 51 52 70 76
18 51 52 70 77
18 51 52 70 78
18 51 52 70 79
18 51 52 70 80
18 51 52 70 81
18 51 52 70 82
18 51 52 70 83
18 51 52 70 84
18 51 52 70 85
18 51 52 70 86
18 51 52 70 87
18 51 52 70 88
18 51 52 70 89
18 51 52 70 90
18 51 52 70 91
18 51 52 70 92
18 51 52 70 93
18 51 52 70 94
18 51 52 70 95
18 51 52 70 96
18 51 52 70 97
18 51 52 70 98
18 51 52 70 99
18 51 52 70 100
18 51 52 70 101
18 51 52 70 102
18 51 52 70 103
18 51 52 70 104
18 51 52 70 105
18 51 52 70 106
18 51 52 70 107
18 51 52 70 108
18 51 52 70 109
18 51 52 70 110
18 51 52 70 111
18 51 52 70 112
18 51 52 70 113
18 51 52 70 114
18 51 52 70 115
18 51 52 70 116
18 51 52 70 117
18 51 52 70 118
18 51 52 70 119
18 51 52 70 120
18 51 52 70 121
18 51 52 70 122
18 51 52 70 123
18 51 52 70 124
18 51 52 70 125
18 51 52 70 126
18 51 52 70 127
18 51 52 74 81
18 51 70 74 81
18 51 96 97 104
18 52 55 95 105
18 52 70 74 81
18 52 73 93 110
18 56 74 94 112
18 56 84 85 111
18 58 81 114 115
18 60 76 79 81
18 61 76 87 98
18 61 85 121 124
18 63 72 73 93
18 64 80 88 98
18 65 75 79 119
18 65 91 101 110
18 67 77 81 98
18 67 102 103 108
18 68 72 86 120
18 69 94 107 115
18 72 81 96 114
18 73 74 92 106
19 20 21 93 94
19 20 51 84 121
19 20 76 96 103
19 20 77 92 95
19 22 43 59 70
19 23 44 46 90
19 23 50 79 84
19 23 50 103 113
19 23 74 80 94
19 24 36 84 112
19 24 68 70 86
19 25 48 90 103
19 26 36 48 53
19 26 39 44 45
19 26 45 47 50
19 26 64 87 95
19 26 65 76 89
19 28 29 50 83
19 30 57 63 105
19 30 68 95 120
19 31 46 50 99
19 31 60 71 96
19 31 95 102 107
19 33 56 70 108
19 33 59 67 99
19 34 54 82 122
19 34 68 72 98
19 34 83 120 122
19 34 99 112 114
19 35 50 68 100
19 35 59 95 99
19 36 50 84 95
19 38 46 50 59
19 38 48 112 127
19 38 54 95 113
19 38 54 95 114
19 38 54 113 114
19 38 67 73 116
19 38 95 113 114
19 39 43 59 62
19 39 45 88 93
19 39 54 99 116
19 40 50 72 104
19 40 70 112 125
19 41 79 84 86
19 41 82 114 123
19 41 88 117 125
19 42 64 99 107
19 43 46 69 109
19 43 55 106 117
19 44 59 86 120
19 45 60 68 77
19 45 62 63 65
19 46 50 107 116
19 47 72 96 108
19 47 77 88 101
19 48 70 91 95
19 48 74 77 96
19 48 99 113 114
19 48 102 112 121
19 50 95 104 112
19 53 59 80 86
19 53 66 97 120
19 54 94 105 124
19 54 95 113 114
19 55 87 98 99
19 56 74 94 112
19 58 95 96 108
19 59 63 64 93
19 59 63 65 75
19 59 69 70 109
19 59 81 91 114
19 59 83 86 118
19 59 93 110 114
19 61 64 99 114
19 61 68 106 120
19 61 91 112 114
19 63 75 115 125
19 63 95 102 106
19 64 81 110 125
19 64 85 88 126
19 66 70 91 120
19 66 79 85 95
19 67 72 81 107
19 67 77 91 95
19 68 72 86 120
19 70 72 82 96
19 70 91 93 99
19 71 82 102 107
19 72 88 89 95
19 73 88 89 92
19 74 94 103 109
19 75 91 95 114
19 80 97 108 110
19 81 101 106 117
19 95 99 108 117
19 95 102 114 120
19 95 107 112 121
19 95 114 115 123
19 98 112 113 114
20 21 22 36 85
20 21 22 93 94
20 21 23 93 94
20 21 24 93 94
20 21 25 93 94
20 21 26 93 94
20 21 27 93 94
20 21 28 93 94
20 21 29 37 38
20 21 29 93 94
20 21 30 93 94
20 21 31 93 94
20 21 32 36 76
20 21 32 93 94
20 21 33 93 94
20 21 34 93 94
20 21 35 93 94
20 21 36 93 94
20 21 37 93 94
20 21 38 63 76
20 21 38 93 94
20 21 39 93 94
20 21 40 93 94
20 21 41 93 94
20 21 42 93 94
20 21 43 93 94
20 21 44 93 94
20 21 45 61 98
20 21 45 93 94
20 21 46 93 94
20 21 47 51 84
20 21 47 93 94
20 21 48 93 94
20 21 49 93 94
20 21 50 93 94
20 21 51 93 94
20 21 52 93 94
20 21 53 93 94
20 21 54 93 94
20 21 55 93 94
20 21 56 93 94
20 21 57 69 93
20 21 57 69 94
20 21 57 93 94
20 21 58 93 94
20 21 59 93 94
20 21 60 93 94
20 21 61 93 94
20 21 62 93 94
20 21 63 93 94
20 21 64 93 94
20 21 65 93 94
20 21 66 93 94
20 21 67 93 94
20 21 68 93 94
20 21 69 93 94
20 21 70 93 94
20 21 71 93 94
20 21 72 93 94
20 21 73 93 94
20 21 74 93 94
20 21 75 93 94
20 21 76 93 94
20 21 77 93 94
20 21 78 93 94
20 21 79 93 94
20 21 80 93 94
20 21 81 93 94
20 21 82 93 94
20 21 83 93 94
20 21 84 93 94
20 21 85 93 94
20 21 86 93 94
20 21 87 93 94
20 21 88 93 94
20 21 89 93 94
20 21 90 93 94
20 21 91 93 94
20 21 92 93 94
20 21 93 94 95
20 21 93 94 96
20 21 93 94 97
20 21 93 94 98
20 21 93 94 99
20 21 93 94 100
20 21 93 94 101
20 21 93 94 102
20 21 93 94 103
20 21 93 94 104
20 21 93 94 105
20 21 93 94 106
20 21 93 94 107
20 21 93 94 108
20 21 93 94 109
20 21 93 94 110
20 21 93 94 111
20 21 93 94 112
20 21 93 94 113
20 21 93 94 114
20 21 93 94 115
20 21 93 94 116
20 21 93 94 117
20 21 93 94 118
20 21 93 94 119
20 21 93 94 120
20 21 93 94 121
20 21 93 94 122
20 21 93 94 123
20 21 93 94 124
20 21 93 94 125
20 21 93 94 126
20 21 93 94 127
20 22 25 78 81
20 22 33 39 87
20 22 40 41 73
20 22 40 41 77
20 22 40 41 79
20 22 40 46 62
20 22 40 73 77
20 22 40 73 79
20 22 40 77 79
20 22 41 73 77
20 22 41 73 79
20 22 41 77 79
20 22 45 85 109
20 22 53 76 77
20 22 73 77 79
20 22 83 101 114
20 22 100 103 123
20 23 47 112 114
20 24 55 57 72
20 25 33 40 82
20 25 48 65 81
20 25 48 65 113
20 25 48 81 113
20 25 65 81 113
20 26 48 68 76
20 27 87 117 126
20 29 76 80 112
20 30 37 84 111
20 30 40 85 100
20 31 37 49 70
20 34 36 41 73
20 34 40 41 49
20 36 39 84 94
20 36 46 55 78
20 36 52 77 79
20 37 48 52 73
20 37 62 85 100
20 37 93 98 121
20 38 46 90 113
20 38 76 111 125
20 39 48 93 116
20 39 59 83 120
20 39 79 101 121
20 39 93 96 111
20 40 41 73 77
20 40 41 73 79
20 40 41 77 79
20 40 62 75 101
20 40 73 77 79
20 40 76 82 97
20 41 73 77 79
20 41 82 114 123
20 42 51 59 110
20 43 46 69 109
20 45 62 75 100
20 47 50 52 73
20 47 54 76 121
20 47 69 76 109
20 48 52 81 110
20 48 65 81 113
20 48 76 97 103
20 48 85 94 110
20 48 85 94 111
20 48 85 110 111
20 48 94 110 111
20 48 110 114 118
20 51 105 120 121
20 56 74 94 112
20 57 64 94 112
20 57 69 93 94
20 57 79 80 81
20 58 72 81 111
20 63 64 65 125
20 64 65 106 108
20 68 72 86 120
20 69 72 85 90
20 69 72 85 111
20 69 72 90 111
20 69 85 90 111
20 72 85 90 111
20 72 101 102 121
20 72 103 121 124
20 73 82 101 121
20 76 77 101 109
20 76 93 103 110
20 79 85 101 111
20 85 94 110 111
20 86 89 99 100
20 105 113 116 120
20 106 108 109 116
21 22 32 36 46
21 22 56 79 94
21 22 58 75 80
21 23 84 86 102
21 24 48 52 98
21 24 60 69 100
21 24 61 74 97
21 24 64 66 95
21 25 40 88 93
21 25 48 82 103
21 25 53 65 86
21 26 37 48 67
21 26 41 74 88
21 26 56 80 81
21 26 61 74 81
21 26 80 114 122
21 28 78 117 123
21 29 52 63 110
21 29 83 107 122
21 30 94 95 127
21 31 47 59 77
21 32 33 41 85
21 32 33 42 74
21 32 37 45 100
21 32 43 83 99
21 33 34 73 97
21 33 42 56 100
21 33 44 59 70
21 33 49 73 92
21 33 65 75 126
21 33 81 109 124
21 33 94 105 124
21 34 64 67 73
21 36 46 56 62
21 37 56 74 100
21 37 56 92 97
21 40 52 78 110
21 41 43 53 59
21 41 64 65 95
21 41 82 114 123
21 42 49 63 121
21 42 60 83 103
21 43 46 56 81
21 43 46 69 109
21 43 51 56 61
21 43 51 111 123
21 44 45 111 125
21 44 46 73 116
21 45 95 97 120
21 46 56 93 105
21 47 51 82 83
21 51 60 95 121
21 56 74 94 112
21 57 69 93 94
21 57 75 87 98
21 59 95 114 127
21 66 95 122 125
21 68 72 86 120
21 76 84 115 121
22 23 31 34 49
22 23 35 68 88
22 23 36 57 85
22 23 36 76 103
22 23 50 51 107
22 23 65 72 79
22 24 58 70 123
22 24 59 70 85
22 24 61 68 110
22 25 34 107 115
22 26 29 96 98
22 26 34 56 84
22 26 34 56 97
22 26 34 84 97
22 26 56 84 97
22 27 39 47 101
22 28 33 53 61
22 29 41 76 88
22 30 36 44 57
22 30 37 60 68
22 30 39 40 44
22 30 46 65 106
22 30 49 91 122
22 30 52 74 112
22 31 35 40 41
22 31 35 40 88
22 31 35 41 88
22 31 37 62 67
22 31 40 41 88
22 32 41 46 68
22 33 46 58 72
22 33 51 97 116
22 33 72 89 111
22 34 45 52 79
22 34 56 84 97
22 34 70 73 79
22 35 40 41 88
22 35 56 88 113
22 35 62 78 97
22 36 40 46 88
22 36 41 53 73
22 36 45 54 77
22 36 45 73 79
22 36 46 62 100
22 36 58 82 97
22 36 61 68 69
22 36 61 100 104
22 38 44 45 49
22 38 48 58 120
22 38 48 78 80
22 38 70 110 116
22 40 41 64 78
22 40 41 73 77
22 40 41 73 79
22 40 41 77 79
22 40 42 62 63
22 40 45 62 98
22 40 49 65 69
22 40 58 110 125
22 40 68 81 125
22 40 73 77 79
22 41 49 79 94
22 41 54 62 94
22 41 55 65 74
22 41 70 79 101
22 41 73 77 79
22 41 82 114 123
22 42 45 68 119
22 42 72 85 108
22 43 46 69 109
22 43 55 98 122
22 43 65 116 120
22 43 68 85 90
22 44 45 69 75
22 44 45 70 98
22 44 46 68 106
22 44 46 79 93
22 44 49 106 112
22 44 62 69 87
22 45 66 81 98
22 46 59 86 120
22 46 62 76 92
22 46 75 83 113
22 46 92 105 120
22 46 97 102 116
22 47 60 69 77
22 48 49 73 75
22 48 56 68 80
22 48 78 81 113
22 48 79 94 100
22 49 63 65 79
22 49 65 72 85
22 49 67 103 106
22 49 68 111 116
22 49 79 81 86
22 52 66 78 88
22 52 97 104 109
22 56 58 82 93
22 56 74 94 112
22 58 82 100 114
22 58 82 102 121
22 60 70 73 101
22 62 72 96 106
22 63 70 75 118
22 63 70 97 110
22 68 72 86 120
22 70 77 92 110
22 74 78 79 117
22 75 78 95 116
22 79 88 94 127
22 82 102 104 126
22 85 92 111 121
22 85 92 111 123
22 85 92 121 123
22 85 111 121 123
22 92 111 121 123
22 101 102 108 110
23 24 25 31 70
23 24 61 68 81
23 26 54 67 122
23 27 30 37 64
23 27 37 79 123
23 27 45 61 69
23 27 46 62 68
23 27 75 118 119
23 28 43 66 96
23 28 53 71 89
23 29 36 86 94
23 30 43 89 94
23 30 45 54 119
23 30 61 81 121
23 30 68 88 112
23 31 32 46 61
23 31 39 65 79
23 31 46 79 103
23 31 48 49 70
23 31 63 82 123
23 33 47 61 89
23 33 58 63 72
23 33 95 103 108
23 34 41 79 86
23 34 55 57 74
23 34 67 73 103
23 34 68 70 110
23 34 73 126 127
23 36 72 96 106
23 37 38 46 103
23 37 43 90 111
23 38 54 110 113
23 39 42 75 116
23 39 67 81 103
23 39 67 81 114
23 39 67 103 114
23 39 81 103 114
23 40 58 91 106
23 40 74 97 123
23 41 43 65 81
23 41 63 76 96
23 41 82 114 123
23 42 57 85 103
23 42 61 74 75
23 42 67 94 103
23 42 86 100 103
23 43 46 69 109
23 43 58 75 82
23 44 46 47 73
23 44 46 70 79
23 44 50 57 63
23 44 68 81 115
23 44 89 107 114
23 45 51 73 103
23 45 64 67 103
23 46 48 103 105
23 46 57 68 112
23 47 63 65 99
23 47 106 108 110
23 48 67 103 119
23 49 63 65 72
23 51 99 100 106
23 54 92 93 103
23 55 85 109 124
23 55 86 87 117
23 56 74 94 112
23 61 64 88 117
23 61 68 100 104
23 61 83 94 122
23 61 103 118 122
23 64 73 75 86
23 64 73 103 116
23 67 70 71 103
23 67 81 103 114
23 68 72 86 120
23 68 73 75 121
23 68 75 92 126
23 69 84 124 127
23 71 73 119 121
23 90 91 106 108
24 25 34 56 57
24 25 34 73 76
24 25 34 73 92
24 25 34 73 97
24 25 34 76 92
24 25 34 76 97
24 25 34 92 97
24 25 38 70 96
24 25 45 62 98
24 25 50 104 107
24 25 51 67 70
24 25 56 64 82
24 25 62 85 97
24 25 73 76 92
24 25 73 76 97
24 25 73 92 97
24 25 76 92 97
24 26 34 48 74
24 26 38 48 92
24 26 73 79 97
24 26 85 87 107
24 27 49 64 65
24 28 41 84 106
24 28 122 123 126
24 30 36 57 83
24 30 36 85 99
24 31 65 84 85
24 32 66 70 109
24 33 43 90 98
24 33 61 78 98
24 34 55 72 93
24 34 63 82 118
24 34 73 76 92
24 34 73 76 97
24 34 73 92 97
24 34 76 92 97
24 34 80 81 82
24 34 90 99 125
24 34 96 121 122
24 35 39 86 116
24 40 41 86 108
24 41 74 97 104
24 41 82 114 123
24 42 69 108 122
24 43 46 69 109
24 43 70 96 119
24 44 46 104 125
24 44 58 70 85
24 45 62 67 91
24 45 64 65 75
24 46 78 93 101
24 46 90 106 116
24 47 59 120 126
24 47 61 73 82
24 48 56 77 79
24 48 80 96 122
24 49 56 65 70
24 49 73 101 110
24 50 51 76 102
24 52 65 117 119
24 55 68 72 97
24 55 68 72 113
24 55 68 97 113
24 55 72 75 81
24 55 72 97 113
24 55 72 104 107
24 56 74 94 112
24 56 120 122 127
24 58 68 79 81
24 59 75 97 110
24 59 78 96 99
24 61 81 94 97
24 61 81 114 118
24 64 71 95 110
24 64 108 114 117
24 65 66 80 90
24 66 78 110 112
24 68 72 86 120
24 68 72 97 113
24 68 90 102 110
24 69 70 88 105
24 69 90 97 111
24 70 72 111 115
24 70 96 97 106
24 70 97 104 120
24 71 75 80 110
24 73 76 92 97
24 74 97 98 109
24 75 107 109 119
24 83 90 105 116
25 26 32 54 116
25 26 33 73 88
25 26 34 85 108
25 26 42 48 63
25 26 46 63 110
25 26 47 48 101
25 26 48 85 88
25 26 50 59 99
25 26 54 59 65
25 26 55 97 126
25 27 31 37 46
25 27 31 37 56
25 27 31 46 56
25 27 37 46 56
25 28 32 72 79
25 28 35 117 119
25 28 53 113 114
25 29 30 87 98
25 29 41 70 87
25 29 48 63 124
25 30 41 48 74
25 30 46 74 85
25 30 61 68 74
25 31 37 46 56
25 31 67 69 88
25 33 41 46 82
25 33 44 54 62
25 33 48 84 88
25 33 49 56 107
25 33 49 73 104
25 34 35 64 104
25 34 41 49 53
25 34 45 69 89
25 34 48 85 97
25 34 56 73 84
25 34 57 64 82
25 34 60 68 73
25 34 68 72 93
25 34 68 76 79
25 34 73 76 92
25 34 73 76 97
25 34 73 92 97
25 34 76 92 97
25 34 80 123 126
25 35 63 88 94
25 35 73 106 112
25 37 41 46 87
25 37 50 52 80
25 39 47 73 82
25 39 58 116 120
25 39 61 69 86
25 40 41 51 67
25 40 64 99 112
25 41 46 48 85
25 41 61 82 86
25 41 82 114 123
25 42 65 75 118
25 43 46 69 109
25 44 45 54 67
25 45 48 54 103
25 45 49 53 70
25 45 83 107 126
25 45 92 93 100
25 46 49 63 65
25 48 51 77 91
25 48 63 73 75
25 48 63 73 103
25 48 63 75 103
25 48 65 81 113
25 48 69 73 85
25 48 73 75 103
25 48 76 91 103
25 48 80 94 103
25 48 103 104 126
25 49 73 88 112
25 50 113 122 124
25 54 57 66 119
25 54 72 77 92
25 56 69 95 124
25 56 74 94 112
25 56 87 89 90
25 56 95 102 120
25 58 70 99 111
25 59 60 83 109
25 59 67 79 81
25 60 69 77 98
25 60 70 109 113
25 60 104 105 119
25 61 64 86 93
25 63 73 75 103
25 63 106 109 119
25 64 65 83 88
25 67 73 101 127
25 68 72 86 120
25 69 89 97 111
25 69 93 94 100
25 72 73 92 120
25 72 82 92 97
25 73 76 92 97
25 73 80 89 111
25 74 78 93 110
25 76 93 105 113
25 77 79 92 97
25 77 79 104 126
25 80 96 97 114
25 84 96 107 112
26 27 38 82 83
26 28 33 69 88
26 28 34 55 84
26 28 34 55 117
26 28 34 74 93
26 28 34 75 79
26 28 34 84 117
26 28 48 60 76
26 28 53 86 114
26 28 55 84 117
26 28 74 79 94
26 29 53 59 75
26 30 34 44 55
26 30 38 62 105
26 31 38 55 58
26 31 48 55 103
26 32 33 74 91
26 33 38 74 110
26 33 53 62 64
26 33 58 72 97
26 34 38 74 117
26 34 48 73 112
26 34 55 84 117
26 34 56 84 97
26 34 58 80 98
26 34 64 107 114
26 34 68 74 89
26 34 72 93 110
26 34 93 100 103
26 36 46 82 88
26 37 49 62 104
26 38 44 56 94
26 38 53 66 74
26 38 53 72 105
26 38 67 90 94
26 39 44 53 56
26 39 44 53 86
26 39 44 56 86
26 39 53 56 86
26 40 47 80 101
26 40 49 56 64
26 40 54 80 116
26 40 87 101 126
26 41 82 114 123
26 42 100 116 119
26 43 46 69 109
26 44 49 63 75
26 44 53 56 86
26 44 77 79 96
26 44 107 109 122
26 46 52 59 78
26 46 65 68 100
26 47 75 97 104
26 47 75 97 107
26 47 75 104 107
26 47 97 104 107
26 48 49 80 110
26 48 49 80 114
26 48 49 110 114
26 48 74 76 97
26 48 80 83 91
26 48 80 110 114
26 48 87 103 125
26 48 92 94 104
26 48 96 104 122
26 48 103 120 127
26 49 80 110 114
26 50 81 86 114
26 53 66 85 103
26 54 99 116 126
26 56 58 81 83
26 56 59 60 74
26 56 72 75 80
26 56 74 94 112
26 56 79 80 84
26 56 79 88 127
26 56 80 88 113
26 65 67 104 107
26 68 72 86 120
26 68 75 105 110
26 68 93 103 110
26 73 77 114 123
26 75 97 104 107
27 28 66 95 98
27 29 42 47 87
27 30 37 59 62
27 30 44 46 125
27 30 47 59 111
27 30 61 87 89
27 31 37 46 56
27 31 47 61 90
27 31 48 52 78
27 31 57 84 96
27 31 63 99 110
27 31 86 87 91
27 31 94 102 123
27 32 41 72 79
27 32 43 75 106
27 33 42 119 121
27 34 35 51 84
27 34 47 54 110
27 34 73 77 101
27 35 53 54 85
27 37 44 49 69
27 37 47 73 101
27 37 75 94 102
27 37 102 121 126
27 39 87 111 123
27 41 45 79 97
27 41 78 115 116
27 41 82 114 123
27 43 46 69 109
27 43 53 61 90
27 44 45 47 91
27 44 45 47 92
27 44 45 91 92
27 44 47 84 106
27 44 47 91 92
27 45 47 57 99
27 45 47 59 64
27 45 47 91 92
27 45 59 86 92
27 45 63 85 100
27 45 64 65 102
27 45 80 92 124
27 46 62 89 101
27 46 94 102 112
27 47 48 87 91
27 47 50 84 112
27 47 51 81 94
27 47 56 86 87
27 47 77 101 105
27 47 79 91 93
27 49 53 60 81
27 49 87 104 114
27 53 59 72 79
27 56 74 94 112
27 57 85 87 97
27 57 85 87 111
27 57 85 97 111
27 57 87 97 111
27 61 84 102 114
27 61 90 96 106
27 63 65 68 85
27 64 65 87 99
27 64 79 85 87
27 64 84 87 112
27 64 86 87 127
27 64 87 91 123
27 65 79 102 116
27 68 72 86 120
27 70 71 86 101
27 71 81 89 90
27 77 81 86 114
27 80 95 107 116
27 85 87 97 111
27 91 98 113 116
28 29 44 79 108
28 29 45 53 96
28 29 46 110 116
28 29 49 59 87
28 29 63 111 117
28 29 82 98 109
28 29 97 114 117
28 30 33 55 120
28 30 45 96 100
28 31 32 33 66
28 32 33 117 123
28 32 40 96 101
28 32 44 45 96
28 32 46 74 88
28 32 64 95 110
28 32 85 90 106
28 32 85 111 117
28 32 96 97 117
28 32 107 117 127
28 33 55 106 117
28 33 61 74 120
28 33 69 72 108
28 33 86 91 108
28 34 35 115 117
28 34 55 84 117
28 34 66 67 74
28 34 66 83 89
28 34 82 96 102
28 35 50 64 75
28 35 50 64 78
28 35 50 75 78
28 35 64 75 78
28 41 48 61 74
28 41 75 82 83
28 41 82 110 116
28 41 82 114 123
28 41 97 115 120
28 42 66 74 115
28 43 46 69 109
28 43 66 83 120
28 43 72 114 117
28 44 45 47 60
28 44 56 79 81
28 44 117 123 125
28 45 54 69 74
28 45 71 96 117
28 45 72 86 87
28 45 73 89 96
28 45 85 94 108
28 45 91 103 108
28 46 48 54 57
28 47 53 55 114
28 47 53 55 117
28 47 53 114 117
28 47 55 114 117
28 48 52 80 95
28 49 62 63 75
28 50 64 75 78
28 50 74 76 77
28 50 79 117 123
28 52 89 90 114
28 53 55 114 117
28 53 60 61 74
28 54 73 114 117
28 55 59 89 127
28 55 74 93 109
28 56 59 77 79
28 56 74 94 112
28 57 74 99 112
28 57 90 106 112
28 59 83 117 126
28 59 97 115 123
28 60 64 66 78
28 61 69 72 74
28 62 74 103 127
28 63 65 78 112
28 63 65 93 118
28 63 95 118 119
28 64 83 114 126
28 65 72 117 123
28 66 89 94 95
28 67 79 84 126
28 68 72 86 120
28 69 73 85 88
28 71 76 107 121
28 71 115 117 123
28 74 77 79 84
28 74 78 88 112
28 74 79 93 117
28 77 92 105 109
28 89 116 118 126
28 106 117 123 127
28 109 114 115 117
28 114 117 126 127
29 30 43 79 100
29 32 48 59 108
29 32 51 97 98
29 32 54 59 123
29 32 59 95 120
29 32 82 85 94
29 36 40 62 76
29 36 44 53 67
29 36 53 114 115
29 36 63 80 90
29 37 49 53 83
29 38 82 86 88
29 39 80 92 104
29 40 63 65 79
29 40 75 95 103
29 41 82 114 123
29 43 46 69 109
29 43 71 103 123
29 43 72 82 117
29 44 45 77 117
29 44 46 86 120
29 45 55 93 119
29 45 75 114 123
29 47 50 59 67
29 50 99 107 126
29 51 70 98 124
29 52 69 103 110
29 52 88 101 110
29 53 73 101 104
29 53 85 93 118
29 53 96 121 125
29 56 74 94 112
29 61 69 85 127
29 61 83 87 95
29 63 77 79 125
29 65 69 75 123
29 66 95 98 107
29 68 72 86 120
29 69 85 89 105
29 69 88 113 121
29 70 74 93 109
29 79 85 94 95
30 31 32 44 51
30 31 34 47 73
30 31 37 50 62
30 31 44 89 111
30 31 45 68 103
30 31 71 99 112
30 31 79 93 94
30 33 41 86 89
30 33 42 107 120
30 33 55 66 126
30 33 62 65 88
30 33 62 65 89
30 33 62 88 89
30 33 65 88 89
30 34 37 98 101
30 35 39 65 86
30 35 50 55 84
30 35 50 55 89
30 35 50 84 89
30 35 55 84 89
30 35 59 67 71
30 35 63 65 117
30 35 85 89 111
30 35 88 121 123
30 36 65 123 127
30 36 71 121 127
30 36 99 104 126
30 37 38 48 55
30 37 38 106 125
30 37 45 98 100
30 37 46 72 98
30 37 48 49 95
30 37 56 62 105
30 37 58 93 110
30 37 59 68 74
30 37 71 96 106
30 37 109 118 121
30 39 44 46 116
30 39 58 82 94
30 40 91 101 122
30 41 47 73 121
30 41 65 75 127
30 41 82 114 123
30 42 52 90 97
30 42 55 72 114
30 42 57 61 112
30 42 62 80 119
30 43 46 69 109
30 43 55 62 66
30 43 57 71 89
30 44 45 59 125
30 44 59 77 123
30 44 68 72 125
30 45 49 53 77
30 45 54 61 85
30 45 54 62 70
30 45 62 82 114
30 46 49 114 120
30 46 50 68 99
30 46 58 95 110
30 46 59 110 116
30 46 63 73 76
30 47 48 101 113
30 47 52 60 65
30 47 56 101 117
30 47 57 103 119
30 47 75 101 119
30 48 56 66 95
30 48 57 95 99
30 48 78 88 103
30 48 92 95 120
30 49 65 70 115
30 50 55 70 118
30 50 55 84 89
30 50 60 105 106
30 50 71 93 121
30 50 75 123 127
30 53 65 66 75
30 55 59 60 76
30 55 60 65 126
30 55 81 103 117
30 56 61 69 74
30 56 62 74 119
30 56 74 94 112
30 57 61 68 98
30 57 65 86 99
30 57 75 102 121
30 58 74 80 82
30 61 68 82 90
30 61 86 89 120
30 61 100 104 107
30 62 65 88 89
30 63 84 111 125
30 66 74 97 105
30 68 72 86 120
30 68 72 88 89
30 69 85 89 94
30 69 97 105 109
30 70 73 101 119
30 71 72 83 87
30 71 84 111 121
30 73 88 96 100
30 74 93 94 121
30 76 101 112 113
30 78 79 119 120
30 84 93 110 111
30 85 115 124 127
30 95 103 109 122
31 32 41 50 63
31 32 44 45 71
31 33 41 68 79
31 34 41 83 86
31 34 41 88 110
31 34 44 53 88
31 34 71 72 115
31 34 75 85 88
31 35 40 41 88
31 35 45 69 96
31 35 49 60 78
31 35 84 114 121
31 36 51 62 73
31 37 41 46 113
31 37 46 49 75
31 37 46 70 93
31 37 46 94 110
31 37 54 101 126
31 37 55 61 87
31 38 46 58 86
31 39 58 69 72
31 39 93 107 110
31 40 45 71 126
31 40 65 68 106
31 41 50 80 82
31 41 50 80 95
31 41 50 82 95
31 41 53 80 122
31 41 61 73 81
31 41 65 75 115
31 41 72 84 108
31 41 73 78 85
31 41 73 78 88
31 41 73 85 88
31 41 78 85 88
31 41 80 82 95
31 41 82 114 123
31 42 53 67 125
31 42 97 118 122
31 43 46 69 109
31 43 62 89 126
31 43 87 89 127
31 44 45 47 54
31 44 46 50 79
31 44 46 73 101
31 44 47 73 79
31 44 48 91 93
31 46 54 63 118
31 46 63 90 106
31 46 65 98 106
31 46 68 72 89
31 47 51 73 101
31 47 61 68 106
31 47 63 79 81
31 47 71 82 121
31 47 73 102 103
31 47 79 83 125
31 50 59 84 99
31 50 68 79 84
31 50 80 82 95
31 51 58 65 90
31 54 57 81 116
31 54 73 81 88
31 55 62 72 82
31 56 74 76 77
31 56 74 94 112
31 56 79 84 93
31 58 70 106 120
31 59 71 110 121
31 59 77 79 92
31 61 89 99 123
31 61 101 114 126
31 62 92 93 126
31 62 94 110 114
31 63 65 95 111
31 63 73 92 110
31 63 92 106 112
31 65 75 102 126
31 66 73 101 126
31 68 72 86 120
31 70 71 102 127
31 70 80 81 82
31 73 78 85 88
31 79 81 93 110
31 81 102 121 126
31 85 89 111 126
32 33 34 40 58
32 33 44 61 81
32 33 44 88 108
32 33 45 64 66
32 33 54 61 64
32 33 59 108 127
32 34 41 58 71
32 34 44 46 73
32 34 83 120 126
32 37 46 54 83
32 37 46 56 69
32 39 55 103 117
32 39 74 89 123
32 40 57 85 88
32 41 82 114 123
32 42 50 59 121
32 43 46 69 109
32 44 45 47 64
32 44 45 82 97
32 44 45 86 111
32 44 47 108 111
32 44 60 79 89
32 45 73 76 77
32 46 59 115 123
32 47 86 110 119
32 47 90 101 122
32 47 104 107 126
32 48 85 94 99
32 51 72 93 115
32 55 59 62 98
32 55 81 91 119
32 56 74 94 112
32 59 88 101 116
32 64 66 96 120
32 68 72 86 120
32 69 80 82 93
32 69 85 94 124
32 71 77 115 116
32 74 92 93 95
32 80 82 111 122
32 102 105 119 126
33 34 39 44 58
33 34 40 85 88
33 34 42 74 75
33 34 45 59 127
33 34 59 72 75
33 34 73 77 115
33 35 37 66 103
33 36 59 86 99
33 37 54 106 121
33 38 58 75 82
33 39 40 44 45
33 40 54 56 81
33 40 54 61 106
33 40 68 101 110
33 41 43 80 97
33 41 66 70 111
33 41 82 114 123
33 41 88 89 110
33 42 56 86 87
33 43 46 69 109
33 44 85 89 101
33 45 69 85 96
33 46 78 80 110
33 47 58 72 73
33 50 104 112 121
33 51 63 78 119
33 53 110 114 117
33 54 82 89 99
33 56 57 97 104
33 56 69 92 99
33 56 74 94 112
33 56 80 81 84
33 56 87 89 98
33 56 88 90 107
33 56 101 107 113
33 58 65 72 85
33 58 72 112 125
33 58 82 102 127
33 58 84 112 126
33 59 95 123 125
33 62 65 88 89
33 63 79 80 81
33 67 100 103 115
33 68 72 86 120
33 68 80 118 126
33 70 81 117 123
33 71 81 95 114
33 81 95 112 125
33 88 89 92 126
34 35 39 55 67
34 35 41 84 86
34 35 55 102 115
34 35 56 75 88
34 35 59 61 75
34 35 72 82 126
34 35 73 100 117
34 36 75 80 113
34 37 50 51 104
34 37 65 75 102
34 37 70 77 120
34 37 78 117 122
34 37 97 101 107
34 38 48 78 108
34 38 69 75 114
34 39 41 46 73
34 39 47 61 65
34 39 66 77 95
34 40 45 123 127
34 40 69 88 89
34 41 44 63 81
34 41 44 88 123
34 41 47 70 73
34 41 56 111 123
34 41 58 66 82
34 41 61 79 81
34 41 73 88 116
34 41 73 89 101
34 41 74 87 103
34 41 75 78 123
34 41 78 79 92
34 41 79 93 117
34 42 51 83 91
34 42 51 83 117
34 42 51 91 117
34 42 72 75 93
34 42 83 91 117
34 42 96 114 115
34 43 46 69 109
34 43 49 57 73
34 44 45 71 73
34 44 45 71 83
34 44 45 73 83
34 44 45 77 114
34 44 46 61 81
34 44 49 55 66
34 44 53 111 114
34 44 67 70 73
34 44 69 85 89
34 44 71 73 83
34 44 72 82 111
34 44 72 84 99
34 44 73 85 92
34 44 73 104 120
34 45 51 84 86
34 45 53 69 94
34 45 54 77 98
34 45 55 73 101
34 45 62 69 77
34 45 62 73 85
34 45 71 73 83
34 45 73 77 108
34 45 73 97 122
34 45 76 109 122
34 46 73 107 113
34 47 59 72 114
34 47 100 103 107
34 48 53 73 79
34 49 54 75 83
34 49 62 68 73
34 49 66 77 101
34 49 71 77 105
34 49 73 93 101
34 49 82 84 86
34 50 52 113 120
34 50 73 92 112
34 51 66 115 120
34 51 72 75 110
34 51 83 91 117
34 53 66 107 117
34 53 72 89 93
34 53 74 85 112
34 55 76 80 117
34 56 66 84 90
34 56 74 94 112
34 56 76 78 80
34 56 79 117 123
34 56 80 96 120
34 56 80 113 125
34 57 68 72 85
34 58 60 75 124
34 58 72 73 88
34 58 75 81 82
34 59 63 75 115
34 59 73 75 110
34 60 76 98 103
34 61 68 81 85
34 61 68 120 122
34 61 75 89 101
34 61 81 88 94
34 62 73 101 113
34 62 76 82 97
34 62 76 92 109
34 63 73 75 95
34 66 72 97 109
34 66 87 98 118
34 67 73 84 127
34 67 82 88 93
34 68 72 86 120
34 68 73 80 120
34 70 79 82 85
34 71 73 91 117
34 71 77 79 121
34 71 96 110 121
34 72 80 99 110
34 72 90 106 112
34 72 93 97 113
34 72 93 104 107
34 73 76 92 97
34 73 79 80 81
34 73 101 109 118
34 73 109 111 122
34 74 81 82 83
34 75 77 96 108
34 80 85 122 125
34 81 108 112 114
34 82 99 106 125
34 84 86 88 99
34 84 86 94 114
35 37 39 61 69
35 37 54 88 120
35 38 39 98 121
35 38 54 108 109
35 38 59 68 110
35 38 59 68 116
35 38 59 110 116
35 38 68 110 116
35 39 41 80 86
35 39 43 44 61
35 39 43 44 76
35 39 43 61 76
35 39 44 61 76
35 39 45 51 70
35 39 47 81 99
35 39 59 86 93
35 39 82 89 94
35 40 48 49 88
35 40 52 78 114
35 40 72 85 88
35 41 53 65 88
35 41 62 65 79
35 41 72 73 81
35 41 73 79 88
35 41 82 114 123
35 42 45 47 63
35 42 45 52 107
35 42 55 112 119
35 42 64 87 88
35 42 72 74 112
35 43 44 61 76
35 43 45 59 92
35 43 46 47 81
35 43 46 69 109
35 43 47 75 102
35 44 53 83 84
35 44 55 93 99
35 44 72 75 110
35 45 47 58 95
35 45 49 59 99
35 45 51 62 103
35 45 57 74 85
35 45 59 103 127
35 45 59 109 118
35 45 62 68 100
35 45 80 81 93
35 46 59 76 97
35 46 61 75 113
35 46 90 120 123
35 47 61 75 81
35 47 69 81 85
35 47 73 75 88
35 47 81 88 89
35 48 49 103 115
35 48 58 88 97
35 48 58 88 105
35 48 58 97 105
35 48 65 75 103
35 48 88 97 105
35 49 50 72 84
35 50 55 84 89
35 50 59 89 94
35 50 64 75 78
35 50 69 82 88
35 50 70 91 116
35 50 80 97 101
35 50 94 120 127
35 51 53 56 95
35 51 57 62 75
35 51 86 94 99
35 53 57 66 88
35 53 57 66 89
35 53 57 88 89
35 53 59 114 116
35 53 66 88 89
35 54 78 93 98
35 54 82 93 113
35 55 65 75 117
35 55 66 107 120
35 55 84 91 100
35 56 74 94 112
35 56 78 80 88
35 57 66 88 89
35 57 72 75 111
35 57 79 81 88
35 58 82 100 120
35 58 88 97 105
35 59 63 65 127
35 59 68 110 116
35 59 69 86 88
35 59 80 86 115
35 61 69 81 86
35 62 117 123 126
35 63 64 111 123
35 63 93 103 114
35 65 70 102 106
35 66 72 120 126
35 68 72 86 120
35 68 78 101 126
35 69 76 77 87
35 69 77 92 94
35 73 83 84 89
35 75 80 88 125
35 75 82 93 114
35 75 84 88 89
35 84 89 93 99
35 86 88 89 99
35 86 92 93 110
35 88 89 102 126
36 37 72 97 121
36 39 50 93 94
36 40 48 79 102
36 41 43 86 95
36 41 66 95 103
36 41 82 114 123
36 43 46 69 109
36 44 46 49 52
36 44 47 52 101
36 44 51 64 66
36 44 59 62 84
36 46 47 50 51
36 49 59 72 96
36 49 72 109 120
36 50 55 89 112
36 50 69 76 84
36 52 57 64 68
36 52 80 84 89
36 56 68 87 93
36 56 74 94 112
36 56 80 81 114
36 59 79 86 126
36 59 83 86 120
36 61 105 116 121
36 64 66 84 95
36 68 72 86 120
36 69 84 87 111
36 73 75 110 122
36 76 77 80 82
36 80 82 84 94
36 80 82 123 126
36 80 93 99 110
36 90 93 105 120
37 38 66 110 120
37 38 74 94 121
37 38 74 108 109
37 39 89 96 126
37 40 41 62 104
37 40 62 86 103
37 41 46 56 65
37 41 49 77 104
37 41 52 102 118
37 41 80 82 116
37 41 82 114 123
37 42 47 53 126
37 42 53 55 121
37 42 54 116 125
37 42 58 65 79
37 42 59 80 87
37 42 63 72 111
37 43 46 69 109
37 43 74 117 123
37 44 45 46 54
37 44 45 46 77
37 44 45 54 77
37 44 45 56 69
37 44 46 54 77
37 44 46 56 100
37 44 46 62 93
37 44 46 63 73
37 44 46 63 110
37 44 46 65 114
37 44 46 73 110
37 44 56 58 97
37 44 56 62 79
37 44 63 73 110
37 45 46 54 77
37 45 47 51 54
37 45 47 51 110
37 45 47 54 110
37 45 49 73 77
37 45 49 73 85
37 45 49 77 85
37 45 51 54 110
37 45 54 75 116
37 45 54 101 107
37 45 71 72 92
37 45 73 77 85
37 46 56 61 108
37 46 57 68 105
37 46 63 65 93
37 46 63 73 110
37 46 82 87 95
37 47 51 54 110
37 47 54 73 77
37 47 73 75 112
37 47 88 89 121
37 49 50 89 95
37 49 58 70 126
37 49 73 77 85
37 50 51 116 121
37 50 61 88 89
37 50 84 106 121
37 51 54 121 125
37 54 59 82 107
37 54 69 81 116
37 54 79 81 114
37 54 107 111 116
37 55 58 95 125
37 55 72 82 92
37 56 74 94 112
37 57 79 84 108
37 59 62 83 104
37 59 69 88 121
37 59 75 110 121
37 59 86 94 114
37 59 87 95 115
37 59 99 102 110
37 60 65 75 98
37 61 63 75 89
37 61 73 84 118
37 61 87 100 104
37 63 77 92 121
37 66 87 96 113
37 68 72 86 120
37 69 90 91 121
37 70 77 103 123
37 70 97 108 122
37 71 92 105 121
37 72 93 100 108
37 72 110 111 121
37 77 81 82 98
37 81 112 114 116
37 83 107 108 121
37 98 99 105 121
37 99 109 110 121
38 39 40 98 116
38 39 44 45 53
38 39 44 48 79
38 39 55 58 95
38 39 59 99 110
38 39 66 107 116
38 40 48 80 88
38 40 48 100 103
38 40 51 56 67
38 40 55 101 126
38 41 44 47 73
38 41 48 74 88
38 41 82 114 123
38 42 48 54 80
38 42 48 84 88
38 43 46 69 109
38 44 61 70 81
38 44 68 69 90
38 44 94 111 115
38 45 46 63 93
38 45 51 75 77
38 45 53 73 85
38 45 96 107 110
38 46 50 96 114
38 46 80 88 105
38 47 49 69 73
38 48 56 61 80
38 48 58 80 82
38 48 59 74 80
38 48 64 72 89
38 48 67 80 103
38 48 80 84 89
38 50 64 111 122
38 53 54 66 93
38 53 74 83 86
38 53 80 81 107
38 54 83 99 114
38 54 95 113 114
38 55 80 81 113
38 56 58 85 89
38 56 74 94 112
38 57 72 89 105
38 58 59 77 78
38 58 70 81 110
38 58 79 104 120
38 59 68 110 116
38 59 106 110 113
38 63 93 94 103
38 63 93 94 110
38 63 93 103 110
38 63 94 103 110
38 64 80 82 122
38 64 99 106 116
38 68 72 86 120
38 68 73 101 116
38 70 72 91 95
38 75 94 99 102
38 79 81 116 127
38 82 117 123 126
38 93 94 103 110
39 40 84 88 116
39 41 47 73 89
39 41 48 66 126
39 41 60 69 71
39 41 66 88 114
39 41 68 82 86
39 41 72 80 107
39 41 82 114 123
39 41 102 110 116
39 42 59 115 125
39 43 44 61 76
39 43 45 80 99
39 43 46 69 109
39 43 49 60 63
39 43 50 99 116
39 43 115 121 125
39 44 45 102 112
39 44 47 63 111
39 44 48 59 110
39 44 53 56 86
39 44 58 77 109
39 44 64 71 94
39 44 64 81 95
39 45 59 66 70
39 45 62 109 121
39 45 65 117 121
39 45 88 115 125
39 47 51 70 101
39 48 54 93 97
39 48 72 86 97
39 50 84 85 93
39 52 69 70 116
39 52 69 98 110
39 52 92 93 94
39 53 59 79 110
39 53 73 93 124
39 54 93 116 122
39 55 85 111 117
39 55 89 106 115
39 55 89 106 125
39 55 89 115 125
39 55 106 115 125
39 56 74 94 112
39 56 85 94 99
39 56 106 107 116
39 57 67 111 119
39 58 109 113 122
39 63 69 73 87
39 63 69 73 113
39 63 69 87 113
39 63 73 87 113
39 63 73 90 92
39 63 86 115 119
39 64 65 86 88
39 67 81 103 114
39 68 70 85 116
39 68 72 86 120
39 69 72 73 88
39 69 72 75 102
39 69 73 87 113
39 71 75 85 112
39 71 93 121 123
39 71 96 104 111
39 73 86 115 123
39 78 80 85 86
39 79 102 103 116
39 80 81 92 98
39 80 86 93 113
39 80 105 111 116
39 81 93 105 122
39 81 93 106 116
39 82 86 120 124
39 82 88 106 117
39 82 95 110 125
39 88 98 99 121
39 89 106 115 125
39 90 115 125 127
39 95 109 114 127
39 102 116 121 126
39 104 107 115 125
39 111 120 125 127
40 41 42 109 124
40 41 45 60 73
40 41 58 84 99
40 41 59 65 78
40 41 62 64 86
40 41 62 88 97
40 41 65 79 88
40 41 73 77 79
40 41 73 101 126
40 41 80 82 121
40 41 82 114 123
40 41 86 88 110
40 42 62 68 99
40 43 46 69 109
40 43 62 94 114
40 44 48 49 59
40 45 49 59 115
40 45 56 65 71
40 45 56 77 79
40 45 59 103 123
40 45 62 75 81
40 46 47 73 101
40 47 73 84 88
40 48 56 71 104
40 48 63 75 84
40 48 68 72 80
40 48 80 120 126
40 49 54 59 69
40 49 72 88 93
40 49 73 88 95
40 50 63 91 101
40 51 72 84 85
40 54 56 73 79
40 54 79 97 102
40 54 83 92 93
40 55 72 78 110
40 56 66 80 107
40 56 74 94 112
40 58 66 108 120
40 58 72 93 94
40 61 72 88 115
40 61 95 101 119
40 64 83 90 108
40 64 84 88 93
40 66 71 104 120
40 68 72 86 120
40 70 76 77 99
40 70 76 77 122
40 70 76 99 122
40 70 77 99 122
40 73 75 115 122
40 73 88 89 101
40 76 77 99 122
40 80 82 105 112
40 81 101 102 126
40 82 89 101 115
40 87 88 89 90
40 96 100 123 125
40 97 101 107 126
41 42 52 68 73
41 42 53 79 108
41 42 82 114 123
41 43 46 69 109
41 43 65 123 125
41 43 82 114 123
41 44 46 85 126
41 44 49 57 84
41 44 49 68 72
41 44 57 104 122
41 44 63 73 92
41 44 69 108 111
41 44 82 112 121
41 44 82 114 123
41 45 53 66 82
41 45 58 98 113
41 45 62 69 86
41 45 71 85 88
41 45 82 114 123
41 46 47 73 126
41 46 49 70 77
41 46 49 70 106
41 46 49 77 106
41 46 70 77 106
41 46 80 105 107
41 46 80 105 126
41 46 80 107 126
41 46 82 114 123
41 46 105 107 126
41 47 62 101 102
41 47 72 85 86
41 47 73 101 116
41 47 82 114 123
41 48 49 60 75
41 48 58 104 120
41 48 66 103 127
41 48 77 88 97
41 48 77 91 116
41 48 81 112 114
41 48 82 114 123
41 49 55 70 89
41 49 55 100 113
41 49 56 70 95
41 49 70 73 102
41 49 70 77 106
41 49 79 86 95
41 49 82 114 123
41 50 72 73 86
41 50 77 78 125
41 50 80 82 95
41 50 82 114 123
41 51 82 114 123
41 52 82 114 123
41 53 82 114 123
41 53 86 120 126
41 54 72 73 79
41 54 73 76 99
41 54 82 114 123
41 55 82 114 123
41 55 86 93 101
41 56 74 94 112
41 56 82 114 123
41 57 61 86 91
41 57 82 114 123
41 58 64 86 103
41 58 70 86 107
41 58 73 74 86
41 58 82 114 123
41 58 89 107 112
41 59 82 114 123
41 60 82 114 123
41 61 65 79 86
41 61 82 114 123
41 62 73 75 104
41 62 77 85 111
41 62 82 86 87
41 62 82 114 123
41 63 64 65 79
41 63 64 72 85
41 63 65 73 93
41 63 66 73 88
41 63 82 114 123
41 64 66 89 91
41 64 79 83 88
41 64 82 86 88
41 64 82 114 123
41 64 84 108 119
41 64 97 120 122
41 65 79 94 127
41 65 82 114 123
41 65 86 88 93
41 66 82 114 123
41 67 73 79 107
41 67 79 86 120
41 67 82 114 123
41 68 70 76 104
41 68 72 86 120
41 68 76 78 79
41 68 80 120 126
41 68 82 114 123
41 69 71 73 88
41 69 82 114 123
41 70 82 114 123
41 71 78 88 117
41 71 82 114 123
41 72 82 110 111
41 72 82 114 123
41 72 101 115 119
41 73 78 85 88
41 73 82 114 123
41 73 84 103 116
41 73 86 89 93
41 73 95 120 121
41 74 80 85 120
41 74 82 114 123
41 75 82 114 123
41 76 77 86 112
41 76 82 114 123
41 77 79 81 105
41 77 82 114 123
41 77 100 103 115
41 78 82 114 123
41 78 87 98 119
41 79 82 107 110
41 79 82 114 123
41 79 83 105 113
41 79 86 87 88
41 80 81 114 126
41 80 82 114 123
41 80 83 86 120
41 80 105 107 126
41 81 82 114 123
41 82 83 114 123
41 82 84 114 123
41 82 85 114 123
41 82 86 114 123
41 82 87 114 123
41 82 88 114 123
41 82 89 114 123
41 82 90 114 123
41 82 91 114 123
41 82 92 114 123
41 82 93 114 123
41 82 94 114 123
41 82 95 114 123
41 82 96 114 123
41 82 97 114 123
41 82 98 114 123
41 82 99 114 123
41 82 100 114 123
41 82 101 114 123
41 82 102 114 123
41 82 103 114 123
41 82 104 114 123
41 82 105 114 123
41 82 106 114 123
41 82 107 114 123
41 82 108 114 123
41 82 109 114 123
41 82 110 114 123
41 82 111 114 123
41 82 112 114 123
41 82 113 114 123
41 82 114 115 123
41 82 114 116 123
41 82 114 117 123
41 82 114 118 123
41 82 114 119 123
41 82 114 120 123
41 82 114 121 123
41 82 114 122 123
41 82 114 123 124
41 82 114 123 125
41 82 114 123 126
41 82 114 123 127
41 86 97 118 126
41 116 117 123 127
42 43 46 69 109
42 43 61 79 81
42 43 67 113 122
42 44 45 84 100
42 44 45 98 99
42 44 74 97 120
42 45 48 114 126
42 45 49 62 76
42 45 49 84 124
42 45 50 98 103
42 45 60 80 98
42 45 62 98 110
42 45 90 97 116
42 45 92 93 98
42 45 98 113 122
42 46 63 80 105
42 47 80 91 113
42 48 57 105 112
42 48 60 78 80
42 49 73 77 84
42 49 80 83 116
42 50 71 82 98
42 51 82 84 123
42 51 83 91 117
42 52 60 74 112
42 52 64 86 122
42 53 62 63 121
42 53 66 97 124
42 53 94 99 126
42 54 91 103 127
42 54 93 100 103
42 55 59 110 116
42 55 59 110 121
42 55 59 116 121
42 55 110 116 121
42 56 74 94 112
42 57 85 97 109
42 58 64 75 95
42 58 85 88 94
42 59 63 111 123
42 59 110 116 121
42 60 80 124 126
42 61 64 81 89
42 61 64 81 115
42 61 64 89 115
42 61 81 85 111
42 61 81 89 115
42 61 85 88 109
42 63 75 124 127
42 64 67 92 96
42 64 81 89 115
42 66 79 82 107
42 68 72 86 120
42 70 79 107 110
42 72 82 89 121
42 79 81 97 98
42 88 89 115 121
42 88 100 107 113
43 44 46 69 109
43 45 46 69 109
43 46 47 69 109
43 46 48 69 109
43 46 49 69 109
43 46 50 69 109
43 46 51 69 109
43 46 52 69 109
43 46 53 69 109
43 46 54 69 109
43 46 55 69 109
43 46 56 69 109
43 46 57 69 109
43 46 58 69 109
43 46 59 69 109
43 46 60 69 109
43 46 61 69 109
43 46 62 69 109
43 46 63 69 109
43 46 64 69 109
43 46 65 69 109
43 46 66 69 109
43 46 67 69 109
43 46 68 69 109
43 46 69 70 109
43 46 69 71 109
43 46 69 72 109
43 46 69 73 109
43 46 69 74 109
43 46 69 75 109
43 46 69 76 109
43 46 69 77 109
43 46 69 78 109
43 46 69 79 109
43 46 69 80 109
43 46 69 81 109
43 46 69 82 109
43 46 69 83 109
43 46 69 84 109
43 46 69 85 109
43 46 69 86 109
43 46 69 87 109
43 46 69 88 109
43 46 69 89 109
43 46 69 90 109
43 46 69 91 109
43 46 69 92 109
43 46 69 93 109
43 46 69 94 109
43 46 69 95 109
43 46 69 96 109
43 46 69 97 109
43 46 69 98 109
43 46 69 99 109
43 46 69 100 109
43 46 69 101 109
43 46 69 102 109
43 46 69 103 109
43 46 69 104 109
43 46 69 105 109
43 46 69 106 109
43 46 69 107 109
43 46 69 108 109
43 46 69 109 110
43 46 69 109 111
43 46 69 109 112
43 46 69 109 113
43 46 69 109 114
43 46 69 109 115
43 46 69 109 116
43 46 69 109 117
43 46 69 109 118
43 46 69 109 119
43 46 69 109 120
43 46 69 109 121
43 46 69 109 122
43 46 69 109 123
43 46 69 109 124
43 46 69 109 125
43 46 69 109 126
43 46 69 109 127
43 46 106 112 123
43 47 63 84 111
43 47 66 69 114
43 47 66 69 116
43 47 66 114 116
43 47 69 114 116
43 48 68 74 100
43 48 68 84 88
43 51 56 73 99
43 51 58 64 71
43 51 65 72 81
43 51 70 108 120
43 51 75 77 109
43 51 86 95 103
43 52 53 96 106
43 52 55 95 103
43 52 76 101 110
43 55 59 68 72
43 56 74 94 112
43 57 61 69 123
43 58 95 117 120
43 59 64 103 110
43 59 66 85 94
43 59 73 80 81
43 59 80 88 92
43 59 81 94 123
43 64 66 82 90
43 65 66 76 100
43 65 69 81 86
43 65 83 86 99
43 66 69 114 116
43 66 74 100 120
43 67 79 95 116
43 67 88 116 118
43 68 72 86 120
43 72 75 96 108
43 78 90 95 104
43 79 81 85 93
43 86 103 119 120
44 45 46 53 111
44 45 46 54 77
44 45 46 55 66
44 45 46 59 104
44 45 47 77 103
44 45 47 85 89
44 45 47 85 90
44 45 47 89 90
44 45 47 91 92
44 45 48 84 113
44 45 49 69 70
44 45 49 77 98
44 45 50 63 69
44 45 50 68 84
44 45 50 79 99
44 45 53 54 100
44 45 54 61 86
44 45 54 69 99
44 45 54 73 92
44 45 56 59 78
44 45 57 80 104
44 45 58 69 90
44 45 58 69 91
44 45 58 90 91
44 45 59 69 103
44 45 59 75 77
44 45 59 98 123
44 45 62 84 98
44 45 62 85 100
44 45 63 75 114
44 45 63 111 119
44 45 64 84 85
44 45 64 105 106
44 45 69 72 85
44 45 69 80 107
44 45 69 90 91
44 45 69 105 126
44 45 70 92 105
44 45 71 73 83
44 45 72 79 111
44 45 75 98 103
44 45 77 100 110
44 45 77 100 116
44 45 77 110 116
44 45 77 119 127
44 45 80 82 92
44 45 81 92 98
44 45 82 86 88
44 45 84 95 103
44 45 85 89 90
44 45 100 110 116
44 46 47 61 63
44 46 48 52 70
44 46 50 84 112
44 46 55 63 117
44 46 56 87 98
44 46 62 79 94
44 46 63 73 110
44 46 68 70 110
44 46 72 85 115
44 46 103 109 116
44 47 62 79 92
44 47 69 71 117
44 47 84 85 88
44 47 85 89 90
44 48 54 78 80
44 49 57 60 121
44 49 57 76 112
44 49 60 78 82
44 49 62 78 86
44 49 63 69 77
44 49 63 69 96
44 49 63 77 96
44 49 69 73 85
44 49 69 77 96
44 50 52 84 89
44 50 63 84 99
44 50 72 99 111
44 50 75 85 89
44 50 96 108 111
44 52 55 84 95
44 52 72 76 97
44 52 84 85 96
44 53 56 80 110
44 53 64 66 82
44 53 74 96 112
44 53 107 120 126
44 54 56 61 69
44 54 66 88 108
44 54 100 111 125
44 56 69 74 87
44 56 74 94 112
44 57 63 88 89
44 57 69 80 122
44 57 79 85 124
44 58 62 88 101
44 58 66 108 111
44 58 69 90 91
44 58 70 116 121
44 59 60 78 91
44 59 63 65 84
44 59 63 81 99
44 59 78 107 126
44 61 63 92 119
44 61 63 111 113
44 61 63 111 118
44 61 63 113 118
44 61 68 69 80
44 61 69 72 98
44 61 111 113 118
44 62 69 107 125
44 62 79 101 102
44 62 92 105 118
44 62 92 105 122
44 62 92 118 122
44 62 105 118 122
44 63 69 77 96
44 63 73 93 111
44 63 75 79 81
44 63 91 92 112
44 63 111 113 118
44 63 116 118 119
44 64 65 75 111
44 68 72 86 120
44 68 90 91 110
44 69 70 79 87
44 69 72 109 111
44 69 73 88 92
44 69 73 88 112
44 69 73 92 112
44 69 74 80 99
44 69 77 78 90
44 69 88 92 112
44 69 90 113 127
44 69 104 107 126
44 72 88 115 118
44 72 111 112 115
44 73 77 85 94
44 73 86 87 114
44 73 88 92 112
44 77 100 110 116
44 77 102 109 111
44 77 109 113 122
44 78 86 109 111
44 78 116 121 122
44 85 86 99 120
44 85 93 94 97
44 85 106 111 117
44 85 107 110 111
44 88 101 104 122
44 92 105 118 122
45 46 47 55 59
45 46 47 85 101
45 46 65 81 103
45 46 79 85 99
45 47 49 51 67
45 47 50 73 87
45 47 50 82 91
45 47 51 54 110
45 47 53 73 88
45 47 53 84 100
45 47 54 81 116
45 47 54 87 103
45 47 59 68 94
45 47 61 69 103
45 47 73 82 101
45 47 73 98 106
45 47 77 86 95
45 47 83 97 107
45 47 85 89 90
45 47 114 119 127
45 48 49 70 77
45 48 62 77 103
45 48 62 82 100
45 48 72 77 88
45 48 75 95 109
45 48 78 80 98
45 48 85 103 115
45 48 97 98 113
45 48 98 103 105
45 49 50 79 94
45 49 52 55 117
45 49 56 60 98
45 49 57 77 105
45 49 57 77 112
45 49 57 105 112
45 49 59 65 78
45 49 61 77 81
45 49 62 85 98
45 49 63 75 83
45 49 73 75 104
45 49 73 77 85
45 49 77 105 112
45 49 80 96 116
45 50 54 103 107
45 50 58 69 71
45 50 84 98 100
45 50 87 100 124
45 51 59 77 115
45 51 81 103 106
45 52 54 62 98
45 52 55 59 68
45 52 55 59 95
45 52 55 68 95
45 52 59 68 95
45 53 59 64 99
45 53 59 83 114
45 53 62 71 92
45 53 69 74 79
45 53 70 72 111
45 53 73 77 100
45 53 85 88 98
45 54 56 74 98
45 54 62 69 100
45 54 62 80 106
45 54 63 73 75
45 55 59 67 79
45 55 59 68 95
45 55 59 100 115
45 55 65 69 119
45 55 69 98 117
45 56 64 73 104
45 56 72 74 79
45 56 74 87 90
45 56 74 94 112
45 56 79 81 84
45 57 59 66 115
45 57 61 104 124
45 57 64 73 107
45 57 64 73 120
45 57 64 107 120
45 57 67 96 108
45 57 70 75 100
45 57 70 85 114
45 57 73 107 120
45 57 77 105 112
45 58 60 97 98
45 58 61 62 101
45 58 69 90 91
45 59 62 100 103
45 59 64 95 123
45 59 69 100 106
45 59 70 74 110
45 59 70 81 93
45 59 72 99 103
45 59 72 110 112
45 59 78 79 110
45 59 90 105 125
45 59 97 98 99
45 60 62 92 100
45 61 68 91 107
45 61 93 94 98
45 62 69 107 108
45 62 73 77 88
45 62 73 77 94
45 62 73 88 94
45 62 77 88 94
45 62 91 96 100
45 62 97 100 121
45 63 69 111 112
45 64 65 71 121
45 64 66 71 82
45 64 72 79 97
45 64 73 107 120
45 65 70 75 103
45 65 70 87 94
45 66 75 93 101
45 66 79 92 93
45 66 80 100 111
45 66 88 90 106
45 66 95 107 110
45 68 72 86 120
45 68 85 109 119
45 68 100 103 127
45 68 100 110 119
45 69 70 87 113
45 69 71 85 89
45 69 83 100 120
45 70 74 101 114
45 70 74 101 116
45 70 74 114 116
45 70 101 114 116
45 72 82 111 127
45 72 85 90 96
45 72 97 98 109
45 73 77 88 94
45 73 77 91 103
45 74 85 92 97
45 74 94 99 103
45 74 101 114 116
45 76 98 114 124
45 77 79 92 98
45 77 82 83 120
45 77 100 110 116
45 79 109 120 122
45 82 85 98 105
45 83 85 88 125
45 85 87 90 109
45 85 96 98 100
45 85 106 111 112
45 87 95 98 124
45 89 97 100 105
45 89 97 100 109
45 89 97 105 109
45 89 100 105 109
45 92 93 101 120
45 97 100 105 109
45 97 101 110 124
45 103 109 118 127
46 47 51 63 90
46 47 51 63 119
46 47 51 90 119
46 47 54 94 110
46 47 58 73 84
46 47 63 90 119
46 47 64 69 120
46 47 73 90 106
46 47 80 113 118
46 47 91 110 116
46 48 74 88 100
46 48 78 103 113
46 48 94 110 113
46 48 100 104 126
46 49 70 77 106
46 49 74 106 112
46 49 76 85 106
46 50 51 66 70
46 50 82 84 92
46 50 91 92 127
46 50 93 106 110
46 51 63 90 119
46 51 64 65 121
46 53 57 106 112
46 54 65 106 116
46 55 61 72 119
46 55 79 106 115
46 56 58 80 100
46 56 68 84 90
46 56 74 94 112
46 56 80 105 113
46 58 62 64 87
46 58 83 89 120
46 59 73 75 114
46 62 63 65 94
46 62 63 65 99
46 62 63 94 99
46 62 65 94 99
46 63 65 94 99
46 63 69 85 90
46 63 72 85 88
46 63 78 92 106
46 63 81 106 125
46 63 85 106 111
46 63 93 111 127
46 64 81 93 95
46 65 73 88 106
46 65 79 81 90
46 65 92 106 112
46 66 70 101 120
46 68 72 86 120
46 71 110 119 121
46 77 79 106 112
46 79 81 83 106
46 79 81 109 113
46 80 91 100 104
46 80 105 107 126
46 85 91 94 110
46 88 89 103 121
46 88 104 107 116
46 92 93 105 113
46 93 111 114 116
47 49 51 58 59
47 49 53 54 93
47 49 53 59 75
47 50 59 75 110
47 50 69 96 97
47 51 55 106 117
47 51 63 90 119
47 51 77 101 104
47 53 54 62 69
47 53 55 114 117
47 54 62 110 114
47 54 64 101 110
47 55 69 85 89
47 56 68 87 125
47 56 74 94 112
47 57 61 75 86
47 58 66 69 72
47 58 79 94 101
47 59 62 63 91
47 61 64 87 101
47 61 65 75 98
47 61 73 83 86
47 61 88 119 125
47 61 97 107 110
47 62 86 94 114
47 63 64 69 88
47 63 71 72 73
47 63 71 72 111
47 63 71 73 111
47 63 72 73 111
47 64 65 75 114
47 66 69 114 116
47 66 73 102 120
47 67 68 73 101
47 68 72 86 120
47 69 72 73 85
47 69 72 89 101
47 69 101 113 120
47 70 79 94 110
47 70 90 92 101
47 71 72 73 111
47 71 82 110 120
47 73 77 87 92
47 73 79 101 102
47 73 101 105 122
47 75 97 104 107
47 75 101 102 110
47 81 91 113 118
47 82 108 111 115
47 85 88 89 97
47 87 101 102 107
47 91 93 123 125
47 91 104 112 113
48 49 50 76 106
48 49 52 70 111
48 49 54 76 104
48 49 56 111 115
48 49 60 82 94
48 49 62 112 126
48 49 66 88 119
48 49 69 79 99
48 49 73 91 101
48 49 74 75 102
48 49 74 83 122
48 49 75 89 97
48 49 80 85 125
48 49 80 110 114
48 49 82 107 115
48 51 62 73 101
48 51 67 103 105
48 52 70 97 113
48 52 74 89 106
48 52 74 89 125
48 52 74 106 125
48 52 89 106 125
48 54 60 86 110
48 54 70 74 99
48 55 60 77 99
48 55 65 75 113
48 55 72 74 97
48 55 78 91 113
48 55 96 103 115
48 55 96 106 113
48 56 58 72 82
48 56 74 94 112
48 56 80 122 125
48 57 85 97 125
48 58 70 88 113
48 58 83 88 91
48 58 88 97 105
48 59 64 96 120
48 60 74 77 79
48 63 73 75 103
48 64 65 75 80
48 64 68 107 110
48 64 69 83 120
48 64 107 117 126
48 65 103 113 127
48 66 100 103 107
48 67 80 105 122
48 67 82 100 116
48 67 91 103 106
48 67 96 97 105
48 67 102 105 126
48 67 104 107 121
48 68 72 86 120
48 68 103 113 118
48 69 100 103 127
48 70 94 100 110
48 70 96 107 110
48 71 78 109 122
48 71 100 101 103
48 72 73 88 103
48 73 82 103 110
48 73 90 101 110
48 74 89 106 125
48 74 93 109 110
48 74 94 103 124
48 75 80 102 126
48 75 94 115 127
48 76 80 82 94
48 77 79 99 100
48 78 80 82 97
48 78 97 102 122
48 80 82 112 121
48 80 96 104 113
48 83 97 108 120
48 85 94 110 111
48 88 103 107 110
49 52 55 86 124
49 54 60 65 108
49 54 60 78 86
49 54 76 97 122
49 55 60 65 70
49 55 60 78 117
49 56 74 94 112
49 57 61 83 87
49 57 73 85 88
49 57 77 105 112
49 57 78 105 114
49 58 63 80 96
49 59 69 90 91
49 60 78 96 112
49 60 80 114 126
49 60 80 116 124
49 61 65 70 81
49 61 80 91 100
49 63 66 80 97
49 63 66 80 103
49 63 66 97 103
49 63 69 77 96
49 63 71 72 114
49 63 80 97 103
49 64 83 86 114
49 64 105 108 125
49 65 70 75 102
49 65 71 113 118
49 65 90 102 119
49 66 80 97 103
49 66 100 116 127
49 68 69 81 86
49 68 72 85 90
49 68 72 86 120
49 69 90 118 119
49 70 73 79 81
49 70 75 91 112
49 70 75 91 114
49 70 75 112 114
49 70 77 92 126
49 70 77 101 127
49 70 77 112 116
49 70 80 116 120
49 70 91 112 114
49 73 77 96 101
49 73 81 86 102
49 73 85 96 100
49 73 97 113 122
49 75 91 112 114
49 76 81 110 116
49 80 82 113 117
49 80 85 95 116
49 80 86 98 116
49 80 88 110 116
49 80 102 114 116
49 104 107 113 122
50 51 60 84 115
50 51 89 98 104
50 53 62 92 99
50 54 65 112 114
50 55 88 89 115
50 55 89 98 99
50 56 64 65 120
50 56 74 94 112
50 59 65 123 127
50 63 73 104 122
50 64 81 82 99
50 64 84 88 92
50 65 78 80 126
50 65 79 84 89
50 66 68 70 120
50 66 89 91 101
50 68 72 86 120
50 71 111 123 127
50 73 85 88 89
50 79 93 111 125
50 81 85 89 106
50 82 84 88 99
50 82 84 123 127
50 83 99 107 123
50 86 99 119 123
50 109 117 119 126
51 52 70 74 81
51 54 65 93 116
51 55 59 75 93
51 55 59 107 110
51 56 74 94 112
51 56 80 85 99
51 56 107 116 121
51 59 67 69 104
51 59 69 84 109
51 59 69 85 125
51 60 67 80 82
51 61 67 100 104
51 63 73 84 101
51 63 84 103 126
51 64 84 95 110
51 66 70 100 120
51 68 72 86 120
51 70 86 118 119
51 70 104 110 121
51 71 101 121 123
51 73 88 109 122
51 75 82 121 126
51 77 83 104 107
51 77 101 102 118
51 80 81 95 122
51 85 101 114 121
51 88 103 115 119
52 55 58 89 120
52 55 59 68 95
52 55 64 95 123
52 55 88 124 126
52 56 74 94 112
52 60 69 84 88
52 60 80 92 107
52 60 90 101 110
52 60 99 110 113
52 61 86 90 109
52 61 96 99 112
52 62 99 100 113
52 64 84 100 122
52 65 66 110 121
52 67 74 102 126
52 67 103 114 115
52 68 72 86 120
52 74 82 89 114
52 74 89 106 125
52 77 79 88 89
52 77 101 114 123
52 78 96 104 106
52 78 110 113 118
52 89 104 105 107
52 104 107 110 116
53 54 59 72 89
53 54 60 64 78
53 54 74 98 104
53 54 76 83 107
53 54 81 86 114
53 55 59 85 96
53 56 74 94 112
53 56 80 82 126
53 57 66 88 89
53 57 76 98 116
53 59 75 86 96
53 60 62 76 114
53 62 66 114 120
53 62 76 85 100
53 64 73 88 120
53 64 99 115 117
53 65 68 75 119
53 65 71 75 114
53 65 119 126 127
53 66 72 84 122
53 66 101 110 120
53 68 72 86 120
53 68 72 111 124
53 68 104 107 113
53 68 104 107 114
53 68 104 113 114
53 68 107 113 114
53 70 81 116 123
53 71 91 115 121
53 72 78 98 113
53 80 86 88 126
53 80 90 122 126
53 82 115 119 126
53 104 107 113 114
54 55 72 80 97
54 55 110 114 116
54 56 59 96 108
54 56 74 94 112
54 57 68 87 100
54 57 80 105 120
54 59 77 92 96
54 60 74 109 112
54 61 65 87 98
54 62 83 85 116
54 64 76 77 112
54 64 91 94 116
54 66 67 84 121
54 66 72 113 122
54 66 74 101 116
54 66 81 83 120
54 67 94 103 121
54 68 72 86 120
54 69 106 110 114
54 70 92 93 109
54 71 87 95 115
54 74 83 104 112
54 75 90 106 123
54 75 100 118 122
54 77 83 108 120
54 78 86 119 120
54 79 85 89 106
54 79 95 99 120
54 79 102 110 116
54 80 82 87 95
54 82 86 104 120
54 83 104 114 120
54 85 100 103 123
54 89 99 101 107
54 91 93 110 116
54 94 110 118 124
55 56 74 94 112
55 57 76 104 112
55 58 66 101 120
55 58 68 72 115
55 58 72 91 95
55 58 88 92 104
55 58 111 112 117
55 59 62 88 115
55 59 72 111 117
55 59 74 75 80
55 59 74 78 117
55 59 79 80 93
55 59 89 115 123
55 59 110 116 121
55 61 62 91 117
55 61 77 117 118
55 62 70 77 81
55 62 74 112 117
55 62 82 93 101
55 62 88 101 126
55 62 92 96 105
55 63 65 66 119
55 63 65 77 92
55 64 77 106 121
55 64 105 110 120
55 65 66 102 115
55 66 69 72 73
55 66 78 112 126
55 67 91 113 121
55 67 92 101 113
55 67 107 109 113
55 68 72 86 120
55 68 72 97 113
55 68 72 123 125
55 69 81 88 89
55 71 77 91 117
55 72 74 112 119
55 72 82 115 119
55 72 84 104 117
55 72 85 91 113
55 72 112 115 117
55 73 93 101 122
55 74 82 117 125
55 74 102 116 126
55 77 79 112 115
55 78 94 117 125
55 78 95 114 117
55 80 88 91 113
55 82 91 104 117
55 88 100 103 115
55 89 91 115 117
55 89 94 107 125
55 89 106 115 125
55 89 110 113 116
55 96 97 117 124
56 57 61 75 87
56 57 74 94 112
56 57 79 82 100
56 57 97 111 115
56 58 74 94 112
56 58 93 101 106
56 59 63 65 85
56 59 69 110 116
56 59 74 94 112
56 60 69 87 98
56 60 74 90 116
56 60 74 94 112
56 60 74 115 117
56 61 62 79 84
56 61 68 111 123
56 61 74 94 112
56 61 80 81 91
56 61 100 102 104
56 62 66 74 122
56 62 113 120 122
56 63 74 94 112
56 64 74 94 112
56 64 76 80 122
56 64 80 95 113
56 65 66 75 125
56 65 74 94 112
56 65 75 111 123
56 65 79 81 87
56 66 74 94 112
56 67 74 94 112
56 68 72 86 120
56 68 74 89 94
56 68 74 89 112
56 68 74 94 112
56 68 89 94 112
56 69 74 94 112
56 70 74 94 112
56 71 74 94 112
56 72 74 94 112
56 72 92 111 113
56 73 74 94 112
56 74 75 94 112
56 74 76 94 112
56 74 77 94 112
56 74 78 94 112
56 74 79 94 112
56 74 80 94 112
56 74 81 94 112
56 74 82 94 112
56 74 83 94 112
56 74 84 94 112
56 74 85 88 117
56 74 85 94 112
56 74 86 94 112
56 74 87 94 112
56 74 88 94 112
56 74 89 94 112
56 74 90 94 112
56 74 91 94 112
56 74 92 94 112
56 74 93 94 112
56 74 94 95 112
56 74 94 96 112
56 74 94 97 112
56 74 94 98 112
56 74 94 99 112
56 74 94 100 112
56 74 94 101 112
56 74 94 102 112
56 74 94 103 112
56 74 94 104 112
56 74 94 105 112
56 74 94 106 112
56 74 94 107 112
56 74 94 108 112
56 74 94 109 112
56 74 94 110 112
56 74 94 111 112
56 74 94 112 113
56 74 94 112 114
56 74 94 112 115
56 74 94 112 116
56 74 94 112 117
56 74 94 112 118
56 74 94 112 119
56 74 94 112 120
56 74 94 112 121
56 74 94 112 122
56 74 94 112 123
56 74 94 112 124
56 74 94 112 125
56 74 94 112 126
56 74 94 112 127
56 75 80 84 126
56 75 110 121 125
56 76 77 85 109
56 77 79 86 107
56 77 80 97 111
56 77 80 97 113
56 77 80 97 122
56 77 80 111 113
56 77 80 111 122
56 77 80 113 122
56 77 90 104 105
56 77 94 115 127
56 77 97 111 113
56 77 97 111 122
56 77 97 113 122
56 77 111 113 122
56 78 79 80 82
56 78 80 92 93
56 78 81 111 117
56 79 81 86 120
56 79 86 87 95
56 80 87 113 118
56 80 97 111 113
56 80 97 111 122
56 80 97 113 122
56 80 111 113 122
56 88 91 95 110
56 96 111 115 123
56 97 111 113 122
56 98 104 107 112
56 100 113 122 124
56 111 117 126 127
57 58 91 95 120
57 59 99 105 109
57 62 73 77 83
57 63 80 111 122
57 63 87 92 120
57 64 65 81 99
57 64 73 107 120
57 64 80 113 125
57 64 103 111 122
57 68 72 86 120
57 68 83 107 120
57 68 92 93 118
57 69 85 94 99
57 70 80 102 113
57 71 77 82 118
57 71 86 95 117
57 72 85 112 115
57 72 95 115 120
57 72 97 98 104
57 73 82 88 110
57 75 100 108 119
57 76 85 88 97
57 77 90 99 104
57 78 91 99 122
57 79 81 101 102
57 79 92 95 120
57 84 85 88 89
57 84 85 98 126
57 84 116 121 125
57 85 87 97 111
57 90 106 109 122
57 99 104 107 112
57 104 107 122 126
57 111 115 124 127
58 59 66 68 95
58 59 66 91 97
58 60 63 80 91
58 62 76 80 82
58 63 78 109 115
58 64 88 91 95
58 66 80 95 102
58 66 80 95 109
58 66 80 102 109
58 66 86 120 122
58 66 95 102 109
58 68 72 86 120
58 71 85 106 112
58 72 93 97 98
58 72 111 126 127
58 73 81 113 120
58 75 80 81 92
58 78 95 110 121
58 78 113 116 122
58 80 82 90 99
58 80 95 102 109
58 80 109 118 122
58 82 83 95 105
58 85 88 102 125
58 100 102 125 127
59 60 113 116 124
59 61 68 75 127
59 61 75 81 110
59 62 67 77 94
59 62 73 74 80
59 62 73 74 113
59 62 73 80 113
59 62 74 80 113
59 62 75 106 125
59 62 79 94 110
59 62 83 90 94
59 62 85 93 112
59 62 93 94 99
59 63 111 115 119
59 64 95 110 114
59 65 86 111 127
59 66 68 72 110
59 67 69 74 93
59 68 72 73 122
59 68 72 86 120
59 69 81 106 110
59 72 83 108 127
59 73 74 80 113
59 73 85 101 119
59 74 89 106 110
59 74 89 106 123
59 74 89 110 123
59 74 93 99 110
59 74 106 110 123
59 75 99 110 115
59 75 102 107 127
59 77 98 99 110
59 78 91 110 116
59 79 110 111 125
59 80 109 110 122
59 81 110 114 116
59 83 99 120 121
59 86 110 115 124
59 87 89 114 119
59 88 95 115 123
59 89 106 110 123
59 95 108 110 123
59 99 110 112 116
59 102 110 121 126
60 64 78 86 88
60 68 72 84 96
60 68 72 86 120
60 69 86 98 124
60 70 86 116 126
60 72 78 99 119
60 80 113 115 123
60 82 103 117 123
60 86 93 110 119
61 62 75 81 119
61 63 66 89 114
61 63 70 106 112
61 63 77 79 98
61 63 111 113 118
61 64 65 81 83
61 64 74 87 95
61 64 74 108 120
61 64 81 89 115
61 68 72 86 120
61 68 74 81 103
61 68 79 81 126
61 68 81 114 120
61 68 116 120 127
61 69 81 93 110
61 69 89 90 98
61 70 71 75 81
61 70 81 90 101
61 70 87 90 119
61 70 100 104 106
61 71 72 102 114
61 71 96 118 122
61 75 79 86 120
61 75 81 88 89
61 80 81 126 127
61 81 83 93 95
61 81 87 116 119
61 86 87 112 119
62 63 65 94 99
62 64 95 104 105
62 64 95 104 125
62 64 95 105 125
62 64 104 105 125
62 65 75 83 102
62 65 81 100 127
62 65 93 94 106
62 66 69 99 108
62 66 74 113 120
62 68 72 86 120
62 68 101 113 119
62 69 83 104 107
62 70 90 101 119
62 71 75 88 109
62 72 73 100 101
62 72 94 98 101
62 73 74 80 113
62 73 77 88 94
62 74 83 93 110
62 76 77 109 121
62 80 84 95 100
62 80 84 95 115
62 80 84 100 115
62 80 95 100 115
62 80 100 122 124
62 81 94 105 117
62 82 123 124 127
62 84 95 100 115
62 85 113 122 125
62 86 94 119 127
62 92 93 101 118
62 92 105 118 122
62 95 104 105 125
63 64 65 68 81
63 64 90 118 125
63 64 93 106 118
63 65 68 84 99
63 65 73 85 94
63 66 75 95 99
63 66 80 97 103
63 68 72 86 120
63 68 76 116 119
63 69 72 85 110
63 69 73 87 113
63 70 75 77 91
63 71 72 73 111
63 71 111 121 127
63 72 73 75 88
63 73 75 86 120
63 73 76 86 107
63 74 85 94 111
63 75 95 97 108
63 79 81 98 105
63 79 81 114 116
63 79 82 88 126
63 79 111 115 116
63 81 85 87 111
63 85 88 111 115
63 85 89 117 118
63 93 94 103 110
64 65 66 94 114
64 65 66 116 119
64 65 66 121 123
64 65 75 125 126
64 65 79 118 120
64 66 67 91 123
64 66 80 97 108
64 66 80 109 122
64 66 82 95 110
64 66 88 89 90
64 66 103 113 120
64 66 110 114 120
64 66 114 116 118
64 68 72 86 120
64 68 100 102 127
64 69 77 110 120
64 70 85 90 105
64 72 84 88 111
64 72 84 115 120
64 72 97 113 124
64 73 80 105 122
64 74 95 111 117
64 74 107 112 114
64 75 90 112 117
64 77 83 88 120
64 77 91 106 117
64 78 91 103 117
64 80 85 122 124
64 80 95 111 122
64 83 84 99 114
64 83 92 105 118
64 85 88 111 124
64 86 93 110 120
64 86 95 120 127
64 88 91 106 123
64 88 106 116 127
64 95 104 105 125
65 67 75 84 106
65 67 77 100 127
65 67 79 93 110
65 67 83 107 127
65 68 72 86 120
65 68 87 90 124
65 69 73 75 103
65 69 75 76 127
65 75 77 79 110
65 75 79 102 114
65 75 81 93 103
65 75 88 90 95
65 77 79 111 121
65 79 93 94 99
65 79 112 125 127
65 80 86 115 126
65 81 92 110 127
66 67 71 92 105
66 67 91 110 116
66 68 72 86 120
66 68 95 109 119
66 70 80 95 108
66 70 82 91 119
66 70 95 103 120
66 70 95 103 122
66 70 95 120 122
66 70 103 120 122
66 72 110 120 121
66 75 83 107 115
66 75 89 114 116
66 76 80 97 114
66 79 80 113 120
66 80 81 86 120
66 80 95 102 109
66 80 100 103 113
66 82 83 110 120
66 82 95 120 121
66 83 114 116 120
66 85 90 106 111
66 86 87 93 99
66 95 103 120 122
67 68 72 86 120
67 71 89 92 94
67 74 85 89 98
67 80 90 91 95
67 88 89 102 115
67 98 99 110 113
68 69 72 86 120
68 69 73 81 102
68 70 72 86 120
68 70 81 104 122
68 71 72 86 120
68 71 73 75 102
68 71 91 100 103
68 72 73 86 120
68 72 74 86 120
68 72 75 86 120
68 72 76 86 120
68 72 77 86 120
68 72 78 86 120
68 72 79 86 120
68 72 80 86 120
68 72 81 86 120
68 72 81 96 106
68 72 81 111 123
68 72 82 86 120
68 72 83 86 120
68 72 84 86 120
68 72 85 86 120
68 72 86 87 120
68 72 86 88 120
68 72 86 89 120
68 72 86 90 120
68 72 86 91 120
68 72 86 92 120
68 72 86 93 120
68 72 86 94 120
68 72 86 95 120
68 72 86 96 120
68 72 86 97 120
68 72 86 98 120
68 72 86 99 120
68 72 86 100 120
68 72 86 101 120
68 72 86 102 120
68 72 86 103 120
68 72 86 104 120
68 72 86 105 120
68 72 86 106 120
68 72 86 107 120
68 72 86 108 120
68 72 86 109 120
68 72 86 110 120
68 72 86 111 120
68 72 86 112 120
68 72 86 113 120
68 72 86 114 120
68 72 86 115 120
68 72 86 116 120
68 72 86 117 120
68 72 86 118 120
68 72 86 119 120
68 72 86 120 121
68 72 86 120 122
68 72 86 120 123
68 72 86 120 124
68 72 86 120 125
68 72 86 120 126
68 72 86 120 127
68 72 89 109 115
68 72 107 110 113
68 74 83 86 112
68 74 89 94 112
68 77 90 95 117
68 79 81 85 120
68 79 81 122 124
68 81 90 105 123
68 81 93 100 110
68 81 94 95 99
68 83 97 108 122
68 104 107 113 114
68 106 111 112 122
69 70 87 89 116
69 70 91 95 110
69 72 85 90 111
69 72 88 89 122
69 72 100 118 122
69 73 84 90 120
69 73 88 92 112
69 79 80 81 99
69 79 81 123 126
69 79 110 111 117
69 82 107 113 115
69 85 104 107 122
69 95 100 108 126
69 97 109 111 122
70 72 73 90 101
70 72 84 96 111
70 72 86 94 109
70 73 88 115 127
70 73 101 107 116
70 74 98 99 118
70 74 101 114 116
70 75 91 112 114
70 76 77 99 122
70 77 79 94 127
70 77 101 102 112
70 79 81 85 101
70 79 94 101 116
70 81 97 101 107
70 86 107 117 119
70 87 106 112 124
70 95 103 120 122
71 73 82 92 121
71 74 75 93 121
71 74 117 121 126
71 76 87 98 118
71 79 111 121 123
71 80 84 113 123
71 81 87 107 112
71 81 106 121 123
71 87 92 110 121
71 102 121 126 127
71 103 120 123 126
72 73 76 101 111
72 73 78 79 88
72 73 80 81 99
72 73 84 89 125
72 73 85 96 109
72 74 82 113 127
72 74 89 92 96
72 75 80 122 123
72 76 78 111 117
72 76 85 96 111
72 78 80 81 82
72 79 111 115 126
72 80 83 86 97
72 80 83 86 126
72 80 83 97 126
72 80 86 97 126
72 81 88 96 104
72 81 95 96 116
72 82 97 109 122
72 83 86 97 126
72 83 90 115 127
72 85 88 96 106
72 85 88 96 115
72 85 88 106 115
72 85 96 106 115
72 88 96 106 115
72 88 102 108 115
72 89 94 110 115
72 89 110 114 118
72 91 103 115 123
72 92 96 111 115
72 92 108 111 119
72 96 109 113 124
72 97 104 107 113
72 97 110 113 126
72 108 115 119 120
73 74 76 79 112
73 74 105 109 124
73 75 91 92 114
73 76 106 119 127
73 77 78 88 101
73 77 85 88 105
73 77 85 89 91
73 77 85 122 125
73 77 88 100 112
73 78 89 101 117
73 79 80 112 126
73 80 81 105 120
73 82 92 97 120
73 82 108 112 114
73 83 97 101 107
73 83 97 105 122
73 83 104 107 122
73 83 106 114 120
73 84 85 88 125
73 84 85 101 115
73 85 93 114 115
73 85 105 122 124
73 88 108 110 122
73 89 101 104 122
73 91 98 99 112
73 105 113 116 126
73 115 124 126 127
74 77 88 92 96
74 78 97 111 117
74 79 82 89 117
74 79 83 102 113
74 80 81 93 126
74 80 82 85 122
74 80 85 93 112
74 80 88 97 117
74 80 105 117 124
74 80 111 117 122
74 82 89 90 118
74 82 89 95 104
74 82 89 95 124
74 82 89 104 124
74 82 95 104 124
74 83 112 114 120
74 85 88 120 125
74 86 87 117 119
74 86 96 116 118
74 87 94 98 99
74 89 95 104 124
74 89 106 110 123
74 91 102 111 122
74 93 107 109 118
75 77 114 115 123
75 80 81 110 114
75 80 81 111 117
75 81 88 95 110
75 113 115 119 123
76 77 79 99 118
76 77 79 119 127
76 77 80 94 112
76 77 88 95 104
76 77 88 97 122
76 77 88 112 118
76 78 80 82 126
76 78 80 88 100
76 80 83 88 120
76 80 88 93 94
76 88 99 108 122
76 98 100 112 120
76 99 102 104 114
76 104 107 112 122
76 114 116 119 127
77 79 81 84 93
77 79 85 92 94
77 79 92 111 123
77 80 85 99 112
77 80 97 111 113
77 80 97 111 122
77 80 97 113 122
77 80 111 113 122
77 82 109 115 123
77 84 85 97 104
77 84 110 114 118
77 85 93 117 119
77 85 95 114 121
77 97 104 107 114
77 97 111 113 122
78 80 91 117 122
78 85 98 106 111
78 86 88 99 120
78 95 114 122 126
78 96 97 111 125
78 101 108 111 125
79 80 81 84 109
79 80 82 86 89
79 80 82 97 122
79 81 90 106 110
79 81 108 111 114
79 83 95 120 123
79 84 90 115 127
79 87 112 121 127
79 88 90 101 125
79 88 112 126 127
79 88 115 120 127
79 101 102 105 122
80 81 93 110 113
80 81 97 98 99
80 81 105 107 116
80 81 110 118 125
80 81 118 122 126
80 82 93 97 108
80 82 94 113 126
80 82 113 123 127
80 82 115 119 127
80 83 86 97 126
80 83 86 98 99
80 83 107 120 126
80 84 95 100 115
80 84 99 110 126
80 85 86 96 98
80 86 107 122 126
80 93 99 113 126
80 94 95 105 127
80 96 101 108 116
80 97 111 113 122
80 101 110 113 116
80 104 105 113 122
80 104 122 124 126
81 82 85 89 107
81 82 85 89 114
81 82 85 107 114
81 82 88 123 127
81 82 89 107 114
81 85 89 107 114
81 94 99 103 116
81 96 97 106 127
82 83 86 99 111
82 83 86 114 120
82 83 87 98 111
82 83 89 100 104
82 83 89 100 107
82 83 89 100 125
82 83 89 104 107
82 83 89 104 125
82 83 89 107 125
82 83 100 104 107
82 83 100 104 125
82 83 100 107 125
82 83 104 107 125
82 85 89 107 114
82 86 97 99 104
82 89 95 104 124
82 89 100 104 107
82 89 100 104 125
82 89 100 107 125
82 89 104 107 125
82 89 117 123 127
82 91 94 95 102
82 100 104 107 125
82 104 107 117 120
83 85 88 95 120
83 85 88 96 98
83 85 99 101 108
83 85 107 123 125
83 89 100 104 107
83 89 100 104 125
83 89 100 107 125
83 89 104 107 125
83 89 106 120 126
83 100 101 103 122
83 100 104 107 125
84 89 97 106 115
84 92 96 102 113
84 97 101 107 109
85 88 93 98 120
85 88 96 97 114
85 88 96 106 115
85 88 106 119 125
85 88 109 122 125
85 89 90 101 111
85 89 97 111 117
85 92 111 121 123
85 97 114 121 122
85 105 108 109 115
85 111 114 115 119
85 112 114 121 127
86 88 89 95 120
87 88 108 112 114
87 95 114 115 124
88 89 99 117 127
88 95 104 118 120
88 108 110 114 116
89 96 104 111 115
89 96 104 111 117
89 96 104 115 117
89 96 111 115 117
89 97 100 105 109
89 100 104 107 125
89 103 104 107 122
89 104 111 115 117
90 95 115 124 127
90 104 107 115 127
91 94 103 111 123
91 100 102 109 113
91 101 105 109 111
91 104 106 107 114
92 93 94 124 126
92 94 105 110 114
92 97 105 109 113
93 98 100 109 122
93 103 109 110 114
94 100 103 110 121
94 100 115 119 120
94 102 105 121 126
94 111 114 117 126
94 115 119 123 127
95 101 107 114 115
95 110 115 120 124
96 104 111 115 117
97 111 114 115 117
99 101 105 113 126
99 107 112 115 123
101 102 109 119 124
101 102 110 111 116
108 111 118 124 125
