8 0 1 4 5 16 17 20 21
16 0 1 4 5 18 22 24 25 34 38 40 41 48 49 52 53
9 0 1 4 5 19 23 28 29 63
13 0 1 4 5 26 35 39 44 45 51 55 60 61
6 0 1 4 5 27 30
5 0 1 4 5 31
8 0 1 4 5 32 33 36 37
5 0 1 4 5 42
6 0 1 4 5 43 46
5 0 1 4 5 47
8 0 1 4 5 50 54 56 57
5 0 1 4 5 58
6 0 1 4 5 59 62
16 0 1 6 10 12 13 16 17 22 26 28 29 36 37 40 41
16 0 1 6 10 12 13 18 30 34 46 48 49 54 58 60 61
8 0 1 6 10 12 13 19 31
10 0 1 6 10 12 13 20 21 24 25
12 0 1 6 10 12 13 23 27 35 47 51 63
12 0 1 6 10 12 13 32 33 38 42 44 45
8 0 1 6 10 12 13 39 43
8 0 1 6 10 12 13 50 62
10 0 1 6 10 12 13 52 53 56 57
8 0 1 6 10 12 13 55 59
9 0 1 7 16 17 23 52 53 63
8 0 1 7 18 34 48 49 55
6 0 1 7 20 21 31
8 0 1 7 22 27 40 41 46
6 0 1 7 24 25 30
5 0 1 7 28 29
6 0 1 7 32 33 39
5 0 1 7 35 51
8 0 1 7 36 37 47 60 61
5 0 1 7 38 43
5 0 1 7 44 45
5 0 1 7 54 59
6 0 1 7 56 57 62
8 0 1 8 9 16 17 24 25
12 0 1 8 9 18 26 34 42 48 49 56 57
6 0 1 8 9 19 27
6 0 1 8 9 20 21
9 0 1 8 9 22 32 33 40 41
7 0 1 8 9 23 30 63
8 0 1 8 9 28 29 60 61
5 0 1 8 9 31
8 0 1 8 9 35 43 51 59
6 0 1 8 9 36 37
5 0 1 8 9 38
6 0 1 8 9 39 46
6 0 1 8 9 44 45
5 0 1 8 9 47
6 0 1 8 9 50 58
6 0 1 8 9 52 53
5 0 1 8 9 54
6 0 1 8 9 55 62
13 0 1 11 15 16 17 27 31 38 56 57 60 61
12 0 1 11 15 18 23 34 39 48 49 59 63
5 0 1 11 15 19
8 0 1 11 15 20 21 26 30
9 0 1 11 15 22 40 41 44 45
8 0 1 11 15 24 25 28 29
8 0 1 11 15 32 33 43 47
6 0 1 11 15 35 51
8 0 1 11 15 36 37 42 46
6 0 1 11 15 50 55
8 0 1 11 15 52 53 58 62
5 0 1 11 15 54
8 0 1 14 16 17 30 44 45
8 0 1 14 18 34 48 49 62
5 0 1 14 20 21
6 0 1 14 22 40 41
5 0 1 14 23 63
5 0 1 14 24 25
6 0 1 14 27 39 50
5 0 1 14 28 29
6 0 1 14 31 35 51
6 0 1 14 32 33 46
5 0 1 14 36 37
5 0 1 14 52 53
5 0 1 14 56 57
5 0 1 14 60 61
6 0 1 16 17 39 54
5 0 1 16 17 42
6 0 1 16 17 43 58
5 0 1 16 17 46
6 0 1 16 17 47 62
5 0 1 16 17 55
5 0 1 16 17 59
10 0 1 18 20 21 34 36 37 48 49
8 0 1 18 27 34 43 48 49
10 0 1 18 28 29 34 44 45 48 49
8 0 1 18 31 34 47 48 49
6 0 1 19 20 21 55
8 0 1 19 22 39 40 41 58
8 0 1 19 24 25 59 60 61
5 0 1 19 26 43
5 0 1 19 30 47
6 0 1 19 36 37 54
6 0 1 19 44 45 62
5 0 1 19 52 53
5 0 1 19 56 57
7 0 1 20 21 27 44 45
6 0 1 20 21 28 29
6 0 1 20 21 32 33
8 0 1 20 21 35 38 51 54
7 0 1 20 21 39 56 57
5 0 1 20 21 46
5 0 1 20 21 47
5 0 1 20 21 50
6 0 1 20 21 52 53
5 0 1 20 21 58
5 0 1 20 21 59
6 0 1 22 30 40 41
6 0 1 22 31 40 41
9 0 1 22 35 40 41 51 56 57
6 0 1 22 40 41 47
6 0 1 22 40 41 50
6 0 1 22 40 41 54
6 0 1 22 40 41 55
6 0 1 22 40 41 59
8 0 1 23 24 25 44 45 63
6 0 1 23 26 46 63
6 0 1 23 31 55 63
7 0 1 23 32 33 54 63
8 0 1 23 36 37 56 57 63
6 0 1 23 38 58 63
5 0 1 23 50 63
5 0 1 24 25 31
6 0 1 24 25 32 33
8 0 1 24 25 35 42 51 58
6 0 1 24 25 36 37
5 0 1 24 25 39
5 0 1 24 25 43
5 0 1 24 25 46
5 0 1 24 25 47
5 0 1 24 25 50
5 0 1 24 25 54
5 0 1 24 25 55
6 0 1 24 25 56 57
5 0 1 24 25 62
5 0 1 26 32 33
5 0 1 26 52 53
5 0 1 27 28 29
6 0 1 27 32 33 58
5 0 1 27 36 37
5 0 1 27 52 53
6 0 1 28 29 32 33
8 0 1 28 29 35 46 51 62
5 0 1 28 29 38
5 0 1 28 29 39
7 0 1 28 29 42 52 53
5 0 1 28 29 43
5 0 1 28 29 47
5 0 1 28 29 50
5 0 1 28 29 54
5 0 1 28 29 55
6 0 1 28 29 56 57
5 0 1 28 29 58
5 0 1 28 29 59
5 0 1 30 32 33
5 0 1 30 35 51
5 0 1 30 36 37
5 0 1 30 43 55
5 0 1 30 52 53
5 0 1 30 56 57
6 0 1 31 32 33 62
5 0 1 31 36 37
5 0 1 31 43 54
5 0 1 31 44 45
5 0 1 31 52 53
8 0 1 32 33 52 53 60 61
5 0 1 32 33 55
6 0 1 32 33 56 57
5 0 1 32 33 59
8 0 1 35 36 37 51 52 53
5 0 1 36 37 43
6 0 1 36 37 44 45
5 0 1 36 37 50
5 0 1 36 37 55
5 0 1 36 37 58
5 0 1 36 37 59
5 0 1 36 37 62
5 0 1 39 52 53
5 0 1 43 44 45
5 0 1 43 52 53
5 0 1 43 56 57
5 0 1 44 45 50
6 0 1 44 45 52 53
5 0 1 44 45 54
6 0 1 44 45 56 57
5 0 1 44 45 58
5 0 1 44 45 59
5 0 1 46 52 53
5 0 1 46 56 57
5 0 1 47 52 53
5 0 1 47 56 57
5 0 1 50 52 53
5 0 1 50 60 61
5 0 1 52 53 59
5 0 1 55 56 57
8 0 2 4 6 16 18 20 22
6 0 2 4 6 17 21
8 0 2 4 6 19 23 51 55
12 0 2 4 6 24 26 40 42 48 50 52 54
9 0 2 4 6 25 32 34 36 38
7 0 2 4 6 27 29 63
6 0 2 4 6 28 30
5 0 2 4 6 31
6 0 2 4 6 33 37
6 0 2 4 6 35 39
5 0 2 4 6 41
6 0 2 4 6 43 45
8 0 2 4 6 44 46 60 62
5 0 2 4 6 47
6 0 2 4 6 49 53
6 0 2 4 6 56 58
5 0 2 4 6 57
6 0 2 4 6 59 61
6 0 2 5 16 18 21
10 0 2 5 19 25 39 40 42 51 57
8 0 2 5 20 22 32 34 37
6 0 2 5 23 24 26
5 0 2 5 27 47
5 0 2 5 28 30
5 0 2 5 35 41
5 0 2 5 36 38
5 0 2 5 44 46
6 0 2 5 45 60 62
6 0 2 5 48 50 53
5 0 2 5 52 54
6 0 2 5 55 56 58
8 0 2 7 15 16 18 23 31
10 0 2 7 15 17 27 37 40 42 45
6 0 2 7 15 19 51
8 0 2 7 15 20 22 28 30
8 0 2 7 15 21 24 26 29
5 0 2 7 15 25
12 0 2 7 15 32 34 39 47 52 54 60 62
6 0 2 7 15 33 43
5 0 2 7 15 35
8 0 2 7 15 36 38 44 46
5 0 2 7 15 41
8 0 2 7 15 48 50 55 63
6 0 2 7 15 49 59
8 0 2 7 15 53 56 58 61
5 0 2 7 15 57
9 0 2 8 10 16 18 24 26 37
8 0 2 8 10 17 20 22 25
12 0 2 8 10 19 27 28 30 51 59 60 62
5 0 2 8 10 21
12 0 2 8 10 23 29 39 45 48 50 56 58
5 0 2 8 10 31
8 0 2 8 10 32 34 40 42
8 0 2 8 10 33 36 38 41
8 0 2 8 10 35 43 44 46
6 0 2 8 10 47 63
8 0 2 8 10 49 52 54 57
5 0 2 8 10 53
6 0 2 8 10 55 61
6 0 2 9 16 18 25
6 0 2 9 19 43 51
5 0 2 9 20 22
5 0 2 9 23 35
8 0 2 9 24 26 32 34 41
6 0 2 9 28 30 63
6 0 2 9 29 60 62
5 0 2 9 36 38
6 0 2 9 40 42 53
5 0 2 9 44 46
6 0 2 9 48 50 57
5 0 2 9 52 54
5 0 2 9 56 58
6 0 2 11 16 18 27
5 0 2 11 17 41
5 0 2 11 19 51
6 0 2 11 20 22 29
5 0 2 11 23 33
5 0 2 11 24 26
5 0 2 11 28 30
6 0 2 11 31 60 62
8 0 2 11 32 34 43 56 58
5 0 2 11 35 63
6 0 2 11 36 38 45
5 0 2 11 40 42
5 0 2 11 44 46
6 0 2 11 48 50 59
6 0 2 11 52 54 61
12 0 2 12 14 16 18 28 30 36 38 40 42
6 0 2 12 14 17 29
8 0 2 12 14 19 31 51 63
8 0 2 12 14 20 22 24 26
6 0 2 12 14 21 25
12 0 2 12 14 23 27 32 34 44 46 53 57
6 0 2 12 14 33 45
6 0 2 12 14 35 47
6 0 2 12 14 37 41
6 0 2 12 14 39 43
8 0 2 12 14 48 50 60 62
6 0 2 12 14 49 61
8 0 2 12 14 52 54 56 58
6 0 2 12 14 55 59
6 0 2 13 16 18 29
6 0 2 13 19 47 51
5 0 2 13 20 22
5 0 2 13 24 26
6 0 2 13 27 39 49
8 0 2 13 28 30 32 34 45
5 0 2 13 36 38
5 0 2 13 40 42
5 0 2 13 44 46
6 0 2 13 48 50 61
5 0 2 13 52 54
5 0 2 13 56 58
5 0 2 13 60 62
7 0 2 16 18 39 53 63
5 0 2 16 18 41
6 0 2 16 18 43 57
6 0 2 16 18 44 46
5 0 2 16 18 45
6 0 2 16 18 47 61
6 0 2 16 18 52 54
5 0 2 16 18 55
8 0 2 16 18 56 58 60 62
5 0 2 16 18 59
6 0 2 17 23 36 38
5 0 2 17 24 26
5 0 2 17 28 30
6 0 2 17 31 44 46
5 0 2 17 39 59
5 0 2 17 52 54
5 0 2 17 56 58
6 0 2 17 57 60 62
8 0 2 19 20 22 51 52 54
8 0 2 19 21 36 38 51 53
8 0 2 19 24 26 51 56 58
8 0 2 19 29 44 46 51 61
5 0 2 19 37 51
5 0 2 19 41 51
5 0 2 19 45 51
5 0 2 20 22 27
5 0 2 20 22 31
5 0 2 20 22 33
6 0 2 20 22 35 53
8 0 2 20 22 36 38 48 50
5 0 2 20 22 39
6 0 2 20 22 44 46
5 0 2 20 22 45
5 0 2 20 22 47
5 0 2 20 22 49
5 0 2 20 22 55
6 0 2 20 22 56 58
5 0 2 20 22 57
5 0 2 20 22 59
5 0 2 21 28 30
5 0 2 21 32 34
6 0 2 21 37 48 50
5 0 2 21 44 46
5 0 2 21 52 54
5 0 2 21 56 58
5 0 2 23 25 59
7 0 2 23 28 30 52 54
5 0 2 23 37 47
6 0 2 24 26 28 30
5 0 2 24 26 31
5 0 2 24 26 33
6 0 2 24 26 35 57
6 0 2 24 26 36 38
5 0 2 24 26 39
5 0 2 24 26 43
6 0 2 24 26 44 46
6 0 2 24 26 45 63
5 0 2 24 26 47
5 0 2 24 26 49
5 0 2 24 26 53
5 0 2 24 26 55
5 0 2 24 26 59
6 0 2 24 26 60 62
5 0 2 24 26 61
5 0 2 25 28 30
6 0 2 25 41 48 50
5 0 2 25 44 46
5 0 2 25 52 54
5 0 2 25 56 58
5 0 2 25 60 62
5 0 2 27 36 38
6 0 2 27 43 48 50
5 0 2 27 52 54
5 0 2 27 56 58
5 0 2 28 30 33
6 0 2 28 30 35 61
5 0 2 28 30 37
5 0 2 28 30 39
5 0 2 28 30 41
5 0 2 28 30 43
8 0 2 28 30 44 46 48 50
5 0 2 28 30 47
5 0 2 28 30 49
5 0 2 28 30 53
5 0 2 28 30 55
6 0 2 28 30 56 58
5 0 2 28 30 57
5 0 2 29 32 34
6 0 2 29 33 40 42
5 0 2 29 36 38
5 0 2 29 43 55
5 0 2 29 52 54
6 0 2 31 32 34 61
5 0 2 31 36 38
5 0 2 31 40 42
5 0 2 31 43 53
6 0 2 31 47 48 50
5 0 2 31 52 54
5 0 2 31 56 58
5 0 2 32 34 55
6 0 2 32 34 59 63
5 0 2 33 44 46
6 0 2 33 52 54 63
6 0 2 33 53 60 62
5 0 2 33 56 58
5 0 2 35 36 38
5 0 2 35 40 42
5 0 2 35 52 54
6 0 2 35 55 60 62
5 0 2 35 56 58
5 0 2 36 38 43
5 0 2 36 38 47
5 0 2 36 38 49
6 0 2 36 38 52 54
5 0 2 36 38 55
6 0 2 36 38 56 58
6 0 2 36 38 57 63
5 0 2 36 38 59
6 0 2 36 38 60 62
5 0 2 36 38 61
5 0 2 37 44 46
5 0 2 37 52 54
5 0 2 37 56 58
5 0 2 37 60 62
5 0 2 39 44 46
6 0 2 40 42 44 46
5 0 2 40 42 47
5 0 2 40 42 49
5 0 2 40 42 55
6 0 2 40 42 56 58
5 0 2 40 42 59
5 0 2 41 44 46
5 0 2 41 52 54
5 0 2 41 56 58
5 0 2 43 52 54
5 0 2 44 46 49
6 0 2 44 46 52 54
5 0 2 44 46 55
6 0 2 44 46 56 58
5 0 2 44 46 59
5 0 2 44 46 63
5 0 2 45 52 54
5 0 2 47 56 58
5 0 2 49 56 58
5 0 2 49 60 62
5 0 2 52 54 59
5 0 2 56 58 63
16 0 3 4 7 9 10 16 19 20 23 25 26 33 34 37 38
10 0 3 4 7 9 10 17 18 21 22
16 0 3 4 7 9 10 24 27 40 43 48 51 52 55 57 58
8 0 3 4 7 9 10 28 31
12 0 3 4 7 9 10 29 30 44 47 60 63
12 0 3 4 7 9 10 32 35 36 39 41 42
8 0 3 4 7 9 10 45 46
10 0 3 4 7 9 10 49 50 53 54
8 0 3 4 7 9 10 56 59
8 0 3 4 7 9 10 61 62
10 0 3 5 6 16 19 21 22 33 34
6 0 3 5 6 17 18
12 0 3 5 6 20 23 36 39 48 51 53 54
10 0 3 5 6 24 27 45 46 60 63
10 0 3 5 6 25 26 40 43 56 59
6 0 3 5 6 28 31
6 0 3 5 6 29 30
8 0 3 5 6 32 35 37 38
6 0 3 5 6 41 42
6 0 3 5 6 44 47
6 0 3 5 6 49 50
6 0 3 5 6 52 55
6 0 3 5 6 57 58
6 0 3 5 6 61 62
12 0 3 8 11 16 19 24 27 33 34 41 42
8 0 3 8 11 17 18 25 26
6 0 3 8 11 20 23
6 0 3 8 11 21 22
8 0 3 8 11 28 31 60 63
12 0 3 8 11 29 30 32 35 40 43 53 54
6 0 3 8 11 36 39
6 0 3 8 11 37 38
6 0 3 8 11 44 47
6 0 3 8 11 45 46
8 0 3 8 11 48 51 56 59
8 0 3 8 11 49 50 57 58
6 0 3 8 11 52 55
6 0 3 8 11 61 62
16 0 3 12 15 16 19 28 31 33 34 36 39 40 43 45 46
12 0 3 12 15 17 18 20 23 24 27 29 30
8 0 3 12 15 21 22 25 26
8 0 3 12 15 32 35 44 47
8 0 3 12 15 37 38 41 42
8 0 3 12 15 48 51 60 63
12 0 3 12 15 49 50 52 55 56 59 61 62
8 0 3 12 15 53 54 57 58
10 0 3 13 14 16 19 29 30 33 34
6 0 3 13 14 17 18
6 0 3 13 14 20 23
6 0 3 13 14 21 22
8 0 3 13 14 24 27 37 38
6 0 3 13 14 25 26
12 0 3 13 14 28 31 44 47 48 51 61 62
8 0 3 13 14 32 35 45 46
6 0 3 13 14 36 39
6 0 3 13 14 40 43
6 0 3 13 14 41 42
6 0 3 13 14 49 50
6 0 3 13 14 52 55
6 0 3 13 14 53 54
6 0 3 13 14 56 59
6 0 3 13 14 57 58
6 0 3 13 14 60 63
8 0 3 16 19 33 34 44 47
8 0 3 16 19 33 34 52 55
12 0 3 16 19 33 34 53 54 56 59 60 63
8 0 3 16 19 33 34 57 58
8 0 3 16 19 33 34 61 62
6 0 3 17 18 28 31
10 0 3 17 18 36 39 57 58 60 63
10 0 3 17 18 37 38 40 43 44 47
6 0 3 17 18 41 42
6 0 3 17 18 45 46
6 0 3 17 18 52 55
6 0 3 17 18 53 54
6 0 3 17 18 56 59
6 0 3 17 18 61 62
6 0 3 20 23 28 31
6 0 3 20 23 32 35
6 0 3 20 23 44 47
6 0 3 20 23 45 46
6 0 3 20 23 49 50
6 0 3 20 23 52 55
6 0 3 20 23 56 59
6 0 3 20 23 57 58
8 0 3 21 22 24 27 28 31
6 0 3 21 22 29 30
6 0 3 21 22 32 35
8 0 3 21 22 36 39 52 55
8 0 3 21 22 37 38 48 51
6 0 3 21 22 44 47
6 0 3 21 22 45 46
6 0 3 21 22 49 50
6 0 3 21 22 53 54
6 0 3 21 22 56 59
6 0 3 21 22 57 58
6 0 3 24 27 32 35
6 0 3 24 27 36 39
6 0 3 24 27 44 47
6 0 3 24 27 49 50
6 0 3 24 27 53 54
6 0 3 24 27 56 59
6 0 3 24 27 61 62
6 0 3 25 26 28 31
6 0 3 25 26 29 30
6 0 3 25 26 32 35
8 0 3 25 26 36 39 49 50
8 0 3 25 26 41 42 48 51
6 0 3 25 26 44 47
6 0 3 25 26 45 46
6 0 3 25 26 52 55
6 0 3 25 26 53 54
6 0 3 25 26 57 58
6 0 3 25 26 60 63
6 0 3 25 26 61 62
6 0 3 28 31 32 35
6 0 3 28 31 37 38
6 0 3 28 31 41 42
6 0 3 28 31 49 50
6 0 3 28 31 52 55
6 0 3 28 31 53 54
6 0 3 28 31 56 59
6 0 3 28 31 57 58
6 0 3 29 30 36 39
6 0 3 29 30 37 38
6 0 3 29 30 41 42
8 0 3 29 30 45 46 48 51
6 0 3 29 30 49 50
6 0 3 29 30 52 55
6 0 3 29 30 56 59
6 0 3 29 30 57 58
6 0 3 29 30 61 62
8 0 3 32 35 52 55 60 63
6 0 3 32 35 56 59
6 0 3 32 35 57 58
6 0 3 32 35 61 62
6 0 3 36 39 44 47
6 0 3 36 39 56 59
6 0 3 36 39 61 62
6 0 3 37 38 45 46
6 0 3 37 38 49 50
6 0 3 37 38 52 55
6 0 3 37 38 53 54
6 0 3 37 38 56 59
6 0 3 37 38 57 58
6 0 3 37 38 60 63
6 0 3 37 38 61 62
6 0 3 40 43 49 50
6 0 3 41 42 44 47
6 0 3 41 42 45 46
6 0 3 41 42 49 50
6 0 3 41 42 52 55
6 0 3 41 42 53 54
6 0 3 41 42 56 59
6 0 3 41 42 57 58
6 0 3 44 47 49 50
6 0 3 44 47 52 55
6 0 3 44 47 53 54
6 0 3 44 47 56 59
6 0 3 44 47 57 58
6 0 3 45 46 49 50
6 0 3 45 46 52 55
6 0 3 45 46 53 54
6 0 3 45 46 56 59
6 0 3 45 46 57 58
6 0 3 45 46 61 62
6 0 3 49 50 60 63
6 0 3 53 54 61 62
6 0 3 57 58 61 62
8 0 4 11 16 20 27 35 39
5 0 4 11 17 21
5 0 4 11 18 22
5 0 4 11 19 23
8 0 4 11 24 40 48 52 59
6 0 4 11 25 34 38
5 0 4 11 29 63
6 0 4 11 30 45 56
6 0 4 11 31 44 60
6 0 4 11 32 36 43
5 0 4 11 33 37
5 0 4 11 49 53
5 0 4 11 50 54
5 0 4 11 51 55
9 0 4 13 16 20 29 49 53 63
6 0 4 13 17 21 31
6 0 4 13 18 22 27
5 0 4 13 19 23
8 0 4 13 24 40 48 52 61
8 0 4 13 25 30 34 38 43
6 0 4 13 32 36 45
8 0 4 13 33 37 47 51 55
5 0 4 13 35 39
5 0 4 13 41 46
5 0 4 13 44 60
6 0 4 13 50 54 59
5 0 4 13 57 62
13 0 4 14 15 16 20 30 31 41 50 51 54 55
8 0 4 14 15 17 21 26 27
8 0 4 14 15 18 19 22 23
12 0 4 14 15 24 29 40 45 48 52 62 63
9 0 4 14 15 25 34 35 38 39
5 0 4 14 15 28
8 0 4 14 15 32 36 46 47
8 0 4 14 15 33 37 42 43
6 0 4 14 15 44 60
8 0 4 14 15 49 53 58 59
6 0 4 14 15 56 61
5 0 4 14 15 57
5 0 4 16 20 42
5 0 4 16 20 43
6 0 4 16 20 45 57
6 0 4 16 20 46 58
6 0 4 16 20 47 59
5 0 4 16 20 61
5 0 4 16 20 62
6 0 4 17 19 21 23
10 0 4 17 21 24 33 37 40 48 52
6 0 4 17 21 28 61
7 0 4 17 21 30 35 39
6 0 4 17 21 32 36
8 0 4 17 21 41 44 57 60
5 0 4 17 21 43
7 0 4 17 21 45 50 54
5 0 4 17 21 47
6 0 4 17 21 49 53
5 0 4 17 21 56
5 0 4 17 21 58
5 0 4 17 21 62
8 0 4 18 22 28 51 55 62
8 0 4 18 22 29 35 39 63
5 0 4 18 22 31
6 0 4 18 22 32 36
6 0 4 18 22 33 37
8 0 4 18 22 42 44 58 60
5 0 4 18 22 43
5 0 4 18 22 45
5 0 4 18 22 46
5 0 4 18 22 47
6 0 4 18 22 50 54
5 0 4 18 22 56
5 0 4 18 22 57
5 0 4 18 22 59
5 0 4 18 22 61
10 0 4 19 23 24 35 39 40 48 52
5 0 4 19 23 30
6 0 4 19 23 32 36
5 0 4 19 23 41
7 0 4 19 23 42 49 53
8 0 4 19 23 43 44 59 60
5 0 4 19 23 45
5 0 4 19 23 46
5 0 4 19 23 47
6 0 4 19 23 50 54
5 0 4 19 23 56
5 0 4 19 23 57
5 0 4 19 23 58
5 0 4 19 23 61
5 0 4 19 23 62
8 0 4 24 30 40 46 48 52
8 0 4 24 31 40 47 48 52
6 0 4 25 27 34 38
8 0 4 25 28 34 38 45 58
6 0 4 25 31 34 38
9 0 4 25 34 38 44 50 54 60
6 0 4 25 34 38 47
6 0 4 25 34 38 56
6 0 4 25 34 38 57
6 0 4 25 34 38 61
6 0 4 25 34 38 62
5 0 4 26 28 46
6 0 4 26 29 43 63
5 0 4 26 32 36
5 0 4 26 49 53
5 0 4 27 28 47
5 0 4 27 32 36
5 0 4 27 33 37
5 0 4 27 44 60
5 0 4 27 46 61
5 0 4 27 49 53
5 0 4 27 50 54
6 0 4 28 33 37 57
6 0 4 28 35 39 59
5 0 4 28 49 53
5 0 4 28 50 54
6 0 4 29 31 61 63
7 0 4 29 32 36 57 63
8 0 4 29 33 37 50 54 63
6 0 4 29 41 58 63
5 0 4 29 56 63
6 0 4 30 32 36 58
5 0 4 30 33 37
5 0 4 30 49 53
6 0 4 31 32 36 59
5 0 4 31 33 37
5 0 4 31 35 39
5 0 4 31 46 57
5 0 4 31 49 53
8 0 4 32 36 49 51 53 55
6 0 4 32 36 50 54
5 0 4 32 36 61
5 0 4 32 36 62
6 0 4 33 35 37 39
8 0 4 33 37 44 49 53 60
5 0 4 33 37 46
5 0 4 33 37 56
5 0 4 33 37 58
5 0 4 33 37 59
5 0 4 33 37 61
5 0 4 33 37 62
5 0 4 35 39 46
6 0 4 35 39 49 53
6 0 4 35 39 50 54
5 0 4 35 39 56
5 0 4 35 39 57
5 0 4 35 39 58
5 0 4 35 39 62
5 0 4 43 49 53
5 0 4 43 50 54
5 0 4 45 49 53
5 0 4 46 49 53
5 0 4 46 50 54
5 0 4 47 49 53
5 0 4 47 50 54
5 0 4 49 53 56
5 0 4 49 53 62
5 0 4 50 54 61
5 0 4 51 55 56
6 0 5 7 16 21 23
5 0 5 7 17 19
6 0 5 7 20 42 52
5 0 5 7 22 34
6 0 5 7 25 27 40
5 0 5 7 29 31
8 0 5 7 32 37 39 49 51
5 0 5 7 33 35
5 0 5 7 41 43
6 0 5 7 45 47 60
6 0 5 7 48 53 55
5 0 5 7 57 59
5 0 5 7 61 63
6 0 5 8 16 21 24
8 0 5 8 17 25 32 37 40
6 0 5 8 18 26 29
5 0 5 8 19 27
10 0 5 8 22 28 34 42 45 54 60
5 0 5 8 30 47
5 0 5 8 33 41
5 0 5 8 35 43
5 0 5 8 38 44
6 0 5 8 39 51 59
6 0 5 8 48 53 56
5 0 5 8 49 57
6 0 5 8 50 58 61
10 0 5 9 12 16 21 25 28 36 40
12 0 5 9 12 17 29 33 45 48 53 57 60
10 0 5 9 12 18 30 39 43 51 63
6 0 5 9 12 19 31
6 0 5 9 12 20 24
10 0 5 9 12 22 26 34 46 50 62
6 0 5 9 12 23 27
8 0 5 9 12 32 37 41 44
6 0 5 9 12 35 47
6 0 5 9 12 38 42
6 0 5 9 12 49 61
6 0 5 9 12 52 56
6 0 5 9 12 54 58
6 0 5 9 12 55 59
7 0 5 11 16 21 27 54
5 0 5 11 17 35
5 0 5 11 20 56
5 0 5 11 22 34
5 0 5 11 25 40
5 0 5 11 30 44
6 0 5 11 31 45 60
6 0 5 11 32 37 43
5 0 5 11 39 51
5 0 5 11 41 63
6 0 5 11 48 53 59
6 0 5 13 16 21 29
6 0 5 13 17 42 49
5 0 5 13 20 28
6 0 5 13 22 30 34
5 0 5 13 23 31
5 0 5 13 25 40
8 0 5 13 32 37 45 52 60
5 0 5 13 36 44
5 0 5 13 38 46
6 0 5 13 39 47 51
6 0 5 13 48 53 61
5 0 5 13 54 62
5 0 5 13 55 63
7 0 5 14 16 21 30 57
5 0 5 14 17 50
5 0 5 14 20 44
5 0 5 14 22 34
5 0 5 14 25 40
5 0 5 14 27 35
6 0 5 14 31 39 51
6 0 5 14 32 37 46
5 0 5 14 38 63
5 0 5 14 45 60
6 0 5 14 48 53 62
5 0 5 16 21 35
8 0 5 16 21 38 39 50 51
8 0 5 16 21 41 45 56 60
5 0 5 16 21 43
5 0 5 16 21 44
5 0 5 16 21 46
6 0 5 16 21 49 55
6 0 5 16 21 52 61
5 0 5 16 21 59
5 0 5 16 21 62
5 0 5 17 24 36
7 0 5 17 26 30 38 54
5 0 5 17 28 52
5 0 5 17 31 55
5 0 5 17 44 56
5 0 5 17 46 58
5 0 5 17 47 59
5 0 5 18 20 33
5 0 5 18 32 37
5 0 5 18 42 50
6 0 5 18 45 58 60
5 0 5 19 20 49
5 0 5 19 32 37
6 0 5 19 35 48 53
5 0 5 19 36 50
5 0 5 19 43 62
6 0 5 19 45 59 60
7 0 5 20 26 27 41 57
5 0 5 20 31 61
5 0 5 20 35 50
5 0 5 20 43 58
5 0 5 20 47 62
6 0 5 22 23 34 35
6 0 5 22 29 34 58
5 0 5 22 31 34
5 0 5 22 34 36
6 0 5 22 34 43 55
5 0 5 22 34 44
5 0 5 22 34 47
5 0 5 22 34 56
5 0 5 22 34 57
6 0 5 22 34 59 63
5 0 5 22 34 61
6 0 5 23 25 40 58
6 0 5 23 32 37 50
5 0 5 23 42 55
6 0 5 23 43 45 60
5 0 5 23 44 62
5 0 5 24 32 37
6 0 5 24 39 51 58
5 0 5 24 42 56
6 0 5 25 29 40 44
5 0 5 25 31 40
5 0 5 25 33 40
5 0 5 25 35 40
6 0 5 25 40 46 61
5 0 5 25 40 47
5 0 5 25 40 50
5 0 5 25 40 54
5 0 5 25 40 55
6 0 5 25 40 62 63
5 0 5 26 33 49
5 0 5 26 36 52
5 0 5 27 32 37
5 0 5 27 36 58
5 0 5 27 38 55
5 0 5 27 42 59
6 0 5 27 43 48 53
5 0 5 28 32 37
5 0 5 28 33 56
6 0 5 28 39 51 62
6 0 5 28 44 48 53
5 0 5 28 46 59
6 0 5 29 32 37 56
5 0 5 29 35 59
6 0 5 29 39 46 51
5 0 5 29 42 61
5 0 5 30 32 37
5 0 5 30 33 58
5 0 5 30 41 61
5 0 5 30 42 62
6 0 5 30 46 48 53
5 0 5 31 33 59
5 0 5 31 36 62
5 0 5 31 43 50
5 0 5 31 46 56
5 0 5 32 37 54
5 0 5 32 37 55
5 0 5 32 37 57
5 0 5 32 37 59
5 0 5 32 37 61
5 0 5 32 37 62
5 0 5 33 39 51
5 0 5 33 42 46
5 0 5 33 54 63
5 0 5 36 42 43
5 0 5 36 45 60
5 0 5 36 57 63
5 0 5 38 45 60
5 0 5 39 41 51
5 0 5 39 51 52
5 0 5 39 51 56
5 0 5 45 49 60
5 0 5 45 50 60
5 0 5 49 58 62
5 0 5 52 58 59
8 0 6 7 16 22 23 50 51
5 0 6 7 18 19
5 0 6 7 20 41
8 0 6 7 21 37 48 54 55
7 0 6 7 25 46 47 60
8 0 6 7 26 27 40 62 63
5 0 6 7 30 31
6 0 6 7 32 38 39
5 0 6 7 34 35
5 0 6 7 36 52
5 0 6 7 42 43
5 0 6 7 58 59
6 0 6 8 16 22 24
5 0 6 8 17 25
8 0 6 8 18 26 32 38 40
6 0 6 8 19 27 63
6 0 6 8 23 51 59
6 0 6 8 28 46 60
5 0 6 8 29 44
5 0 6 8 33 41
6 0 6 8 34 42 53
5 0 6 8 35 43
6 0 6 8 48 54 56
5 0 6 8 49 57
5 0 6 8 50 58
6 0 6 9 16 22 25
5 0 6 9 17 20
7 0 6 9 18 24 33 36
5 0 6 9 19 28
9 0 6 9 23 29 43 46 51 60
6 0 6 9 26 34 40
6 0 6 9 27 30 63
6 0 6 9 32 38 41
5 0 6 9 35 44
5 0 6 9 39 45
6 0 6 9 48 54 57
5 0 6 9 49 52
5 0 6 9 50 56
5 0 6 9 55 61
5 0 6 9 59 62
8 0 6 11 16 22 27 53 63
5 0 6 11 18 35
8 0 6 11 21 31 41 46 60
5 0 6 11 23 51
5 0 6 11 25 30
5 0 6 11 26 40
6 0 6 11 32 38 43
5 0 6 11 36 56
5 0 6 11 37 47
6 0 6 11 48 54 59
5 0 6 11 57 62
6 0 6 14 16 22 30
5 0 6 14 17 42
5 0 6 14 18 50
5 0 6 14 20 28
5 0 6 14 21 29
6 0 6 14 23 31 51
5 0 6 14 26 40
6 0 6 14 27 55 63
8 0 6 14 32 38 46 52 60
5 0 6 14 36 44
5 0 6 14 37 45
5 0 6 14 39 47
6 0 6 14 48 54 62
5 0 6 14 53 61
8 0 6 15 16 22 31 52 62
10 0 6 15 17 27 33 43 48 54 63
6 0 6 15 18 23 51
5 0 6 15 20 30
7 0 6 15 21 26 40 45
5 0 6 15 24 29
6 0 6 15 32 38 47
7 0 6 15 34 39 50 55
6 0 6 15 36 46 60
5 0 6 15 37 42
5 0 6 15 49 59
5 0 6 15 53 58
5 0 6 15 56 61
5 0 6 16 22 35
6 0 6 16 22 39 49
8 0 6 16 22 42 46 56 60
5 0 6 16 22 43
5 0 6 16 22 44
5 0 6 16 22 45
5 0 6 16 22 47
5 0 6 16 22 55
5 0 6 16 22 57
5 0 6 16 22 58
5 0 6 16 22 59
5 0 6 16 22 61
6 0 6 17 32 38 53
6 0 6 17 46 57 60
5 0 6 18 25 37
6 0 6 18 27 39 63
5 0 6 18 28 52
5 0 6 18 29 53
5 0 6 18 31 55
5 0 6 18 44 56
5 0 6 18 45 57
5 0 6 18 47 59
8 0 6 19 25 35 41 48 54
6 0 6 19 26 39 40
5 0 6 19 32 38
5 0 6 19 36 49
5 0 6 19 43 61
6 0 6 19 46 59 60
5 0 6 20 27 63
5 0 6 20 32 38
5 0 6 20 34 37
5 0 6 20 35 49
5 0 6 20 42 58
5 0 6 20 43 57
5 0 6 20 47 61
8 0 6 21 23 32 38 49 51
5 0 6 21 43 52
6 0 6 23 24 51 58
6 0 6 23 25 42 51
7 0 6 23 26 40 51 57
6 0 6 23 28 51 62
5 0 6 23 30 51
5 0 6 23 33 51
5 0 6 23 37 51
6 0 6 23 41 51 52
6 0 6 23 44 51 61
5 0 6 23 45 51
5 0 6 23 51 56
5 0 6 24 32 38
5 0 6 24 34 41
5 0 6 24 39 57
6 0 6 25 27 61 63
5 0 6 25 39 52
6 0 6 26 30 40 44
5 0 6 26 31 40
5 0 6 26 33 40
5 0 6 26 35 40
5 0 6 26 40 47
5 0 6 26 40 49
5 0 6 26 40 53
5 0 6 26 40 55
5 0 6 26 40 58
5 0 6 26 40 61
5 0 6 27 28 63
7 0 6 27 31 34 59 63
6 0 6 27 32 38 63
6 0 6 27 37 52 63
6 0 6 27 41 56 63
5 0 6 27 44 63
5 0 6 27 49 63
5 0 6 27 50 63
5 0 6 27 58 63
5 0 6 28 32 38
6 0 6 28 34 45 56
5 0 6 28 39 61
6 0 6 28 44 48 54
5 0 6 29 32 38
5 0 6 29 34 57
6 0 6 29 45 48 54
6 0 6 30 32 38 56
5 0 6 30 33 57
5 0 6 30 35 59
5 0 6 30 36 45
5 0 6 31 32 38
5 0 6 31 36 61
5 0 6 31 43 49
6 0 6 31 47 48 54
5 0 6 32 38 50
5 0 6 32 38 55
5 0 6 32 38 57
5 0 6 32 38 58
5 0 6 32 38 59
5 0 6 32 38 61
5 0 6 32 38 62
6 0 6 33 46 53 60
5 0 6 35 36 50
6 0 6 35 46 55 60
5 0 6 36 43 58
5 0 6 36 47 62
5 0 6 37 46 60
5 0 6 39 46 60
5 0 6 43 55 62
5 0 6 46 50 60
6 0 7 8 16 23 24
5 0 7 8 17 25
5 0 7 8 18 26
8 0 7 8 19 27 32 39 40
6 0 7 8 28 47 60
6 0 7 8 30 45 52
5 0 7 8 33 41
5 0 7 8 34 42
5 0 7 8 35 43
6 0 7 8 48 55 56
5 0 7 8 49 57
5 0 7 8 50 58
5 0 7 8 51 59
10 0 7 11 12 16 23 27 28 36 40
6 0 7 11 12 17 29
8 0 7 11 12 18 30 37 41
12 0 7 11 12 19 31 35 47 48 55 59 60
6 0 7 11 12 20 24
6 0 7 11 12 21 25
6 0 7 11 12 22 26
8 0 7 11 12 32 39 43 44
6 0 7 11 12 33 45
6 0 7 11 12 34 46
6 0 7 11 12 38 42
6 0 7 11 12 49 61
6 0 7 11 12 50 62
6 0 7 11 12 51 63
6 0 7 11 12 52 56
6 0 7 11 12 53 57
6 0 7 11 12 54 58
7 0 7 13 16 23 29 42
5 0 7 13 17 20
5 0 7 13 18 24
7 0 7 13 19 28 49 52
5 0 7 13 22 25
7 0 7 13 27 30 34 40
5 0 7 13 31 63
7 0 7 13 32 39 45 53
5 0 7 13 33 36
5 0 7 13 35 44
5 0 7 13 38 41
5 0 7 13 43 46
6 0 7 13 47 51 60
6 0 7 13 48 55 61
5 0 7 13 50 56
5 0 7 13 54 57
5 0 7 13 59 62
6 0 7 14 16 23 30
5 0 7 14 17 24
5 0 7 14 19 50
6 0 7 14 27 33 40
5 0 7 14 29 37
5 0 7 14 31 51
6 0 7 14 32 39 46
5 0 7 14 43 54
5 0 7 14 44 52
5 0 7 14 47 60
6 0 7 14 48 55 62
5 0 7 14 49 56
5 0 7 16 23 35
5 0 7 16 23 41
8 0 7 16 23 43 47 56 60
5 0 7 16 23 44
5 0 7 16 23 45
5 0 7 16 23 46
5 0 7 16 23 49
5 0 7 16 23 54
5 0 7 16 23 57
5 0 7 16 23 58
5 0 7 16 23 59
5 0 7 16 23 61
5 0 7 16 23 62
5 0 7 17 32 39
6 0 7 17 33 48 55
5 0 7 17 43 62
6 0 7 17 47 57 60
6 0 7 18 27 38 40
6 0 7 18 32 39 63
5 0 7 18 33 52
5 0 7 18 43 61
6 0 7 18 47 58 60
5 0 7 19 24 36
5 0 7 19 29 53
5 0 7 19 30 54
5 0 7 19 44 56
5 0 7 19 45 57
5 0 7 19 46 58
5 0 7 20 32 39
6 0 7 20 36 48 55
5 0 7 20 43 59
5 0 7 20 51 54
5 0 7 21 27 40
5 0 7 21 32 39
5 0 7 21 36 58
5 0 7 21 38 51
6 0 7 21 41 47 60
5 0 7 22 32 39
6 0 7 22 36 57 63
6 0 7 22 38 48 55
6 0 7 22 42 47 60
5 0 7 24 32 39
5 0 7 24 34 41
5 0 7 24 45 63
5 0 7 24 46 61
5 0 7 24 47 60
5 0 7 25 32 39
5 0 7 25 36 54
6 0 7 25 41 48 55
5 0 7 25 42 51
5 0 7 26 32 39
6 0 7 26 36 51 53
5 0 7 26 41 52
6 0 7 26 42 48 55
5 0 7 26 47 60
5 0 7 27 29 40
6 0 7 27 31 40 44
5 0 7 27 35 40
5 0 7 27 40 49
5 0 7 27 40 50
5 0 7 27 40 53
5 0 7 27 40 54
5 0 7 27 40 56
5 0 7 27 40 59
5 0 7 27 40 61
5 0 7 28 32 39
5 0 7 28 34 45
5 0 7 28 35 56
6 0 7 28 44 48 55
5 0 7 28 46 57
5 0 7 28 51 62
5 0 7 29 32 39
5 0 7 29 35 57
5 0 7 29 43 50
6 0 7 29 45 48 55
6 0 7 29 46 51 56
5 0 7 30 32 39
5 0 7 30 35 58
5 0 7 30 43 49
6 0 7 30 46 48 55
6 0 7 31 32 39 56
5 0 7 31 33 57
5 0 7 31 34 58
5 0 7 31 37 46
5 0 7 31 52 61
5 0 7 32 39 50
5 0 7 32 39 57
5 0 7 32 39 58
5 0 7 32 39 59
5 0 7 32 39 61
6 0 7 33 47 53 60
5 0 7 33 54 63
5 0 7 34 43 53
5 0 7 34 59 63
6 0 7 35 46 50 52
5 0 7 37 43 63
5 0 7 38 47 60
5 0 7 44 51 61
5 0 7 47 49 60
5 0 7 47 50 60
8 0 8 13 15 16 24 29 31
8 0 8 13 15 17 19 25 27
8 0 8 13 15 18 21 23 26
10 0 8 13 15 20 30 34 37 39 42
5 0 8 13 15 22
6 0 8 13 15 28 60
12 0 8 13 15 32 40 45 47 49 51 57 59
8 0 8 13 15 33 35 41 43
6 0 8 13 15 36 46
5 0 8 13 15 38
5 0 8 13 15 44
8 0 8 13 15 48 56 61 63
8 0 8 13 15 50 53 55 58
6 0 8 13 15 52 62
5 0 8 13 15 54
6 0 8 14 16 24 30
6 0 8 14 17 23 25
5 0 8 14 18 26
5 0 8 14 19 27
5 0 8 14 20 38
5 0 8 14 28 60
5 0 8 14 29 36
6 0 8 14 31 51 59
8 0 8 14 32 40 46 50 58
6 0 8 14 33 39 41
5 0 8 14 34 42
5 0 8 14 35 43
5 0 8 14 44 63
6 0 8 14 48 56 62
6 0 8 14 49 55 57
6 0 8 16 24 35 43
5 0 8 16 24 38
5 0 8 16 24 39
7 0 8 16 24 45 53 63
6 0 8 16 24 46 54
6 0 8 16 24 47 55
6 0 8 16 24 49 57
8 0 8 16 24 50 51 58 59
5 0 8 16 24 61
5 0 8 16 24 62
8 0 8 17 25 28 49 57 60
5 0 8 17 25 30
5 0 8 17 25 31
8 0 8 17 25 33 41 48 56
6 0 8 17 25 35 43
5 0 8 17 25 36
5 0 8 17 25 39
6 0 8 17 25 44 53
5 0 8 17 25 45
5 0 8 17 25 47
6 0 8 17 25 50 58
5 0 8 17 25 52
5 0 8 17 25 54
5 0 8 17 25 61
5 0 8 17 25 62
6 0 8 18 19 26 27
5 0 8 18 20 26
8 0 8 18 26 28 50 58 60
5 0 8 18 26 31
6 0 8 18 26 33 41
6 0 8 18 26 35 43
5 0 8 18 26 36
6 0 8 18 26 39 63
6 0 8 18 26 44 54
5 0 8 18 26 45
5 0 8 18 26 46
5 0 8 18 26 47
6 0 8 18 26 51 59
5 0 8 18 26 52
5 0 8 18 26 53
5 0 8 18 26 55
5 0 8 18 26 61
5 0 8 18 26 62
5 0 8 19 20 27
5 0 8 19 21 27
5 0 8 19 22 27
7 0 8 19 27 29 49 57
8 0 8 19 27 35 43 48 56
5 0 8 19 27 36
5 0 8 19 27 37
5 0 8 19 27 38
6 0 8 19 27 44 55
5 0 8 19 27 45
5 0 8 19 27 46
5 0 8 19 27 47
6 0 8 19 27 50 58
5 0 8 19 27 52
5 0 8 19 27 53
5 0 8 19 27 54
5 0 8 19 27 61
6 0 8 20 29 33 41
6 0 8 20 31 35 43
5 0 8 20 45 62
5 0 8 20 49 57
5 0 8 20 50 58
6 0 8 20 51 54 59
8 0 8 21 28 33 41 53 60
5 0 8 21 32 40
5 0 8 21 35 43
6 0 8 21 37 48 56
5 0 8 21 49 57
5 0 8 21 50 58
5 0 8 22 29 62
5 0 8 22 35 43
6 0 8 22 38 48 56
5 0 8 22 49 57
5 0 8 22 50 58
5 0 8 22 51 59
8 0 8 23 28 35 43 55 60
5 0 8 23 32 40
5 0 8 23 33 41
6 0 8 23 34 36 42
5 0 8 23 46 61
5 0 8 23 49 57
5 0 8 28 37 60
5 0 8 28 38 60
5 0 8 28 39 60
5 0 8 29 37 47
5 0 8 30 33 41
6 0 8 30 46 48 56
5 0 8 30 49 57
5 0 8 30 50 58
6 0 8 31 32 40 55
5 0 8 31 33 41
5 0 8 31 34 42
5 0 8 31 46 53
6 0 8 31 47 48 56
5 0 8 31 49 57
5 0 8 31 50 58
5 0 8 32 40 61
6 0 8 32 40 62 63
5 0 8 33 41 44
5 0 8 33 41 46
5 0 8 33 41 47
6 0 8 33 41 49 57
6 0 8 33 41 50 58
6 0 8 33 41 51 59
5 0 8 33 41 52
6 0 8 33 41 54 63
5 0 8 33 41 55
5 0 8 33 41 61
5 0 8 33 41 62
6 0 8 34 35 42 43
5 0 8 34 42 44
5 0 8 34 42 47
6 0 8 34 42 50 58
5 0 8 34 42 52
5 0 8 34 42 61
5 0 8 34 42 62
5 0 8 35 36 43
5 0 8 35 37 43
5 0 8 35 38 43
5 0 8 35 43 45
6 0 8 35 43 49 57
6 0 8 35 43 50 58
5 0 8 35 43 52
5 0 8 35 43 61
5 0 8 35 43 62
5 0 8 35 43 63
6 0 8 36 49 57 63
5 0 8 36 50 58
6 0 8 36 51 53 59
5 0 8 37 49 57
5 0 8 37 50 58
5 0 8 37 51 59
5 0 8 38 49 57
5 0 8 38 50 58
5 0 8 39 49 57
5 0 8 44 49 57
5 0 8 44 50 58
6 0 8 44 51 59 61
5 0 8 46 49 57
5 0 8 47 50 58
5 0 8 49 57 62
5 0 8 50 52 58
5 0 8 50 58 63
5 0 8 51 52 59
6 0 9 11 16 25 27
5 0 9 11 17 19
5 0 9 11 20 42
5 0 9 11 21 23
5 0 9 11 24 56
5 0 9 11 26 34
6 0 9 11 29 31 60
6 0 9 11 30 61 63
8 0 9 11 32 41 43 49 51
5 0 9 11 33 35
5 0 9 11 37 39
5 0 9 11 45 47
6 0 9 11 48 57 59
5 0 9 11 53 55
8 0 9 13 16 25 29 56 60
5 0 9 13 17 38
8 0 9 13 21 37 48 57 61
7 0 9 13 22 43 47 51
5 0 9 13 24 28
8 0 9 13 26 30 34 59 63
5 0 9 13 27 31
6 0 9 13 32 41 45
5 0 9 13 33 49
5 0 9 13 40 44
5 0 9 13 42 46
5 0 9 13 58 62
8 0 9 14 16 25 30 53 63
8 0 9 14 21 31 38 43 51
5 0 9 14 22 27
5 0 9 14 24 44
5 0 9 14 26 34
5 0 9 14 29 60
6 0 9 14 32 41 46
5 0 9 14 33 50
5 0 9 14 37 47
6 0 9 14 48 57 62
5 0 9 14 54 59
8 0 9 15 16 25 31 49 59
5 0 9 15 17 27
5 0 9 15 18 23
10 0 9 15 20 30 36 46 48 57 63
7 0 9 15 21 26 34 39
6 0 9 15 24 29 60
6 0 9 15 32 41 47
6 0 9 15 33 43 51
5 0 9 15 37 42
7 0 9 15 40 45 56 61
5 0 9 15 50 55
5 0 9 15 52 62
5 0 9 15 53 58
5 0 9 16 25 35
5 0 9 16 25 39
8 0 9 16 25 42 43 50 51
5 0 9 16 25 44
6 0 9 16 25 45 52
5 0 9 16 25 46
5 0 9 16 25 47
5 0 9 16 25 54
5 0 9 16 25 55
5 0 9 16 25 58
5 0 9 16 25 61
5 0 9 16 25 62
5 0 9 17 30 63
5 0 9 17 32 41
5 0 9 17 37 40
5 0 9 17 42 58
5 0 9 17 44 52
5 0 9 17 46 54
5 0 9 17 47 55
6 0 9 18 29 58 60
5 0 9 18 32 41
5 0 9 18 38 40
5 0 9 18 45 54
5 0 9 19 24 49
6 0 9 19 29 59 60
5 0 9 19 30 63
5 0 9 19 32 41
6 0 9 19 35 48 57
6 0 9 19 39 40 50
5 0 9 19 45 55
6 0 9 20 32 41 53
6 0 9 20 43 51 54
8 0 9 21 29 32 41 52 60
5 0 9 21 46 49
5 0 9 22 24 37
8 0 9 22 28 38 44 48 57
6 0 9 22 29 42 60
6 0 9 22 30 55 63
5 0 9 22 45 49
5 0 9 23 24 53
5 0 9 23 32 41
6 0 9 23 39 48 57
5 0 9 23 40 54
6 0 9 24 30 45 63
5 0 9 24 31 61
5 0 9 24 35 50
5 0 9 24 39 54
5 0 9 24 47 62
6 0 9 26 27 34 35
6 0 9 26 28 34 45
7 0 9 26 29 34 54 60
5 0 9 26 31 34
5 0 9 26 34 36
5 0 9 26 34 44
5 0 9 26 34 47
5 0 9 26 34 52
5 0 9 26 34 53
5 0 9 26 34 55
5 0 9 26 34 58
5 0 9 26 34 61
5 0 9 27 29 60
6 0 9 27 32 41 50
5 0 9 27 33 39
5 0 9 27 36 54
5 0 9 27 44 62
5 0 9 28 32 41
5 0 9 28 33 52
6 0 9 28 43 51 62
5 0 9 28 46 55
6 0 9 29 35 55 60
5 0 9 29 36 60
5 0 9 29 37 60
6 0 9 29 38 49 60
5 0 9 29 39 60
5 0 9 29 50 60
7 0 9 30 31 40 62 63
6 0 9 30 32 41 63
5 0 9 30 35 63
6 0 9 30 37 49 63
6 0 9 30 38 50 63
5 0 9 30 52 63
5 0 9 30 56 63
5 0 9 30 58 63
5 0 9 31 32 41
5 0 9 31 33 55
5 0 9 31 46 52
6 0 9 31 47 48 57
5 0 9 32 41 54
5 0 9 32 41 55
5 0 9 32 41 56
5 0 9 32 41 58
5 0 9 32 41 59
5 0 9 32 41 61
5 0 9 32 41 62
5 0 9 33 44 56
5 0 9 33 46 58
5 0 9 33 47 59
6 0 9 36 43 51 53
5 0 9 37 43 51
6 0 9 43 44 51 61
5 0 9 43 45 51
5 0 9 43 51 56
5 0 9 46 59 61
9 0 10 11 16 26 27 37 50 51
6 0 10 11 17 22 23
5 0 10 11 18 19
10 0 10 11 20 25 36 41 48 58 59
6 0 10 11 21 34 35
7 0 10 11 24 30 31 60
6 0 10 11 32 42 43
6 0 10 11 33 38 39
9 0 10 11 40 46 47 56 62 63
6 0 10 11 49 54 55
5 0 10 11 52 57
9 0 10 14 16 26 30 37 56 60
10 0 10 14 17 22 33 38 48 58 62
7 0 10 14 18 27 31 51
6 0 10 14 20 25 29
6 0 10 14 21 40 44
5 0 10 14 24 28
6 0 10 14 32 42 46
9 0 10 14 34 43 47 50 59 63
6 0 10 14 36 41 45
5 0 10 14 49 54
6 0 10 14 52 57 61
6 0 10 16 26 35 37
6 0 10 16 26 37 39
8 0 10 16 26 37 43 49 54
6 0 10 16 26 37 44
6 0 10 16 26 37 45
8 0 10 16 26 37 46 52 57
6 0 10 16 26 37 55
6 0 10 16 26 37 59
6 0 10 16 26 37 61
6 0 10 16 26 37 62
5 0 10 17 19 22
5 0 10 17 22 24
10 0 10 17 22 30 32 42 52 57 60
6 0 10 17 22 31 43
5 0 10 17 22 35
5 0 10 17 22 44
5 0 10 17 22 45
6 0 10 17 22 46 53
6 0 10 17 22 47 63
6 0 10 17 22 49 54
5 0 10 17 22 50
5 0 10 17 22 55
5 0 10 17 22 56
5 0 10 17 22 59
5 0 10 17 22 61
5 0 10 18 20 25
6 0 10 18 29 32 42
6 0 10 18 33 38 40
5 0 10 18 36 41
7 0 10 18 39 47 55 63
6 0 10 18 44 52 57
5 0 10 18 45 53
5 0 10 19 29 43
5 0 10 19 32 42
6 0 10 19 35 48 58
5 0 10 19 36 41
7 0 10 19 39 40 49 54
5 0 10 19 46 55
5 0 10 19 47 63
5 0 10 19 52 57
10 0 10 20 25 27 32 42 49 51 54
5 0 10 20 25 28
6 0 10 20 25 31 46
5 0 10 20 25 35
5 0 10 20 25 39
6 0 10 20 25 43 53
5 0 10 20 25 44
6 0 10 20 25 47 63
5 0 10 20 25 50
6 0 10 20 25 52 57
5 0 10 20 25 55
5 0 10 20 25 56
5 0 10 20 25 61
5 0 10 20 25 62
7 0 10 21 27 33 38 51
7 0 10 21 30 36 41 60
5 0 10 21 49 54
5 0 10 21 52 57
6 0 10 23 24 32 42
5 0 10 23 28 46
6 0 10 23 30 43 60
5 0 10 23 36 41
5 0 10 23 40 53
5 0 10 23 49 54
5 0 10 23 52 57
5 0 10 24 33 38
6 0 10 24 34 36 41
6 0 10 24 35 49 54
5 0 10 24 39 53
7 0 10 24 45 47 61 63
6 0 10 27 29 46 51
7 0 10 27 36 41 51 53
6 0 10 27 44 51 61
5 0 10 27 45 51
5 0 10 27 51 56
5 0 10 28 32 42
5 0 10 28 33 38
7 0 10 28 34 45 52 57
5 0 10 28 43 61
6 0 10 28 44 48 58
5 0 10 28 47 63
5 0 10 28 49 54
5 0 10 29 33 38
5 0 10 29 34 53
5 0 10 29 49 54
5 0 10 29 52 57
7 0 10 30 33 38 53 60
6 0 10 30 35 55 60
5 0 10 30 39 60
5 0 10 30 50 60
5 0 10 31 33 38
5 0 10 31 34 55
5 0 10 31 36 41
5 0 10 31 40 61
5 0 10 31 49 54
5 0 10 31 52 57
5 0 10 32 42 50
5 0 10 32 42 55
5 0 10 32 42 56
5 0 10 32 42 59
5 0 10 32 42 61
5 0 10 32 42 62
5 0 10 33 35 38
5 0 10 33 38 46
8 0 10 33 38 47 49 54 63
5 0 10 33 38 50
6 0 10 33 38 52 57
5 0 10 33 38 55
5 0 10 33 38 56
5 0 10 33 38 59
5 0 10 33 38 61
5 0 10 34 44 56
5 0 10 35 40 50
5 0 10 35 52 57
5 0 10 36 41 43
5 0 10 36 41 44
8 0 10 36 41 47 52 57 63
6 0 10 36 41 49 54
5 0 10 36 41 50
5 0 10 36 41 55
5 0 10 36 41 56
5 0 10 36 41 61
5 0 10 36 41 62
5 0 10 39 52 57
5 0 10 44 49 54
5 0 10 45 49 54
5 0 10 49 54 56
5 0 10 49 54 62
5 0 10 50 52 57
5 0 10 52 57 59
6 0 11 13 16 27 29
5 0 11 13 18 20
5 0 11 13 23 37
5 0 11 13 28 56
6 0 11 13 30 34 36
5 0 11 13 31 60
6 0 11 13 32 43 45
5 0 11 13 35 49
5 0 11 13 46 57
5 0 11 13 47 51
6 0 11 13 48 59 61
5 0 11 13 50 52
6 0 11 14 16 27 30
5 0 11 14 17 20
5 0 11 14 18 24
6 0 11 14 19 28 58
5 0 11 14 22 25
7 0 11 14 23 29 38 41
6 0 11 14 31 51 60
6 0 11 14 32 43 46
5 0 11 14 33 36
5 0 11 14 34 40
7 0 11 14 35 44 50 56
5 0 11 14 39 45
6 0 11 14 48 59 62
5 0 11 14 49 52
5 0 11 14 54 57
5 0 11 14 55 61
5 0 11 16 27 44
5 0 11 16 27 45
5 0 11 16 27 46
6 0 11 16 27 47 52
5 0 11 16 27 49
5 0 11 16 27 55
5 0 11 16 27 58
5 0 11 16 27 62
5 0 11 17 32 43
6 0 11 17 33 48 59
5 0 11 17 37 40
5 0 11 17 39 50
5 0 11 17 47 53
6 0 11 18 31 58 60
5 0 11 18 32 43
5 0 11 18 33 56
5 0 11 18 38 40
5 0 11 18 47 54
5 0 11 19 32 43
5 0 11 19 39 40
5 0 11 19 44 52
5 0 11 19 45 53
5 0 11 19 46 54
5 0 11 19 49 56
6 0 11 20 32 43 55
5 0 11 20 34 37
5 0 11 20 46 61
5 0 11 20 51 54
5 0 11 21 32 43
6 0 11 21 37 48 59
5 0 11 21 38 51
6 0 11 22 31 42 60
5 0 11 22 32 43
5 0 11 22 37 56
6 0 11 22 38 48 59
5 0 11 23 30 42
8 0 11 23 31 32 43 52 60
5 0 11 23 53 56
5 0 11 24 32 43
5 0 11 24 35 36
5 0 11 24 45 63
5 0 11 24 51 58
5 0 11 25 31 60
5 0 11 25 32 43
5 0 11 25 35 37
5 0 11 25 42 51
5 0 11 26 31 60
5 0 11 26 32 43
5 0 11 26 35 38
6 0 11 26 36 57 63
6 0 11 26 42 48 59
5 0 11 28 32 43
5 0 11 28 34 45
5 0 11 28 35 52
6 0 11 28 44 48 59
5 0 11 28 46 53
5 0 11 28 51 62
6 0 11 29 45 48 59
6 0 11 29 46 51 52
6 0 11 30 46 48 59
6 0 11 31 33 53 60
6 0 11 31 34 54 60
5 0 11 31 36 60
5 0 11 31 37 60
5 0 11 31 39 60
5 0 11 31 49 60
5 0 11 31 50 60
5 0 11 32 43 50
5 0 11 32 43 57
5 0 11 32 43 61
5 0 11 32 43 62
5 0 11 32 43 63
5 0 11 33 54 63
5 0 11 35 45 57
5 0 11 35 46 58
5 0 11 36 51 53
5 0 11 39 54 56
5 0 11 40 51 57
5 0 11 44 51 61
8 0 12 16 28 35 36 40 47
8 0 12 16 28 36 40 49 61
12 0 12 16 28 36 40 50 51 53 57 62 63
8 0 12 16 28 36 40 54 58
8 0 12 16 28 36 40 55 59
6 0 12 17 19 29 31
6 0 12 17 29 32 44
6 0 12 17 29 35 47
6 0 12 17 29 39 43
6 0 12 17 29 49 61
6 0 12 17 29 50 62
6 0 12 17 29 52 56
6 0 12 17 29 54 58
8 0 12 18 19 21 25 30 31
6 0 12 18 30 32 44
6 0 12 18 30 33 45
6 0 12 18 30 35 47
6 0 12 18 30 50 62
6 0 12 18 30 52 56
6 0 12 18 30 53 57
6 0 12 18 30 55 59
6 0 12 19 20 24 31
6 0 12 19 22 26 31
6 0 12 19 31 32 44
6 0 12 19 31 37 41
6 0 12 19 31 38 42
6 0 12 19 31 49 61
6 0 12 19 31 50 62
6 0 12 19 31 52 56
6 0 12 19 31 53 57
6 0 12 19 31 54 58
10 0 12 20 24 33 45 51 54 58 63
10 0 12 20 24 34 35 37 41 46 47
6 0 12 20 24 38 42
6 0 12 20 24 39 43
6 0 12 20 24 49 61
6 0 12 20 24 50 62
6 0 12 20 24 53 57
6 0 12 20 24 55 59
6 0 12 21 23 25 27
6 0 12 21 25 32 44
8 0 12 21 25 33 45 49 61
6 0 12 21 25 35 47
8 0 12 21 25 37 41 48 60
6 0 12 21 25 39 43
6 0 12 21 25 50 62
6 0 12 21 25 52 56
6 0 12 21 25 53 57
6 0 12 21 25 54 58
6 0 12 22 23 26 27
6 0 12 22 26 32 44
8 0 12 22 26 33 45 52 56
6 0 12 22 26 35 47
8 0 12 22 26 38 42 48 60
6 0 12 22 26 39 43
6 0 12 22 26 49 61
6 0 12 22 26 51 63
6 0 12 22 26 53 57
6 0 12 22 26 54 58
6 0 12 22 26 55 59
6 0 12 23 27 33 45
6 0 12 23 27 37 41
6 0 12 23 27 38 42
8 0 12 23 27 39 43 48 60
6 0 12 23 27 49 61
6 0 12 23 27 50 62
6 0 12 23 27 52 56
6 0 12 23 27 54 58
6 0 12 23 27 55 59
8 0 12 32 44 49 51 61 63
6 0 12 32 44 50 62
6 0 12 32 44 54 58
6 0 12 32 44 55 59
6 0 12 33 35 45 47
6 0 12 33 45 50 62
6 0 12 33 45 55 59
6 0 12 34 46 52 56
6 0 12 35 38 42 47
6 0 12 35 47 49 61
6 0 12 35 47 50 62
6 0 12 35 47 52 56
6 0 12 35 47 53 57
6 0 12 35 47 54 58
6 0 12 37 39 41 43
6 0 12 37 41 49 61
6 0 12 37 41 50 62
6 0 12 37 41 51 63
6 0 12 37 41 52 56
6 0 12 37 41 53 57
6 0 12 37 41 54 58
6 0 12 37 41 55 59
6 0 12 38 39 42 43
6 0 12 38 42 49 61
6 0 12 38 42 50 62
6 0 12 38 42 52 56
6 0 12 38 42 53 57
6 0 12 38 42 54 58
6 0 12 39 43 49 61
6 0 12 39 43 50 62
6 0 12 39 43 52 56
6 0 12 39 43 53 57
6 0 12 39 43 54 58
6 0 12 39 43 55 59
6 0 12 51 52 56 63
6 0 12 53 55 57 59
6 0 12 54 55 58 59
5 0 13 16 29 35
5 0 13 16 29 38
5 0 13 16 29 39
5 0 13 16 29 43
5 0 13 16 29 44
8 0 13 16 29 46 47 50 51
5 0 13 16 29 52
5 0 13 16 29 54
5 0 13 16 29 55
5 0 13 16 29 57
5 0 13 16 29 58
5 0 13 16 29 59
5 0 13 16 29 62
5 0 13 17 32 45
6 0 13 17 33 48 61
5 0 13 17 46 62
5 0 13 17 57 60
5 0 13 18 28 33
5 0 13 18 32 45
5 0 13 18 38 40
5 0 13 18 39 63
5 0 13 18 43 55
5 0 13 18 47 51
5 0 13 19 32 45
6 0 13 19 35 48 61
5 0 13 19 39 40
5 0 13 19 43 54
5 0 13 19 44 50
5 0 13 19 59 60
5 0 13 20 32 45
6 0 13 20 36 48 61
5 0 13 20 46 59
6 0 13 20 47 51 54
5 0 13 21 30 34
5 0 13 21 32 45
5 0 13 21 33 58
6 0 13 21 38 47 51
5 0 13 21 41 60
5 0 13 22 32 45
5 0 13 22 33 57
6 0 13 22 38 48 61
5 0 13 22 42 60
5 0 13 23 28 53
5 0 13 23 30 34
5 0 13 23 32 45
6 0 13 23 39 48 61
6 0 13 23 43 50 60
5 0 13 23 44 54
5 0 13 23 46 56
6 0 13 24 30 34 41
6 0 13 24 32 45 63
5 0 13 24 36 49
5 0 13 24 46 55
6 0 13 24 47 51 58
5 0 13 25 32 45
6 0 13 25 33 54 63
6 0 13 25 41 48 61
6 0 13 25 42 47 51
5 0 13 26 32 45
6 0 13 26 33 53 60
5 0 13 26 38 49
6 0 13 26 42 48 61
5 0 13 26 47 51
5 0 13 27 28 57
5 0 13 27 32 45
6 0 13 27 43 48 61
5 0 13 27 44 58
5 0 13 27 46 52
5 0 13 28 35 50
5 0 13 28 39 54
5 0 13 28 43 58
6 0 13 30 31 34 35
5 0 13 30 34 44
5 0 13 30 34 50
5 0 13 30 34 52
5 0 13 30 34 53
5 0 13 30 34 55
5 0 13 30 34 56
5 0 13 30 34 57
5 0 13 30 34 62
6 0 13 31 32 45 50
5 0 13 31 36 54
5 0 13 31 37 43
5 0 13 31 40 58
5 0 13 31 49 55
5 0 13 32 45 54
5 0 13 32 45 55
5 0 13 32 45 56
5 0 13 32 45 58
5 0 13 32 45 62
5 0 13 35 55 60
6 0 13 36 47 51 53
5 0 13 36 57 63
5 0 13 37 46 63
5 0 13 40 46 53
5 0 13 40 62 63
5 0 13 41 47 51
6 0 13 43 44 49 56
5 0 13 47 51 52
5 0 13 47 51 56
5 0 14 16 30 35
5 0 14 16 30 39
5 0 14 16 30 43
6 0 14 16 30 47 49
5 0 14 16 30 52
5 0 14 16 30 58
5 0 14 16 30 59
5 0 14 16 30 61
6 0 14 17 32 46 61
5 0 14 17 37 40
5 0 14 17 43 55
5 0 14 17 57 60
5 0 14 18 32 46
5 0 14 18 33 44
5 0 14 18 39 63
5 0 14 18 58 60
5 0 14 19 32 46
6 0 14 19 35 48 62
5 0 14 19 39 40
5 0 14 19 43 53
5 0 14 19 44 49
5 0 14 19 59 60
5 0 14 20 32 46
5 0 14 20 34 37
6 0 14 20 36 48 62
5 0 14 20 45 56
5 0 14 20 47 53
5 0 14 21 32 46
6 0 14 21 37 48 62
5 0 14 21 41 60
5 0 14 22 31 51
5 0 14 22 32 46
5 0 14 22 37 44
5 0 14 22 42 60
6 0 14 23 39 48 62
6 0 14 23 43 49 60
6 0 14 24 31 51 58
5 0 14 24 32 46
5 0 14 24 34 41
5 0 14 24 36 50
5 0 14 24 47 57
6 0 14 25 31 42 51
5 0 14 25 32 46
5 0 14 25 37 50
6 0 14 25 41 48 62
5 0 14 26 31 51
5 0 14 26 32 46
6 0 14 26 33 54 63
5 0 14 26 41 44
6 0 14 26 42 48 62
5 0 14 27 29 42
6 0 14 27 43 48 62
5 0 14 28 32 46
5 0 14 28 34 45
5 0 14 28 35 49
5 0 14 28 39 53
5 0 14 28 43 57
5 0 14 28 50 52
8 0 14 29 31 32 46 49 51
5 0 14 29 50 53
5 0 14 31 33 51
6 0 14 31 36 51 53
5 0 14 31 37 51
6 0 14 31 40 51 57
5 0 14 31 45 51
5 0 14 31 51 52
5 0 14 31 51 56
5 0 14 32 46 54
5 0 14 32 46 55
5 0 14 32 46 56
5 0 14 32 46 59
5 0 14 32 46 63
5 0 14 33 53 60
5 0 14 34 54 60
5 0 14 35 55 60
5 0 14 36 57 63
5 0 14 39 44 54
5 0 14 43 44 58
5 0 14 45 50 57
5 0 15 16 31 35
5 0 15 16 31 44
5 0 15 17 27 28
6 0 15 17 27 32 47
5 0 15 17 27 35
6 0 15 17 27 36 46
5 0 15 17 27 41
5 0 15 17 27 44
6 0 15 17 27 49 59
6 0 15 17 27 50 55
6 0 15 17 27 52 62
6 0 15 17 27 53 58
5 0 15 18 23 25
6 0 15 18 23 28 41
6 0 15 18 23 32 47
9 0 15 18 23 33 43 53 58 60
5 0 15 18 23 35
6 0 15 18 23 36 46
6 0 15 18 23 37 42
7 0 15 18 23 38 40 45
5 0 15 18 23 44
6 0 15 18 23 50 55
6 0 15 18 23 52 62
5 0 15 18 23 54
6 0 15 18 23 56 61
5 0 15 18 23 57
5 0 15 19 20 30
5 0 15 19 21 26
6 0 15 19 24 29 38
5 0 15 19 32 47
6 0 15 19 35 48 63
5 0 15 19 37 42
6 0 15 19 44 53 58
6 0 15 19 49 59 60
5 0 15 19 50 55
5 0 15 19 52 62
5 0 15 19 56 61
6 0 15 20 30 32 47
6 0 15 20 30 33 43
5 0 15 20 30 35
5 0 15 20 30 38
5 0 15 20 30 44
6 0 15 20 30 49 59
6 0 15 20 30 52 62
6 0 15 20 30 53 58
6 0 15 20 30 56 61
5 0 15 21 26 28
8 0 15 21 26 33 43 50 55
5 0 15 21 26 35
8 0 15 21 26 36 46 56 61
6 0 15 21 26 38 51
6 0 15 21 26 41 60
5 0 15 21 26 44
6 0 15 21 26 49 59
6 0 15 21 26 52 62
5 0 15 21 26 54
5 0 15 21 26 57
5 0 15 22 24 29
5 0 15 22 32 47
7 0 15 22 33 43 49 59
5 0 15 22 36 46
6 0 15 22 37 42 60
6 0 15 22 38 48 63
5 0 15 22 50 55
5 0 15 22 53 58
5 0 15 22 56 61
6 0 15 24 29 32 47
6 0 15 24 29 33 43
7 0 15 24 29 34 39 41
5 0 15 24 29 35
9 0 15 24 29 36 46 51 53 58
6 0 15 24 29 37 42
5 0 15 24 29 44
6 0 15 24 29 49 59
6 0 15 24 29 50 55
5 0 15 24 29 54
6 0 15 24 29 56 61
5 0 15 24 29 57
5 0 15 25 32 47
5 0 15 25 33 43
7 0 15 25 36 46 52 62
6 0 15 25 37 42 51
6 0 15 25 41 48 63
5 0 15 25 50 55
5 0 15 25 53 58
5 0 15 25 56 61
5 0 15 28 32 47
6 0 15 28 35 53 58
5 0 15 28 37 42
6 0 15 28 44 48 63
5 0 15 28 49 59
5 0 15 28 50 55
6 0 15 28 51 52 62
5 0 15 28 56 61
6 0 15 32 47 50 55
6 0 15 32 47 56 61
5 0 15 33 43 44
6 0 15 33 43 52 62
6 0 15 33 43 56 61
5 0 15 33 43 57
5 0 15 34 39 44
6 0 15 34 39 53 58
6 0 15 34 39 56 61
5 0 15 34 39 57
5 0 15 35 36 46
5 0 15 35 37 42
5 0 15 35 40 45
5 0 15 35 49 59
6 0 15 35 50 55 60
5 0 15 35 52 62
5 0 15 35 56 61
6 0 15 36 46 49 59
6 0 15 36 46 50 55
5 0 15 36 46 54
5 0 15 37 42 44
6 0 15 37 42 49 59
6 0 15 37 42 50 55
6 0 15 37 42 52 62
5 0 15 37 42 54
6 0 15 37 42 56 61
5 0 15 37 42 57
5 0 15 38 49 59
5 0 15 38 50 55
5 0 15 38 52 62
5 0 15 38 53 58
6 0 15 40 45 50 55
6 0 15 40 45 53 58
5 0 15 40 45 54
5 0 15 41 49 59
5 0 15 41 52 62
5 0 15 41 53 58
5 0 15 41 56 61
5 0 15 44 49 59
5 0 15 44 50 55
6 0 15 44 51 56 61
5 0 15 44 52 62
5 0 15 50 55 57
5 0 15 54 56 61
6 0 16 35 44 54 57
5 0 16 35 53 63
6 0 16 35 55 56 60
6 0 16 38 43 53 63
5 0 16 38 52 58
5 0 16 39 52 59
5 0 16 39 56 60
5 0 16 39 58 61
6 0 16 41 46 53 63
5 0 16 41 49 58
6 0 16 44 50 51 61
5 0 16 44 53 63
5 0 16 45 49 62
5 0 16 45 50 51
5 0 16 45 55 58
5 0 16 49 56 60
5 0 16 50 51 52
6 0 16 50 51 56 60
6 0 16 53 55 61 63
6 0 17 19 20 28 42
6 0 17 19 37 39 40
5 0 17 19 41 43
5 0 17 19 45 47
5 0 17 19 53 55
6 0 17 19 57 59 60
5 0 17 19 61 63
6 0 17 20 33 36 48
5 0 17 20 35 44
7 0 17 20 38 39 41 45
5 0 17 20 43 46
5 0 17 20 49 52
5 0 17 20 50 56
5 0 17 20 55 61
5 0 17 20 59 62
5 0 17 23 31 42
6 0 17 23 33 39 48
6 0 17 23 37 40 46
6 0 17 23 43 57 60
5 0 17 23 49 55
5 0 17 23 56 62
5 0 17 24 28 38
5 0 17 24 39 46
5 0 17 24 42 43
5 0 17 24 45 63
5 0 17 24 49 56
5 0 17 24 55 62
5 0 17 24 57 60
5 0 17 26 31 39
5 0 17 26 32 56
6 0 17 26 33 42 48
5 0 17 26 49 58
5 0 17 26 50 63
5 0 17 26 57 60
6 0 17 28 33 44 48
5 0 17 28 46 47
6 0 17 30 33 46 48
5 0 17 30 37 40
5 0 17 30 49 62
6 0 17 31 33 47 48
5 0 17 31 37 40
5 0 17 31 49 63
5 0 17 32 54 59
5 0 17 35 37 40
5 0 17 35 41 63
5 0 17 35 54 56
6 0 17 35 55 57 60
5 0 17 36 42 44
5 0 17 37 40 49
5 0 17 37 40 50
6 0 17 37 40 53 56
5 0 17 37 40 55
6 0 17 37 40 58 61
5 0 17 37 40 59
6 0 17 37 40 62 63
5 0 17 39 42 47
5 0 17 41 54 61
5 0 17 42 53 61
5 0 17 42 54 62
5 0 17 44 55 58
5 0 17 47 52 58
5 0 17 50 57 60
5 0 18 19 20 41
5 0 18 19 24 28
7 0 18 19 37 58 59 60
8 0 18 19 38 39 40 62 63
5 0 18 19 42 43
5 0 18 19 46 47
5 0 18 19 54 55
5 0 18 20 39 63
5 0 18 20 42 46
5 0 18 20 43 45
5 0 18 20 50 52
5 0 18 20 51 54
5 0 18 20 59 61
5 0 18 21 28 43
8 0 18 21 35 41 55 58 60
7 0 18 21 38 40 51 57
5 0 18 21 50 53
5 0 18 24 35 44
5 0 18 24 43 46
5 0 18 24 50 56
6 0 18 24 51 58 60
5 0 18 24 54 57
5 0 18 24 55 61
5 0 18 24 59 62
6 0 18 25 28 39 63
5 0 18 25 35 59
5 0 18 25 42 51
5 0 18 25 50 57
5 0 18 25 58 60
5 0 18 27 28 37
5 0 18 27 33 57
5 0 18 27 36 45
5 0 18 27 50 59
5 0 18 27 52 61
5 0 18 27 58 60
5 0 18 29 38 40
5 0 18 29 46 51
5 0 18 29 50 61
5 0 18 31 33 61
5 0 18 31 38 40
6 0 18 31 39 50 63
5 0 18 31 43 62
6 0 18 32 52 58 60
5 0 18 32 53 56
6 0 18 33 39 54 63
5 0 18 33 47 62
5 0 18 35 37 54
5 0 18 35 38 40
5 0 18 35 45 62
5 0 18 36 51 53
6 0 18 37 39 61 63
5 0 18 38 40 46
5 0 18 38 40 50
6 0 18 38 40 54 56
5 0 18 38 40 55
5 0 18 38 40 59
5 0 18 38 40 61
6 0 18 39 41 44 63
5 0 18 39 46 63
5 0 18 39 52 63
5 0 18 39 56 63
5 0 18 44 51 61
6 0 19 20 35 36 48
5 0 19 20 43 47
5 0 19 21 24 46
6 0 19 21 35 37 48
5 0 19 21 39 40
6 0 19 21 41 59 60
6 0 19 22 24 45 63
6 0 19 22 35 38 48
5 0 19 22 37 49
6 0 19 22 42 59 60
5 0 19 24 30 37
5 0 19 25 43 63
5 0 19 25 50 53
5 0 19 25 55 58
6 0 19 26 35 42 48
5 0 19 26 41 49
5 0 19 26 59 60
6 0 19 28 32 54 57
6 0 19 28 35 44 48
5 0 19 28 38 41
5 0 19 28 50 56
5 0 19 28 55 61
6 0 19 29 35 45 48
5 0 19 29 39 40
6 0 19 30 35 46 48
5 0 19 30 39 40
5 0 19 30 43 50
5 0 19 30 45 49
6 0 19 32 52 59 60
5 0 19 36 57 63
5 0 19 36 58 61
5 0 19 36 59 60
5 0 19 38 59 60
5 0 19 39 40 44
5 0 19 39 40 47
5 0 19 39 40 53
6 0 19 39 40 55 56
5 0 19 39 40 61
5 0 19 43 49 58
5 0 19 45 52 58
5 0 19 47 49 62
5 0 19 49 55 63
5 0 19 50 59 60
5 0 20 26 31 45
5 0 20 26 32 50
6 0 20 26 36 42 48
5 0 20 26 51 54
5 0 20 26 52 58
5 0 20 26 56 63
5 0 20 27 34 37
6 0 20 27 36 43 48
5 0 20 27 52 59
6 0 20 28 34 37 45
5 0 20 28 38 46
5 0 20 28 39 47
6 0 20 28 51 54 62
5 0 20 28 53 61
5 0 20 28 55 63
5 0 20 29 31 42
6 0 20 29 34 37 43
6 0 20 29 36 45 48
6 0 20 29 46 51 54
5 0 20 29 50 59
5 0 20 29 52 61
5 0 20 31 34 37
6 0 20 31 36 47 48
5 0 20 31 52 63
5 0 20 32 57 62
5 0 20 33 35 42
5 0 20 34 37 44
6 0 20 34 37 50 53
5 0 20 34 37 52
6 0 20 34 37 55 58
5 0 20 34 37 56
6 0 20 34 37 59 63
5 0 20 34 37 61
5 0 20 34 37 62
5 0 20 35 58 61
5 0 20 38 44 63
5 0 20 38 55 57
5 0 20 42 45 47
5 0 20 42 53 55
5 0 20 42 57 59
5 0 20 44 50 57
6 0 20 44 51 54 61
5 0 20 47 49 58
5 0 20 51 54 56
5 0 21 23 29 31
5 0 21 23 33 35
6 0 21 23 37 39 48
5 0 21 23 45 47
5 0 21 23 53 55
5 0 21 23 57 59
7 0 21 24 34 41 54 60
8 0 21 24 38 44 51 58 61
5 0 21 24 53 56
6 0 21 27 37 43 48
5 0 21 27 41 60
5 0 21 27 47 61
5 0 21 27 53 59
5 0 21 28 34 45
6 0 21 28 37 44 48
6 0 21 28 38 51 62
5 0 21 29 36 44
6 0 21 29 37 45 48
5 0 21 29 39 47
5 0 21 29 53 61
5 0 21 29 54 62
6 0 21 30 37 46 48
5 0 21 30 38 51
5 0 21 30 47 55
5 0 21 30 53 62
5 0 21 31 54 59
5 0 21 31 57 62
6 0 21 34 40 50 56
6 0 21 38 41 51 60
5 0 21 38 45 51
5 0 21 38 51 52
5 0 21 38 51 56
5 0 21 39 41 60
5 0 21 39 59 61
5 0 21 41 49 60
5 0 21 41 50 60
5 0 21 45 55 62
5 0 22 23 25 29
5 0 22 23 30 31
5 0 22 23 37 53
6 0 22 23 38 39 48
5 0 22 23 46 47
5 0 22 23 54 55
5 0 22 23 58 59
5 0 22 24 42 60
5 0 22 24 44 62
5 0 22 24 51 58
5 0 22 24 54 56
5 0 22 25 27 30
5 0 22 25 33 36
5 0 22 25 35 44
7 0 22 25 39 45 59 62
6 0 22 25 42 51 60
5 0 22 25 43 46
5 0 22 25 50 56
5 0 22 25 54 57
5 0 22 25 55 61
7 0 22 27 37 47 57 62
6 0 22 27 38 43 48
5 0 22 27 42 60
5 0 22 27 54 59
5 0 22 28 46 63
5 0 22 28 53 56
5 0 22 28 58 61
6 0 22 29 38 45 48
5 0 22 29 44 52
5 0 22 29 46 51
5 0 22 29 54 61
5 0 22 30 36 44
5 0 22 30 37 45
6 0 22 30 38 46 48
5 0 22 30 39 47
5 0 22 30 53 61
5 0 22 30 54 62
6 0 22 31 33 54 63
5 0 22 31 37 61
6 0 22 31 38 47 48
5 0 22 32 49 51
5 0 22 32 53 62
5 0 22 33 39 50
6 0 22 33 42 53 60
5 0 22 35 37 50
6 0 22 35 42 55 60
5 0 22 36 42 60
5 0 22 36 51 53
5 0 22 36 56 62
5 0 22 37 39 54
5 0 22 37 43 58
5 0 22 39 42 60
5 0 22 42 49 60
5 0 22 42 50 60
5 0 22 44 51 61
5 0 22 46 52 61
5 0 22 52 58 63
5 0 23 24 34 41
5 0 23 24 43 60
5 0 23 24 55 56
5 0 23 25 35 49
6 0 23 25 39 41 48
5 0 23 25 43 60
5 0 23 25 55 57
7 0 23 26 35 41 50 53
6 0 23 26 39 42 48
5 0 23 26 43 60
5 0 23 26 55 58
5 0 23 28 34 45
6 0 23 28 39 44 48
5 0 23 29 33 36
5 0 23 29 34 40
5 0 23 29 35 44
5 0 23 29 49 52
5 0 23 29 54 57
5 0 23 29 55 61
5 0 23 29 59 62
5 0 23 30 33 40
6 0 23 30 39 46 48
5 0 23 30 45 53
5 0 23 30 49 56
5 0 23 30 55 62
5 0 23 31 36 44
5 0 23 31 37 45
5 0 23 31 38 46
6 0 23 31 39 47 48
5 0 23 31 53 61
5 0 23 31 54 62
5 0 23 32 58 61
6 0 23 34 43 54 60
5 0 23 34 52 58
5 0 23 35 42 54
5 0 23 36 43 60
5 0 23 37 43 60
5 0 23 38 43 60
5 0 23 44 49 58
5 0 23 47 53 62
8 0 24 28 34 41 45 59 63
7 0 24 28 37 51 58 62
5 0 24 28 42 46
5 0 24 28 43 47
5 0 24 28 57 61
5 0 24 30 33 39
5 0 24 30 36 54
5 0 24 30 49 55
5 0 24 30 51 58
5 0 24 30 56 62
5 0 24 31 34 41
5 0 24 31 36 55
6 0 24 31 45 56 63
5 0 24 31 46 59
6 0 24 32 49 51 58
5 0 24 32 50 53
5 0 24 33 53 60
5 0 24 34 41 43
5 0 24 34 41 44
6 0 24 34 41 50 57
5 0 24 34 41 55
5 0 24 34 41 56
5 0 24 34 41 61
5 0 24 34 41 62
6 0 24 35 38 45 63
5 0 24 35 55 60
6 0 24 36 45 57 63
5 0 24 36 47 59
5 0 24 37 44 57
6 0 24 37 45 55 63
5 0 24 39 44 59
5 0 24 43 45 63
5 0 24 45 49 63
5 0 24 45 50 63
5 0 25 27 29 31
5 0 25 27 33 35
5 0 25 27 37 39
6 0 25 27 41 43 48
5 0 25 27 45 47
5 0 25 27 53 55
5 0 25 27 57 59
5 0 25 28 37 52
6 0 25 28 41 44 48
6 0 25 28 42 51 62
5 0 25 29 37 53
6 0 25 29 41 45 48
5 0 25 29 43 47
5 0 25 29 57 61
5 0 25 29 58 62
7 0 25 30 37 47 54 59
6 0 25 30 41 46 48
5 0 25 30 42 51
5 0 25 30 57 62
6 0 25 31 36 57 63
5 0 25 31 37 55
6 0 25 31 41 47 48
5 0 25 32 52 60
5 0 25 32 53 59
5 0 25 33 42 51
5 0 25 33 50 59
5 0 25 33 53 60
5 0 25 35 55 60
6 0 25 36 42 51 53
5 0 25 36 45 56
5 0 25 37 44 56
5 0 25 37 45 57
5 0 25 37 46 58
6 0 25 42 44 51 61
5 0 25 42 45 51
5 0 25 42 51 52
5 0 25 42 51 56
5 0 25 43 49 55
5 0 25 49 58 63
5 0 26 27 30 31
5 0 26 27 38 39
6 0 26 27 42 43 48
5 0 26 27 46 47
5 0 26 27 54 55
5 0 26 27 58 59
5 0 26 28 38 52
6 0 26 28 42 44 48
5 0 26 28 51 62
7 0 26 29 38 44 53 56
6 0 26 29 42 45 48
5 0 26 29 46 51
5 0 26 29 58 61
5 0 26 30 41 45
6 0 26 30 42 46 48
5 0 26 30 43 47
5 0 26 30 57 61
5 0 26 30 58 62
5 0 26 31 38 55
5 0 26 31 41 61
5 0 26 32 49 51
5 0 26 32 52 60
5 0 26 38 45 57
5 0 26 38 46 58
5 0 26 38 47 59
5 0 26 39 41 54
5 0 26 39 46 59
5 0 26 41 43 58
5 0 26 41 47 62
5 0 26 43 45 62
5 0 27 28 34 45
5 0 27 28 39 52
6 0 27 28 43 44 48
5 0 27 28 46 56
5 0 27 29 34 36
5 0 27 29 39 53
6 0 27 29 43 45 48
5 0 27 29 50 52
5 0 27 29 59 61
5 0 27 30 33 36
5 0 27 30 35 44
5 0 27 30 38 41
7 0 27 30 39 45 54 57
6 0 27 30 43 46 48
5 0 27 30 49 52
5 0 27 30 50 56
5 0 27 30 55 61
5 0 27 31 39 55
5 0 27 31 41 45
5 0 27 31 42 46
6 0 27 31 43 47 48
5 0 27 31 58 62
5 0 27 32 52 60
5 0 27 33 53 60
5 0 27 34 54 60
5 0 27 35 50 57
5 0 27 35 55 60
5 0 27 36 47 56
5 0 27 38 47 58
5 0 27 39 44 56
5 0 27 39 46 58
5 0 27 39 47 59
6 0 28 32 49 51 62
5 0 28 33 51 62
5 0 28 33 54 63
5 0 28 33 55 58
5 0 28 34 35 45
5 0 28 34 45 47
6 0 28 34 45 50 61
5 0 28 34 45 53
5 0 28 34 45 55
5 0 28 39 49 58
5 0 28 41 51 62
5 0 28 46 52 58
5 0 28 47 52 59
5 0 28 51 56 62
5 0 28 52 61 63
5 0 29 31 33 35
5 0 29 31 37 39
5 0 29 31 41 43
6 0 29 31 45 47 48
5 0 29 31 53 55
5 0 29 31 57 59
5 0 29 32 55 58
5 0 29 33 46 51
5 0 29 35 52 58
5 0 29 37 46 51
6 0 29 40 46 51 57
5 0 29 40 49 58
5 0 29 41 46 51
5 0 29 42 44 57
5 0 29 47 53 59
5 0 30 31 38 39
5 0 30 31 42 43
5 0 30 31 45 61
6 0 30 31 46 47 48
5 0 30 31 58 59
5 0 30 32 49 51
5 0 30 33 47 50
5 0 30 35 45 50
5 0 30 36 51 53
5 0 30 40 51 57
5 0 30 41 47 58
5 0 30 43 45 58
5 0 30 44 51 61
5 0 30 44 54 56
5 0 30 45 47 62
5 0 31 33 52 58
5 0 31 35 50 61
5 0 31 36 49 58
5 0 31 39 54 61
5 0 31 43 58 61
5 0 31 44 55 56
5 0 31 45 55 57
5 0 31 46 55 58
6 0 32 49 51 52 60
5 0 32 49 51 56
5 0 32 50 52 60
5 0 32 50 56 63
5 0 33 35 36 44
6 0 33 35 53 55 60
6 0 33 35 54 61 63
5 0 33 35 57 59
5 0 33 36 49 52
5 0 33 36 50 56
6 0 33 36 51 53 60
6 0 33 36 54 57 63
5 0 33 36 55 61
5 0 33 36 59 62
5 0 33 39 49 55
5 0 33 39 53 60
5 0 33 39 56 62
7 0 33 40 44 51 57 61
5 0 33 40 49 56
7 0 33 40 54 55 62 63
5 0 33 42 49 58
5 0 33 44 54 63
5 0 33 46 49 62
5 0 33 46 54 63
5 0 33 47 58 61
5 0 33 50 53 60
7 0 34 35 36 54 55 60
9 0 34 35 40 44 58 59 62 63
5 0 34 36 50 52
7 0 34 36 57 59 61 63
5 0 34 40 55 61
5 0 34 43 52 61
5 0 34 52 59 63
5 0 35 36 57 63
5 0 35 37 55 60
5 0 35 38 55 60
5 0 35 44 49 52
5 0 35 45 49 58
5 0 35 49 55 60
5 0 36 42 52 58
5 0 36 43 52 59
5 0 36 43 57 63
6 0 36 44 51 53 61
5 0 36 44 54 62
6 0 36 44 55 57 63
5 0 36 45 50 59
5 0 36 45 51 53
5 0 36 45 52 61
5 0 36 47 55 58
5 0 36 51 53 56
5 0 37 39 45 47
5 0 37 39 53 55
5 0 37 39 57 59
5 0 37 43 53 59
5 0 37 44 51 61
5 0 37 45 53 61
5 0 37 45 54 62
5 0 37 46 53 62
5 0 38 39 46 47
5 0 38 39 54 55
5 0 38 39 58 59
5 0 38 41 43 46
5 0 38 41 50 56
5 0 38 41 54 57
5 0 38 41 55 61
5 0 38 41 59 62
5 0 38 43 54 59
5 0 38 43 57 62
5 0 38 45 54 61
5 0 38 46 53 61
5 0 38 46 54 62
5 0 39 41 55 57
5 0 39 42 50 53
5 0 39 42 55 58
5 0 39 44 52 58
5 0 39 45 49 52
5 0 39 46 49 56
5 0 39 46 55 62
5 0 39 47 53 61
5 0 40 46 49 55
5 0 40 49 62 63
5 0 41 43 45 47
5 0 41 43 53 55
5 0 41 43 57 59
5 0 41 44 51 61
5 0 41 45 57 61
5 0 41 45 58 62
5 0 41 46 54 59
5 0 41 46 57 62
5 0 42 43 46 47
5 0 42 43 54 55
5 0 42 43 58 59
5 0 42 45 53 56
5 0 42 45 58 61
5 0 42 46 57 61
5 0 42 46 58 62
5 0 43 45 50 52
5 0 43 45 59 61
5 0 43 46 49 52
5 0 43 46 50 56
5 0 43 46 54 57
5 0 43 46 55 61
5 0 43 46 59 62
5 0 43 47 57 61
5 0 43 47 58 62
5 0 44 51 52 61
5 0 45 47 53 55
5 0 46 47 54 55
5 0 46 47 58 59
5 0 54 55 57 61
5 0 54 57 59 62
24 1 2 4 7 8 11 13 14 16 19 28 31 32 35 44 47 49 50 52 55 56 59 61 62
20 1 2 4 7 8 11 13 14 17 18 20 23 24 27 29 30 37 38 41 42
12 1 2 4 7 8 11 13 14 21 22 25 26
16 1 2 4 7 8 11 13 14 33 34 36 39 40 43 45 46
12 1 2 4 7 8 11 13 14 48 51 60 63
12 1 2 4 7 8 11 13 14 53 54 57 58
20 1 2 5 6 16 19 20 23 25 26 32 35 36 39 41 42 49 50 53 54
8 1 2 5 6 17 18 21 22
10 1 2 5 6 24 27 45 46 61 62
6 1 2 5 6 28 31
6 1 2 5 6 29 30
8 1 2 5 6 33 34 37 38
6 1 2 5 6 40 43
6 1 2 5 6 44 47
10 1 2 5 6 48 51 52 55 57 58
6 1 2 5 6 56 59
6 1 2 5 6 60 63
16 1 2 9 10 16 19 24 27 32 35 40 43 49 50 57 58
8 1 2 9 10 17 18 25 26
10 1 2 9 10 20 23 33 34 41 42
6 1 2 9 10 21 22
6 1 2 9 10 28 31
8 1 2 9 10 29 30 61 62
6 1 2 9 10 36 39
6 1 2 9 10 37 38
6 1 2 9 10 44 47
6 1 2 9 10 45 46
8 1 2 9 10 48 51 56 59
6 1 2 9 10 52 55
6 1 2 9 10 53 54
6 1 2 9 10 60 63
12 1 2 12 15 16 19 32 35 49 50 60 63
10 1 2 12 15 17 18 28 31 45 46
8 1 2 12 15 20 23 41 42
6 1 2 12 15 21 22
6 1 2 12 15 24 27
6 1 2 12 15 25 26
6 1 2 12 15 29 30
8 1 2 12 15 33 34 44 47
6 1 2 12 15 36 39
6 1 2 12 15 37 38
6 1 2 12 15 40 43
6 1 2 12 15 48 51
6 1 2 12 15 52 55
6 1 2 12 15 53 54
6 1 2 12 15 56 59
6 1 2 12 15 57 58
6 1 2 12 15 61 62
12 1 2 16 19 21 22 32 35 37 38 49 50
12 1 2 16 19 29 30 32 35 45 46 49 50
10 1 2 17 18 36 39 57 58 61 62
6 1 2 17 18 40 43
6 1 2 17 18 44 47
6 1 2 17 18 52 55
6 1 2 17 18 53 54
6 1 2 17 18 56 59
6 1 2 17 18 60 63
8 1 2 20 23 28 31 41 42
8 1 2 20 23 41 42 44 47
8 1 2 20 23 41 42 45 46
8 1 2 20 23 41 42 48 51
8 1 2 20 23 41 42 52 55
8 1 2 20 23 41 42 56 59
8 1 2 20 23 41 42 57 58
8 1 2 21 22 24 27 28 31
6 1 2 21 22 29 30
6 1 2 21 22 33 34
8 1 2 21 22 36 39 52 55
6 1 2 21 22 44 47
6 1 2 21 22 45 46
6 1 2 21 22 48 51
6 1 2 21 22 53 54
6 1 2 21 22 56 59
6 1 2 21 22 57 58
6 1 2 24 27 33 34
6 1 2 24 27 36 39
6 1 2 24 27 44 47
6 1 2 24 27 48 51
6 1 2 24 27 52 55
6 1 2 24 27 53 54
6 1 2 24 27 56 59
6 1 2 24 27 60 63
6 1 2 25 26 28 31
6 1 2 25 26 29 30
6 1 2 25 26 33 34
6 1 2 25 26 37 38
8 1 2 25 26 40 43 56 59
6 1 2 25 26 44 47
6 1 2 25 26 45 46
6 1 2 25 26 48 51
6 1 2 25 26 52 55
6 1 2 25 26 57 58
6 1 2 25 26 60 63
6 1 2 25 26 61 62
6 1 2 28 31 33 34
6 1 2 28 31 36 39
6 1 2 28 31 37 38
6 1 2 28 31 40 43
6 1 2 28 31 48 51
6 1 2 28 31 53 54
6 1 2 28 31 57 58
6 1 2 28 31 60 63
6 1 2 29 30 33 34
6 1 2 29 30 36 39
8 1 2 29 30 40 43 53 54
8 1 2 29 30 44 47 60 63
6 1 2 29 30 48 51
6 1 2 29 30 52 55
6 1 2 29 30 56 59
6 1 2 29 30 57 58
6 1 2 33 34 52 55
8 1 2 33 34 53 54 61 62
6 1 2 33 34 56 59
6 1 2 33 34 57 58
6 1 2 33 34 60 63
6 1 2 36 39 44 47
6 1 2 36 39 48 51
6 1 2 36 39 56 59
6 1 2 36 39 60 63
8 1 2 37 38 40 43 44 47
6 1 2 37 38 45 46
6 1 2 37 38 48 51
6 1 2 37 38 52 55
6 1 2 37 38 53 54
6 1 2 37 38 56 59
6 1 2 37 38 57 58
6 1 2 37 38 60 63
6 1 2 37 38 61 62
6 1 2 40 43 48 51
6 1 2 40 43 52 55
6 1 2 44 47 48 51
6 1 2 44 47 53 54
6 1 2 44 47 57 58
6 1 2 45 46 48 51
6 1 2 45 46 52 55
6 1 2 45 46 53 54
6 1 2 45 46 56 59
6 1 2 45 46 57 58
6 1 2 45 46 60 63
6 1 2 48 51 53 54
6 1 2 48 51 61 62
6 1 2 52 55 60 63
8 1 2 53 54 56 59 60 63
6 1 2 57 58 60 63
6 1 3 4 12 16 48
8 1 3 4 12 17 19 20 28
10 1 3 4 12 18 24 38 41 43 46
8 1 3 4 12 21 23 29 31
8 1 3 4 12 22 25 27 30
5 1 3 4 12 26
5 1 3 4 12 32
12 1 3 4 12 33 35 36 44 53 55 61 63
6 1 3 4 12 34 40
8 1 3 4 12 37 39 45 47
5 1 3 4 12 42
8 1 3 4 12 49 51 52 60
6 1 3 4 12 50 56
8 1 3 4 12 54 57 59 62
5 1 3 4 12 58
8 1 3 5 7 16 20 48 52
8 1 3 5 7 17 19 21 23
6 1 3 5 7 18 22
7 1 3 5 7 24 30 60
12 1 3 5 7 25 27 41 43 49 51 53 55
9 1 3 5 7 26 33 35 37 39
5 1 3 5 7 28
6 1 3 5 7 29 31
6 1 3 5 7 32 36
6 1 3 5 7 34 38
6 1 3 5 7 40 46
5 1 3 5 7 42
5 1 3 5 7 44
8 1 3 5 7 45 47 61 63
6 1 3 5 7 50 54
6 1 3 5 7 56 62
6 1 3 5 7 57 59
5 1 3 5 7 58
10 1 3 6 16 26 36 41 43 48 58
6 1 3 6 17 19 22
6 1 3 6 20 25 27
8 1 3 6 21 23 33 35 38
5 1 3 6 24 44
5 1 3 6 29 31
5 1 3 6 32 42
5 1 3 6 37 39
5 1 3 6 45 47
6 1 3 6 46 61 63
6 1 3 6 49 51 54
6 1 3 6 52 57 59
5 1 3 6 53 55
5 1 3 8 16 48
6 1 3 8 17 19 24
5 1 3 8 18 42
5 1 3 8 20 34
6 1 3 8 21 23 30
5 1 3 8 25 27
6 1 3 8 28 61 63
5 1 3 8 29 31
5 1 3 8 32 60
8 1 3 8 33 35 40 57 59
6 1 3 8 37 39 46
5 1 3 8 41 43
5 1 3 8 45 47
6 1 3 8 49 51 56
6 1 3 8 53 55 62
12 1 3 9 11 16 24 29 31 48 56 61 63
9 1 3 9 11 17 19 25 27 38
8 1 3 9 11 18 21 23 26
12 1 3 9 11 20 30 36 46 49 51 57 59
5 1 3 9 11 22
5 1 3 9 11 28
8 1 3 9 11 32 40 45 47
8 1 3 9 11 33 35 41 43
8 1 3 9 11 34 37 39 42
6 1 3 9 11 44 60
8 1 3 9 11 50 53 55 58
6 1 3 9 11 52 62
5 1 3 9 11 54
6 1 3 10 16 40 48
6 1 3 10 17 19 26
5 1 3 10 20 32
5 1 3 10 21 23
8 1 3 10 25 27 33 35 42
6 1 3 10 29 31 60
6 1 3 10 30 61 63
5 1 3 10 37 39
6 1 3 10 41 43 54
5 1 3 10 45 47
6 1 3 10 49 51 58
5 1 3 10 53 55
5 1 3 10 57 59
8 1 3 13 15 16 28 48 60
12 1 3 13 15 17 19 29 31 37 39 41 43
6 1 3 13 15 18 30
12 1 3 13 15 20 24 33 35 45 47 54 58
8 1 3 13 15 21 23 25 27
6 1 3 13 15 22 26
6 1 3 13 15 32 44
6 1 3 13 15 34 46
6 1 3 13 15 36 40
6 1 3 13 15 38 42
8 1 3 13 15 49 51 61 63
6 1 3 13 15 50 62
6 1 3 13 15 52 56
8 1 3 13 15 53 55 57 59
6 1 3 14 16 44 48
6 1 3 14 17 19 30
5 1 3 14 21 23
6 1 3 14 24 36 50
5 1 3 14 25 27
8 1 3 14 29 31 33 35 46
5 1 3 14 37 39
5 1 3 14 41 43
5 1 3 14 45 47
6 1 3 14 49 51 62
5 1 3 14 53 55
5 1 3 14 57 59
5 1 3 14 61 63
8 1 3 16 21 23 48 53 55
8 1 3 16 22 37 39 48 54
8 1 3 16 25 27 48 57 59
8 1 3 16 30 45 47 48 62
5 1 3 16 38 48
5 1 3 16 42 48
5 1 3 16 46 48
7 1 3 17 19 36 54 60
6 1 3 17 19 40 58
5 1 3 17 19 42
6 1 3 17 19 44 62
6 1 3 17 19 45 47
5 1 3 17 19 46
5 1 3 17 19 52
6 1 3 17 19 53 55
5 1 3 17 19 56
8 1 3 17 19 57 59 61 63
6 1 3 18 20 37 39
5 1 3 18 25 27
6 1 3 18 28 45 47
5 1 3 18 29 31
5 1 3 18 36 56
5 1 3 18 53 55
5 1 3 18 57 59
6 1 3 18 58 61 63
5 1 3 20 26 56
7 1 3 20 29 31 53 55
5 1 3 20 38 44
5 1 3 21 23 24
5 1 3 21 23 28
6 1 3 21 23 32 54
5 1 3 21 23 34
5 1 3 21 23 36
8 1 3 21 23 37 39 49 51
5 1 3 21 23 44
6 1 3 21 23 45 47
5 1 3 21 23 46
5 1 3 21 23 50
5 1 3 21 23 52
5 1 3 21 23 56
6 1 3 21 23 57 59
5 1 3 21 23 58
5 1 3 22 29 31
5 1 3 22 33 35
6 1 3 22 38 49 51
5 1 3 22 45 47
5 1 3 22 53 55
5 1 3 22 57 59
5 1 3 24 37 39
6 1 3 24 40 49 51
5 1 3 24 53 55
5 1 3 24 57 59
5 1 3 25 27 28
6 1 3 25 27 29 31
6 1 3 25 27 32 58
5 1 3 25 27 34
5 1 3 25 27 36
6 1 3 25 27 37 39
5 1 3 25 27 40
5 1 3 25 27 44
6 1 3 25 27 45 47
6 1 3 25 27 46 60
5 1 3 25 27 50
5 1 3 25 27 52
5 1 3 25 27 54
5 1 3 25 27 56
6 1 3 25 27 61 63
5 1 3 25 27 62
5 1 3 26 29 31
6 1 3 26 42 49 51
5 1 3 26 45 47
5 1 3 26 53 55
5 1 3 26 57 59
5 1 3 26 61 63
6 1 3 28 33 35 62
5 1 3 28 37 39
5 1 3 28 40 54
5 1 3 28 41 43
6 1 3 28 44 49 51
5 1 3 28 53 55
5 1 3 28 57 59
6 1 3 29 31 32 62
5 1 3 29 31 34
5 1 3 29 31 36
5 1 3 29 31 38
5 1 3 29 31 40
5 1 3 29 31 42
5 1 3 29 31 44
8 1 3 29 31 45 47 49 51
5 1 3 29 31 50
5 1 3 29 31 52
5 1 3 29 31 54
6 1 3 29 31 57 59
5 1 3 29 31 58
5 1 3 30 33 35
6 1 3 30 34 41 43
5 1 3 30 37 39
5 1 3 30 40 52
5 1 3 30 53 55
5 1 3 32 37 39
5 1 3 32 41 43
6 1 3 32 52 61 63
5 1 3 32 53 55
5 1 3 32 57 59
5 1 3 33 35 52
6 1 3 33 35 56 60
5 1 3 34 45 47
6 1 3 34 53 55 60
6 1 3 34 54 61 63
5 1 3 34 57 59
5 1 3 36 45 47
5 1 3 37 39 40
5 1 3 37 39 44
5 1 3 37 39 50
5 1 3 37 39 52
6 1 3 37 39 53 55
5 1 3 37 39 56
6 1 3 37 39 57 59
6 1 3 37 39 58 60
6 1 3 37 39 61 63
5 1 3 37 39 62
5 1 3 38 45 47
5 1 3 38 53 55
5 1 3 38 57 59
5 1 3 38 61 63
5 1 3 40 53 55
5 1 3 41 43 44
6 1 3 41 43 45 47
5 1 3 41 43 50
5 1 3 41 43 52
5 1 3 41 43 56
6 1 3 41 43 57 59
5 1 3 42 45 47
5 1 3 42 53 55
5 1 3 42 57 59
5 1 3 44 57 59
5 1 3 45 47 50
5 1 3 45 47 52
6 1 3 45 47 53 55
5 1 3 45 47 56
6 1 3 45 47 57 59
5 1 3 45 47 60
5 1 3 46 53 55
5 1 3 50 57 59
5 1 3 50 61 63
5 1 3 53 55 56
5 1 3 57 59 60
12 1 4 6 9 16 18 24 26 33 36 38 41
8 1 4 6 9 17 20 22 25
8 1 4 6 9 19 27 28 30
5 1 4 6 9 21
12 1 4 6 9 23 29 35 43 44 46 55 61
5 1 4 6 9 31
8 1 4 6 9 32 34 40 42
5 1 4 6 9 37
6 1 4 6 9 39 45
5 1 4 6 9 47
8 1 4 6 9 48 50 56 58
8 1 4 6 9 49 52 54 57
8 1 4 6 9 51 59 60 62
5 1 4 6 9 53
5 1 4 6 9 63
6 1 4 10 16 34 40
6 1 4 10 17 20 26
7 1 4 10 18 24 38 41
5 1 4 10 19 28
5 1 4 10 22 25
10 1 4 10 23 29 39 45 49 52 58
9 1 4 10 27 30 35 44 55 61
6 1 4 10 33 36 42
5 1 4 10 43 46
5 1 4 10 50 56
5 1 4 10 51 60
5 1 4 10 54 57
5 1 4 10 59 62
6 1 4 15 16 51 60
6 1 4 15 17 20 31
7 1 4 15 18 24 38 41
6 1 4 15 19 28 53
5 1 4 15 22 25
5 1 4 15 23 29
5 1 4 15 27 30
6 1 4 15 33 36 47
5 1 4 15 34 40
7 1 4 15 35 44 55 61
5 1 4 15 39 45
5 1 4 15 43 46
6 1 4 15 49 52 63
5 1 4 15 50 56
5 1 4 15 54 57
5 1 4 15 59 62
6 1 4 16 22 25 37
6 1 4 16 23 29 53
9 1 4 16 27 30 39 45 54 57
6 1 4 16 43 46 58
5 1 4 17 20 32
12 1 4 17 20 34 35 40 44 54 55 57 61
6 1 4 17 20 39 45
6 1 4 17 20 43 46
5 1 4 17 20 47
5 1 4 17 20 48
6 1 4 17 20 50 56
7 1 4 17 20 51 53 60
5 1 4 17 20 58
6 1 4 17 20 59 62
5 1 4 17 20 63
10 1 4 18 19 24 28 38 39 41 45
7 1 4 18 24 31 38 41
7 1 4 18 24 32 38 41
7 1 4 18 24 38 41 47
8 1 4 18 24 38 41 50 56
8 1 4 18 24 38 41 51 60
8 1 4 18 24 38 41 54 57
8 1 4 18 24 38 41 59 62
7 1 4 18 24 38 41 63
6 1 4 19 21 28 42
5 1 4 19 26 28
8 1 4 19 28 33 36 54 57
7 1 4 19 28 34 40 58
5 1 4 19 28 37
5 1 4 19 28 48
6 1 4 19 28 51 60
5 1 4 21 27 30
5 1 4 21 33 36
7 1 4 21 34 40 50 56
6 1 4 21 37 49 52
5 1 4 21 39 45
5 1 4 21 43 46
5 1 4 21 51 60
5 1 4 21 54 57
5 1 4 21 59 62
6 1 4 22 23 25 29
5 1 4 22 25 31
5 1 4 22 25 32
6 1 4 22 25 33 36
9 1 4 22 25 35 42 44 55 61
8 1 4 22 25 39 45 59 62
5 1 4 22 25 47
6 1 4 22 25 50 56
6 1 4 22 25 51 60
6 1 4 22 25 54 57
5 1 4 22 25 58
5 1 4 22 25 63
7 1 4 23 29 32 54 57
6 1 4 23 29 33 36
6 1 4 23 29 34 40
5 1 4 23 29 47
5 1 4 23 29 48
6 1 4 23 29 50 56
6 1 4 23 29 51 60
6 1 4 23 29 59 62
6 1 4 26 27 30 31
5 1 4 26 34 40
6 1 4 26 42 49 52
5 1 4 26 43 46
5 1 4 26 50 56
5 1 4 26 54 57
5 1 4 26 59 62
6 1 4 27 30 32 58
6 1 4 27 30 33 36
6 1 4 27 30 34 40
8 1 4 27 30 43 46 49 52
5 1 4 27 30 47
5 1 4 27 30 48
6 1 4 27 30 50 56
6 1 4 27 30 51 60
5 1 4 27 30 53
6 1 4 27 30 59 62
5 1 4 27 30 63
5 1 4 31 33 36
5 1 4 31 34 40
5 1 4 31 39 45
5 1 4 31 43 46
5 1 4 31 51 60
5 1 4 31 54 57
5 1 4 32 39 45
5 1 4 32 43 46
5 1 4 32 51 60
5 1 4 33 36 48
6 1 4 33 36 50 56
6 1 4 33 36 51 60
5 1 4 33 36 58
6 1 4 33 36 59 62
5 1 4 34 40 47
6 1 4 34 40 51 60
6 1 4 34 40 59 62
5 1 4 34 40 63
7 1 4 35 37 44 55 61
7 1 4 35 44 48 55 61
5 1 4 37 43 46
5 1 4 37 50 56
5 1 4 37 51 60
5 1 4 37 54 57
5 1 4 37 59 62
5 1 4 39 45 48
6 1 4 39 45 50 56
5 1 4 39 45 53
5 1 4 39 45 63
6 1 4 42 43 46 47
5 1 4 42 50 56
5 1 4 42 51 60
5 1 4 42 54 57
5 1 4 42 59 62
5 1 4 43 46 48
6 1 4 43 46 50 56
6 1 4 43 46 51 60
5 1 4 43 46 53
6 1 4 43 46 54 57
6 1 4 43 46 59 62
5 1 4 43 46 63
5 1 4 47 51 60
5 1 4 47 54 57
5 1 4 48 54 57
5 1 4 48 59 62
6 1 4 50 51 56 60
5 1 4 50 56 63
5 1 4 51 58 60
5 1 4 53 59 62
5 1 4 54 57 63
6 1 4 58 59 62 63
5 1 5 8 16 20
8 1 5 8 17 21 24 32 36
10 1 5 8 18 22 28 42 45 58 61
6 1 5 8 19 23 30
8 1 5 8 25 41 49 53 56
9 1 5 8 26 29 35 39 46 59
6 1 5 8 33 37 40
6 1 5 8 34 38 44
5 1 5 8 48 52
6 1 5 8 50 54 60
6 1 5 8 51 55 62
12 1 5 10 11 16 20 30 31 40 45 56 61
12 1 5 10 11 17 21 26 27 34 35 38 39
8 1 5 10 11 18 19 22 23
7 1 5 10 11 24 29 44
10 1 5 10 11 25 41 49 53 58 59
5 1 5 10 11 28
8 1 5 10 11 32 36 46 47
8 1 5 10 11 33 37 42 43
8 1 5 10 11 48 52 62 63
8 1 5 10 11 50 51 54 55
5 1 5 10 11 57
5 1 5 10 11 60
5 1 5 12 16 20
8 1 5 12 17 21 28 48 52
8 1 5 12 18 22 46 51 55
5 1 5 12 19 23
8 1 5 12 25 41 49 53 60
7 1 5 12 26 35 39 63
5 1 5 12 29 42
5 1 5 12 32 36
6 1 5 12 33 37 44
5 1 5 12 34 38
5 1 5 12 45 61
5 1 5 12 50 54
6 1 5 14 16 20 44
8 1 5 14 17 21 30 50 54
5 1 5 14 18 22
5 1 5 14 19 23
8 1 5 14 25 41 49 53 62
7 1 5 14 26 31 35 39
5 1 5 14 29 40
5 1 5 14 32 36
6 1 5 14 33 37 46
5 1 5 14 34 38
5 1 5 14 42 47
5 1 5 14 45 61
5 1 5 14 48 52
5 1 5 14 51 55
5 1 5 14 58 63
7 1 5 15 16 20 29 60
9 1 5 15 17 21 31 42 51 55
6 1 5 15 18 22 27
5 1 5 15 19 23
10 1 5 15 25 30 41 46 49 53 63
6 1 5 15 26 35 39
9 1 5 15 32 36 45 48 52 61
6 1 5 15 33 37 47
6 1 5 15 34 38 43
6 1 5 15 50 54 59
5 1 5 15 57 62
8 1 5 16 18 20 22 33 37
6 1 5 16 20 27 57
6 1 5 16 20 34 38
6 1 5 16 20 43 58
5 1 5 16 20 46
6 1 5 16 20 47 62
6 1 5 16 20 51 55
5 1 5 16 20 59
5 1 5 16 20 63
5 1 5 17 21 40
5 1 5 17 21 43
6 1 5 17 21 44 56
6 1 5 17 21 46 58
6 1 5 17 21 47 59
5 1 5 17 21 60
5 1 5 17 21 62
5 1 5 17 21 63
6 1 5 18 22 29 62
5 1 5 18 22 31
6 1 5 18 22 32 36
5 1 5 18 22 44
6 1 5 18 22 50 54
5 1 5 18 22 56
5 1 5 18 22 57
5 1 5 18 22 59
5 1 5 18 22 60
5 1 5 18 22 63
5 1 5 19 23 24
6 1 5 19 23 33 37
6 1 5 19 23 34 38
6 1 5 19 23 40 58
8 1 5 19 23 43 45 59 61
6 1 5 19 23 44 62
5 1 5 19 23 46
5 1 5 19 23 47
6 1 5 19 23 48 52
6 1 5 19 23 51 55
5 1 5 19 23 56
5 1 5 19 23 57
5 1 5 19 23 60
8 1 5 24 26 35 39 56 58
5 1 5 24 33 37
5 1 5 24 42 57
5 1 5 24 50 54
5 1 5 24 51 55
8 1 5 25 28 41 44 49 53
8 1 5 25 31 41 47 49 53
7 1 5 26 28 35 39 62
7 1 5 26 35 39 40 57
7 1 5 26 35 39 48 52
5 1 5 27 29 47
6 1 5 27 32 36 58
5 1 5 27 33 37
5 1 5 27 48 52
5 1 5 27 50 54
5 1 5 28 32 36
6 1 5 28 33 37 56
5 1 5 28 34 38
5 1 5 28 50 54
5 1 5 28 51 55
6 1 5 29 32 36 56
6 1 5 29 34 38 58
5 1 5 29 48 52
5 1 5 29 50 54
5 1 5 29 51 55
5 1 5 30 32 36
6 1 5 30 33 37 58
7 1 5 30 34 38 51 55
5 1 5 30 42 59
5 1 5 30 48 52
6 1 5 31 32 36 62
6 1 5 31 33 37 59
5 1 5 31 34 38
5 1 5 31 46 57
5 1 5 31 48 52
5 1 5 31 50 54
6 1 5 32 34 36 38
5 1 5 32 36 43
6 1 5 32 36 51 55
5 1 5 32 36 57
5 1 5 32 36 59
5 1 5 32 36 60
5 1 5 32 36 63
6 1 5 33 37 48 52
6 1 5 33 37 50 54
6 1 5 33 37 51 55
5 1 5 33 37 60
5 1 5 33 37 62
5 1 5 33 37 63
8 1 5 34 38 45 50 54 61
5 1 5 34 38 47
5 1 5 34 38 56
5 1 5 34 38 57
5 1 5 34 38 59
5 1 5 34 38 60
5 1 5 34 38 62
5 1 5 34 38 63
5 1 5 40 50 54
5 1 5 40 51 55
5 1 5 42 48 52
5 1 5 43 48 52
5 1 5 43 50 54
5 1 5 44 48 52
5 1 5 44 50 54
5 1 5 46 48 52
5 1 5 46 50 54
5 1 5 47 48 52
5 1 5 47 50 54
5 1 5 47 51 55
6 1 5 48 50 52 54
5 1 5 48 52 59
5 1 5 50 54 63
5 1 5 51 55 56
10 1 6 7 16 26 27 36 41 52 57
8 1 6 7 17 22 23 34 35
5 1 6 7 18 19
9 1 6 7 20 25 40 46 47 61
8 1 6 7 21 37 49 54 55
6 1 6 7 24 30 31
6 1 6 7 32 42 43
6 1 6 7 33 38 39
6 1 6 7 48 58 59
5 1 6 7 50 51
6 1 6 7 56 62 63
7 1 6 8 16 26 36 41
6 1 6 8 17 22 24
6 1 6 8 18 32 42
5 1 6 8 20 25
7 1 6 8 23 30 35 59
7 1 6 8 28 39 46 61
8 1 6 8 29 45 49 54 56
6 1 6 8 33 38 40
5 1 6 8 48 58
5 1 6 8 52 57
5 1 6 8 55 62
8 1 6 14 16 26 36 41 44
6 1 6 14 17 22 30
6 1 6 14 18 43 50
6 1 6 14 20 25 28
5 1 6 14 21 29
6 1 6 14 23 31 35
5 1 6 14 32 42
8 1 6 14 33 38 46 53 61
5 1 6 14 37 45
5 1 6 14 39 47
5 1 6 14 48 58
6 1 6 14 49 54 62
6 1 6 14 52 57 60
5 1 6 14 55 63
8 1 6 15 16 26 36 41 60
8 1 6 15 17 22 31 48 58
5 1 6 15 18 51
5 1 6 15 20 25
5 1 6 15 21 45
5 1 6 15 23 35
5 1 6 15 32 42
6 1 6 15 33 38 47
5 1 6 15 46 61
6 1 6 15 49 54 63
5 1 6 15 52 57
8 1 6 16 26 30 36 41 45
7 1 6 16 26 34 36 41
8 1 6 16 26 36 41 47 62
7 1 6 16 26 36 41 51
7 1 6 16 26 36 41 55
7 1 6 16 26 36 41 59
7 1 6 16 26 36 41 63
10 1 6 17 22 32 42 46 52 57 61
6 1 6 17 22 39 51
5 1 6 17 22 44
5 1 6 17 22 45
5 1 6 17 22 47
5 1 6 17 22 50
6 1 6 17 22 53 62
5 1 6 17 22 55
5 1 6 17 22 56
5 1 6 17 22 60
5 1 6 17 22 63
6 1 6 18 20 25 37
7 1 6 18 27 31 39 55
7 1 6 18 28 45 52 57
5 1 6 18 29 53
5 1 6 18 44 56
5 1 6 18 47 59
5 1 6 19 21 34
5 1 6 19 24 55
5 1 6 19 29 60
5 1 6 19 33 38
6 1 6 19 40 48 58
5 1 6 19 43 51
5 1 6 19 44 62
6 1 6 19 46 59 61
5 1 6 19 52 57
5 1 6 20 25 29
5 1 6 20 25 31
6 1 6 20 25 33 38
5 1 6 20 25 34
7 1 6 20 25 43 52 57
6 1 6 20 25 45 60
6 1 6 20 25 48 58
5 1 6 20 25 51
5 1 6 20 25 55
5 1 6 20 25 56
5 1 6 20 25 59
5 1 6 20 25 62
5 1 6 20 25 63
8 1 6 21 27 32 42 48 58
5 1 6 21 30 40
5 1 6 21 43 53
5 1 6 21 52 57
7 1 6 23 24 35 48 58
6 1 6 23 28 35 62
5 1 6 23 35 37
7 1 6 23 35 40 52 57
5 1 6 23 35 45
5 1 6 23 35 56
5 1 6 23 35 60
5 1 6 24 32 42
6 1 6 24 39 52 57
6 1 6 24 40 49 54
5 1 6 24 43 56
5 1 6 24 47 60
5 1 6 27 34 50
5 1 6 27 37 53
5 1 6 27 40 56
5 1 6 27 44 60
5 1 6 28 32 42
5 1 6 28 33 38
5 1 6 28 34 56
5 1 6 28 43 60
6 1 6 28 44 49 54
5 1 6 28 48 58
5 1 6 29 32 42
5 1 6 29 33 38
6 1 6 29 34 52 57
5 1 6 29 48 58
6 1 6 30 32 42 56
7 1 6 30 33 38 52 57
5 1 6 30 43 62
6 1 6 31 32 42 62
5 1 6 31 33 38
5 1 6 31 34 59
5 1 6 31 40 60
5 1 6 31 43 63
6 1 6 31 47 49 54
5 1 6 31 52 57
5 1 6 32 42 51
5 1 6 32 42 55
5 1 6 32 42 59
5 1 6 32 42 60
5 1 6 32 42 63
6 1 6 33 38 48 58
5 1 6 33 38 50
5 1 6 33 38 51
5 1 6 33 38 55
5 1 6 33 38 56
5 1 6 33 38 60
5 1 6 33 38 62
5 1 6 33 38 63
5 1 6 34 43 47
5 1 6 37 46 61
5 1 6 37 48 58
5 1 6 37 52 57
5 1 6 39 48 58
5 1 6 44 48 58
5 1 6 44 52 57
5 1 6 45 48 58
5 1 6 46 50 61
5 1 6 46 51 61
5 1 6 47 48 58
5 1 6 47 52 57
5 1 6 48 58 62
5 1 6 50 52 57
5 1 6 50 59 63
5 1 6 52 57 63
8 1 7 9 16 24 30 45 52
6 1 7 9 17 23 25
5 1 7 9 18 26
8 1 7 9 19 27 33 39 41
7 1 7 9 20 35 43 54
6 1 7 9 29 47 61
6 1 7 9 32 40 46
5 1 7 9 34 42
6 1 7 9 48 56 62
6 1 7 9 49 55 57
5 1 7 9 50 58
5 1 7 9 51 59
7 1 7 10 16 40 46 52
6 1 7 10 17 23 26
5 1 7 10 18 21
7 1 7 10 19 25 34 37
8 1 7 10 20 36 49 55 58
7 1 7 10 24 30 47 61
6 1 7 10 27 35 41
6 1 7 10 33 39 42
5 1 7 10 50 53
5 1 7 10 51 57
5 1 7 10 56 62
5 1 7 12 16 52
6 1 7 12 17 23 28
6 1 7 12 18 40 46
5 1 7 12 19 48
5 1 7 12 24 30
5 1 7 12 27 41
6 1 7 12 33 39 44
5 1 7 12 34 53
5 1 7 12 35 63
5 1 7 12 47 61
6 1 7 12 49 55 60
5 1 7 12 56 62
6 1 7 15 16 52 60
6 1 7 15 17 23 31
5 1 7 15 18 43
5 1 7 15 19 51
5 1 7 15 20 28
5 1 7 15 21 29
6 1 7 15 22 24 30
5 1 7 15 27 41
8 1 7 15 33 39 47 53 61
5 1 7 15 35 48
5 1 7 15 36 44
5 1 7 15 37 45
6 1 7 15 38 40 46
6 1 7 15 49 55 63
6 1 7 15 54 56 62
8 1 7 16 18 33 39 52 54
6 1 7 16 21 42 52
5 1 7 16 25 52
6 1 7 16 29 51 52
5 1 7 16 34 52
5 1 7 16 38 52
6 1 7 17 23 32 54
5 1 7 17 23 36
6 1 7 17 23 40 46
8 1 7 17 23 43 47 57 61
5 1 7 17 23 44
5 1 7 17 23 45
5 1 7 17 23 48
5 1 7 17 23 50
5 1 7 17 23 51
6 1 7 17 23 56 62
5 1 7 17 23 58
5 1 7 17 23 59
5 1 7 17 23 60
5 1 7 18 28 45
5 1 7 18 31 36
6 1 7 18 47 58 61
5 1 7 18 53 60
5 1 7 18 56 62
7 1 7 19 24 30 36 54
5 1 7 19 26 38
5 1 7 19 29 53
6 1 7 19 40 46 58
5 1 7 19 45 57
5 1 7 20 32 57
5 1 7 20 33 39
5 1 7 20 56 62
5 1 7 21 24 30
5 1 7 21 33 39
5 1 7 21 35 38
5 1 7 21 40 46
5 1 7 21 43 59
5 1 7 21 56 62
6 1 7 22 33 39 50
6 1 7 22 36 56 62
6 1 7 22 38 49 55
6 1 7 22 42 47 61
6 1 7 24 26 28 30
5 1 7 24 30 32
6 1 7 24 30 33 39
5 1 7 24 30 34
6 1 7 24 30 35 58
8 1 7 24 30 40 46 49 55
5 1 7 24 30 43
5 1 7 24 30 44
5 1 7 24 30 48
5 1 7 24 30 50
5 1 7 24 30 51
5 1 7 24 30 53
6 1 7 24 30 56 62
5 1 7 24 30 57
5 1 7 24 30 59
5 1 7 24 30 63
5 1 7 25 33 39
5 1 7 25 35 42
5 1 7 25 36 59
5 1 7 25 56 62
5 1 7 26 40 46
6 1 7 26 42 49 55
5 1 7 26 47 61
5 1 7 26 56 62
5 1 7 27 28 41
6 1 7 27 31 41 45
6 1 7 27 32 41 58
5 1 7 27 34 41
5 1 7 27 41 44
5 1 7 27 41 48
5 1 7 27 41 50
5 1 7 27 41 54
6 1 7 27 41 56 62
5 1 7 27 41 59
5 1 7 27 41 60
5 1 7 27 41 63
5 1 7 28 33 39
5 1 7 28 40 46
5 1 7 29 33 39
7 1 7 29 35 40 46 57
6 1 7 29 45 49 55
5 1 7 29 56 62
6 1 7 31 33 39 57
5 1 7 31 34 58
6 1 7 31 37 40 46
6 1 7 32 37 48 53
5 1 7 33 39 48
5 1 7 33 39 51
6 1 7 33 39 56 62
5 1 7 33 39 58
5 1 7 33 39 59
5 1 7 33 39 60
5 1 7 33 39 63
6 1 7 34 47 54 61
5 1 7 34 56 62
5 1 7 35 36 53
5 1 7 37 56 62
5 1 7 38 47 61
5 1 7 38 56 62
6 1 7 40 42 44 46
5 1 7 40 46 48
5 1 7 40 46 50
5 1 7 40 46 51
5 1 7 40 46 53
5 1 7 40 46 54
6 1 7 40 46 56 62
5 1 7 40 46 59
5 1 7 40 46 60
5 1 7 40 46 63
5 1 7 42 56 62
5 1 7 43 56 62
5 1 7 45 56 62
5 1 7 47 48 61
5 1 7 47 51 61
5 1 7 51 56 62
5 1 7 53 56 62
6 1 7 56 58 60 62
8 1 8 10 16 18 33 40 42
6 1 8 10 17 24 26
5 1 8 10 20 22
8 1 8 10 23 28 30 43 61
6 1 8 10 27 35 59
7 1 8 10 29 32 34 53
5 1 8 10 36 38
6 1 8 10 39 44 46
5 1 8 10 48 50
6 1 8 10 49 56 58
5 1 8 10 52 54
6 1 8 10 55 60 62
9 1 8 12 17 24 28 51 57 61
8 1 8 12 18 21 39 42 46
6 1 8 12 19 25 29
8 1 8 12 20 36 49 56 60
6 1 8 12 23 26 30
5 1 8 12 27 31
5 1 8 12 32 48
6 1 8 12 33 40 44
5 1 8 12 34 37
8 1 8 12 35 41 45 59 63
5 1 8 12 43 47
5 1 8 12 50 53
6 1 8 12 55 58 62
5 1 8 15 16 60
6 1 8 15 17 24 31
5 1 8 15 18 42
6 1 8 15 20 39 46
5 1 8 15 23 30
5 1 8 15 28 61
5 1 8 15 32 51
6 1 8 15 33 40 47
5 1 8 15 35 59
5 1 8 15 36 57
6 1 8 15 49 56 63
5 1 8 15 55 62
5 1 8 16 22 37
7 1 8 16 23 30 45 53
5 1 8 16 27 57
6 1 8 16 39 46 54
5 1 8 16 43 58
8 1 8 17 24 34 35 58 59
6 1 8 17 24 39 46
5 1 8 17 24 43
6 1 8 17 24 44 53
5 1 8 17 24 45
5 1 8 17 24 47
5 1 8 17 24 48
5 1 8 17 24 50
5 1 8 17 24 52
5 1 8 17 24 54
6 1 8 17 24 55 62
5 1 8 17 24 60
5 1 8 17 24 63
6 1 8 18 19 42 43
5 1 8 18 31 42
5 1 8 18 36 42
6 1 8 18 42 44 54
5 1 8 18 42 47
5 1 8 18 42 50
5 1 8 18 42 51
5 1 8 18 42 52
5 1 8 18 42 53
6 1 8 18 42 55 62
5 1 8 18 42 60
5 1 8 18 42 63
5 1 8 19 20 45
6 1 8 19 33 40 58
5 1 8 19 36 54
6 1 8 19 39 41 46
8 1 8 20 28 33 40 53 61
5 1 8 20 31 43
6 1 8 20 35 54 59
5 1 8 20 55 62
5 1 8 20 57 63
6 1 8 21 33 40 52
6 1 8 21 35 38 59
6 1 8 21 37 49 56
6 1 8 21 45 55 62
6 1 8 22 23 30 31
5 1 8 22 35 59
6 1 8 22 38 49 56
5 1 8 22 39 46
5 1 8 22 55 62
5 1 8 23 25 30
6 1 8 23 30 32 54
6 1 8 23 30 33 40
5 1 8 23 30 34
5 1 8 23 30 36
8 1 8 23 30 39 46 49 56
5 1 8 23 30 44
5 1 8 23 30 47
5 1 8 23 30 48
5 1 8 23 30 50
5 1 8 23 30 51
5 1 8 23 30 52
6 1 8 23 30 55 62
5 1 8 23 30 57
5 1 8 23 30 58
5 1 8 23 30 60
6 1 8 25 28 38 61
5 1 8 25 32 37
5 1 8 25 33 40
5 1 8 25 34 50
5 1 8 25 39 46
5 1 8 25 55 62
5 1 8 26 28 61
5 1 8 26 32 38
5 1 8 26 33 40
5 1 8 26 45 50
5 1 8 26 55 62
6 1 8 27 28 48 61
7 1 8 27 32 39 46 58
5 1 8 27 33 40
6 1 8 27 43 49 56
5 1 8 27 55 62
5 1 8 28 36 61
5 1 8 28 37 61
5 1 8 29 33 40
5 1 8 29 44 58
5 1 8 29 55 62
5 1 8 31 33 40
5 1 8 31 39 46
5 1 8 32 45 57
5 1 8 33 40 48
5 1 8 33 40 50
5 1 8 33 40 51
5 1 8 33 40 54
6 1 8 33 40 55 62
5 1 8 33 40 60
5 1 8 33 40 63
5 1 8 34 55 62
6 1 8 35 36 53 59
5 1 8 35 37 59
5 1 8 35 48 59
5 1 8 35 59 60
5 1 8 36 55 62
5 1 8 37 55 62
6 1 8 38 39 46 47
5 1 8 38 55 62
5 1 8 39 46 48
5 1 8 39 46 50
5 1 8 39 46 51
5 1 8 39 46 52
5 1 8 39 46 53
6 1 8 39 46 55 62
5 1 8 39 46 57
5 1 8 39 46 60
5 1 8 39 46 63
6 1 8 41 44 57 60
5 1 8 41 55 62
5 1 8 43 55 62
5 1 8 48 55 62
6 1 8 54 55 62 63
5 1 8 55 57 62
5 1 9 12 16 24
6 1 9 12 17 25 28
6 1 9 12 18 26 46
5 1 9 12 19 27
5 1 9 12 21 36
6 1 9 12 29 38 61
5 1 9 12 32 40
8 1 9 12 33 41 44 48 56
5 1 9 12 34 42
6 1 9 12 35 43 63
6 1 9 12 49 57 60
5 1 9 12 50 58
5 1 9 12 51 59
6 1 9 14 16 24 44
6 1 9 14 17 25 30
5 1 9 14 18 26
6 1 9 14 19 22 27
8 1 9 14 21 31 35 38 43
6 1 9 14 29 36 61
5 1 9 14 32 40
8 1 9 14 33 41 46 50 58
5 1 9 14 34 42
5 1 9 14 37 47
5 1 9 14 48 56
6 1 9 14 49 57 62
6 1 9 14 51 54 59
5 1 9 14 53 63
6 1 9 15 16 24 60
6 1 9 15 17 25 31
5 1 9 15 18 26
5 1 9 15 19 27
6 1 9 15 20 48 56
5 1 9 15 21 39
5 1 9 15 29 61
5 1 9 15 30 37
5 1 9 15 32 40
8 1 9 15 33 41 47 51 59
5 1 9 15 34 42
5 1 9 15 35 43
6 1 9 15 49 57 63
5 1 9 15 50 58
5 1 9 16 21 24
6 1 9 16 22 24 37
6 1 9 16 23 24 53
6 1 9 16 24 34 42
6 1 9 16 24 39 54
5 1 9 16 24 46
6 1 9 16 24 47 62
6 1 9 16 24 51 59
5 1 9 16 24 55
6 1 9 17 25 32 40
8 1 9 17 25 34 35 42 43
5 1 9 17 25 36
5 1 9 17 25 39
6 1 9 17 25 44 52
6 1 9 17 25 46 54
6 1 9 17 25 47 55
6 1 9 17 25 48 56
6 1 9 17 25 50 58
6 1 9 17 25 51 59
5 1 9 17 25 60
5 1 9 17 25 62
5 1 9 17 25 63
6 1 9 18 19 26 27
6 1 9 18 20 26 37
7 1 9 18 26 28 45 54
8 1 9 18 26 29 50 58 61
5 1 9 18 26 31
6 1 9 18 26 32 40
5 1 9 18 26 44
6 1 9 18 26 51 59
5 1 9 18 26 52
5 1 9 18 26 53
5 1 9 18 26 55
5 1 9 18 26 60
5 1 9 18 26 62
5 1 9 18 26 63
5 1 9 19 20 27
5 1 9 19 21 27
8 1 9 19 27 29 51 59 61
6 1 9 19 27 34 42
6 1 9 19 27 36 54
5 1 9 19 27 37
6 1 9 19 27 44 62
6 1 9 19 27 45 55
5 1 9 19 27 46
5 1 9 19 27 47
6 1 9 19 27 48 56
5 1 9 19 27 52
5 1 9 19 27 53
5 1 9 19 27 60
5 1 9 19 27 63
8 1 9 20 29 32 40 52 61
5 1 9 20 45 62
5 1 9 20 50 58
6 1 9 21 28 32 40
6 1 9 21 30 34 42
5 1 9 21 46 63
5 1 9 21 48 56
5 1 9 21 50 58
5 1 9 21 51 59
8 1 9 22 28 38 44 49 57
8 1 9 22 29 34 42 54 61
5 1 9 22 45 60
5 1 9 22 48 56
5 1 9 22 50 58
5 1 9 22 51 59
6 1 9 23 32 40 54
6 1 9 23 39 49 57
5 1 9 23 48 56
5 1 9 23 50 58
5 1 9 23 51 59
6 1 9 28 33 41 52
5 1 9 28 34 42
6 1 9 28 35 43 62
5 1 9 28 48 56
5 1 9 28 50 58
5 1 9 28 51 59
5 1 9 29 39 61
8 1 9 30 31 33 41 54 55
5 1 9 30 32 40
5 1 9 30 48 56
5 1 9 30 50 58
6 1 9 31 32 40 62
5 1 9 31 34 42
5 1 9 31 46 53
6 1 9 31 47 49 57
5 1 9 31 50 58
5 1 9 31 51 59
5 1 9 32 37 40
5 1 9 32 38 40
5 1 9 32 39 40
6 1 9 32 40 48 56
6 1 9 32 40 51 59
5 1 9 32 40 53
5 1 9 32 40 55
5 1 9 32 40 60
5 1 9 32 40 63
5 1 9 33 41 60
5 1 9 33 41 62
5 1 9 33 41 63
5 1 9 34 36 42
5 1 9 34 42 44
5 1 9 34 42 45
5 1 9 34 42 47
6 1 9 34 42 50 58
6 1 9 34 42 51 59
5 1 9 34 42 52
5 1 9 34 42 53
5 1 9 34 42 55
5 1 9 34 42 60
5 1 9 34 42 62
5 1 9 34 42 63
6 1 9 35 36 43 53
5 1 9 35 37 43
7 1 9 35 43 45 48 56
5 1 9 35 43 52
5 1 9 35 43 60
5 1 9 36 48 56
5 1 9 36 50 58
5 1 9 37 48 56
5 1 9 37 50 58
5 1 9 37 51 59
5 1 9 38 48 56
5 1 9 38 50 58
5 1 9 38 51 59
5 1 9 39 48 56
5 1 9 39 50 58
5 1 9 39 51 59
5 1 9 44 50 58
5 1 9 44 51 59
5 1 9 45 50 58
5 1 9 45 51 59
5 1 9 46 48 56
5 1 9 47 48 56
5 1 9 47 50 58
5 1 9 48 53 56
5 1 9 48 54 56
5 1 9 48 55 56
6 1 9 50 51 58 59
5 1 9 50 52 58
5 1 9 50 58 60
5 1 9 50 58 63
5 1 9 51 52 59
5 1 9 51 53 59
7 1 10 14 16 21 40 44
8 1 10 14 17 26 30 57 61
5 1 10 14 18 39
8 1 10 14 22 38 49 58 62
5 1 10 14 24 28
5 1 10 14 25 29
6 1 10 14 27 31 35
5 1 10 14 32 37
6 1 10 14 33 42 46
5 1 10 14 34 50
5 1 10 14 41 45
5 1 10 14 43 47
5 1 10 14 48 53
5 1 10 14 56 60
5 1 10 14 59 63
6 1 10 15 16 40 60
7 1 10 15 17 26 31 54
5 1 10 15 20 44
5 1 10 15 22 39
5 1 10 15 25 45
5 1 10 15 27 35
5 1 10 15 30 61
6 1 10 15 33 42 47
5 1 10 15 34 51
5 1 10 15 41 48
6 1 10 15 49 58 63
6 1 10 16 23 40 53
5 1 10 16 38 40
6 1 10 16 39 40 54
6 1 10 16 40 47 62
5 1 10 16 40 51
5 1 10 16 40 55
5 1 10 16 40 59
5 1 10 16 40 63
6 1 10 17 26 32 56
6 1 10 17 26 43 51
5 1 10 17 26 44
5 1 10 17 26 45
6 1 10 17 26 46 53
5 1 10 17 26 47
5 1 10 17 26 48
5 1 10 17 26 50
5 1 10 17 26 52
5 1 10 17 26 55
5 1 10 17 26 59
5 1 10 17 26 60
5 1 10 17 26 62
5 1 10 17 26 63
5 1 10 18 20 37
6 1 10 18 28 45 53
5 1 10 18 43 59
5 1 10 18 44 52
5 1 10 18 47 55
5 1 10 19 29 48
6 1 10 19 30 59 61
5 1 10 19 33 42
5 1 10 19 36 54
5 1 10 19 39 41
5 1 10 19 44 62
5 1 10 19 46 55
6 1 10 20 27 35 54
5 1 10 20 43 53
5 1 10 20 47 48
8 1 10 21 31 37 47 49 58
6 1 10 21 33 42 54
5 1 10 21 45 60
5 1 10 22 27 35
8 1 10 22 30 33 42 53 61
5 1 10 22 47 50
5 1 10 23 25 38
5 1 10 23 32 54
5 1 10 23 44 48
5 1 10 23 46 50
5 1 10 24 33 42
5 1 10 24 34 36
5 1 10 24 39 53
5 1 10 24 45 48
5 1 10 24 46 59
6 1 10 25 30 36 61
5 1 10 25 31 46
5 1 10 25 32 48
6 1 10 27 28 35 62
7 1 10 27 29 35 46 56
6 1 10 27 35 36 53
5 1 10 27 35 37
5 1 10 27 35 45
5 1 10 27 35 48
5 1 10 27 35 52
5 1 10 27 35 60
5 1 10 28 33 42
5 1 10 28 34 52
5 1 10 28 39 48
6 1 10 28 44 49 58
5 1 10 29 33 42
5 1 10 30 37 61
5 1 10 30 38 61
6 1 10 30 39 50 61
5 1 10 30 51 61
5 1 10 31 32 62
5 1 10 31 33 42
5 1 10 31 36 48
5 1 10 31 38 50
5 1 10 31 39 51
5 1 10 31 41 63
5 1 10 33 42 48
5 1 10 33 42 50
5 1 10 33 42 51
5 1 10 33 42 52
5 1 10 33 42 55
5 1 10 33 42 56
5 1 10 33 42 57
5 1 10 33 42 59
5 1 10 33 42 60
5 1 10 33 42 62
5 1 10 33 42 63
5 1 10 34 44 56
5 1 10 34 45 57
5 1 10 34 47 59
6 1 10 41 46 57 62
7 1 11 12 16 31 56 61
7 1 11 12 17 27 28 38
7 1 11 12 18 23 36 46
5 1 11 12 19 51
5 1 11 12 20 30
5 1 11 12 21 26
5 1 11 12 24 29
5 1 11 12 32 47
7 1 11 12 33 43 44 57
5 1 11 12 34 39
6 1 11 12 35 48 63
5 1 11 12 37 42
5 1 11 12 40 45
6 1 11 12 49 59 60
5 1 11 12 50 55
5 1 11 12 52 62
5 1 11 12 53 58
12 1 11 16 18 23 31 33 43 53 56 58 61
9 1 11 16 22 31 37 42 56 61
7 1 11 16 25 31 56 61
9 1 11 16 31 34 39 54 56 61
7 1 11 16 31 51 56 61
9 1 11 17 27 32 38 47 53 58
8 1 11 17 27 36 38 44 46
7 1 11 17 27 38 40 45
7 1 11 17 27 38 48 63
7 1 11 17 27 38 50 55
6 1 11 17 27 38 51
7 1 11 17 27 38 52 62
5 1 11 18 23 25
7 1 11 18 23 28 40 45
7 1 11 18 23 32 47 54
5 1 11 18 23 44
6 1 11 18 23 50 55
5 1 11 18 23 51
6 1 11 18 23 52 62
5 1 11 18 23 57
5 1 11 18 23 60
7 1 11 19 20 30 33 43
5 1 11 19 21 26
5 1 11 19 24 29
6 1 11 19 34 39 41
6 1 11 19 36 46 54
5 1 11 19 37 42
7 1 11 19 40 45 53 58
5 1 11 19 48 63
6 1 11 20 22 28 30
6 1 11 20 30 32 47
6 1 11 20 30 34 39
6 1 11 20 30 35 54
6 1 11 20 30 48 63
6 1 11 20 30 50 55
6 1 11 20 30 52 62
6 1 11 20 30 53 58
5 1 11 20 30 60
6 1 11 21 24 26 29
5 1 11 21 26 28
6 1 11 21 26 32 47
8 1 11 21 26 33 43 50 55
8 1 11 21 26 37 42 49 59
6 1 11 21 26 40 45
5 1 11 21 26 44
6 1 11 21 26 48 63
5 1 11 21 26 51
6 1 11 21 26 52 62
6 1 11 21 26 53 58
5 1 11 21 26 54
5 1 11 21 26 57
5 1 11 21 26 60
5 1 11 22 24 29
5 1 11 22 32 47
5 1 11 22 34 39
5 1 11 22 36 46
5 1 11 22 48 63
5 1 11 22 50 55
5 1 11 22 52 62
5 1 11 22 53 58
6 1 11 24 29 32 47
6 1 11 24 29 33 43
6 1 11 24 29 34 39
9 1 11 24 29 35 36 46 53 58
8 1 11 24 29 40 45 49 59
6 1 11 24 29 50 55
5 1 11 24 29 51
6 1 11 24 29 52 62
5 1 11 24 29 54
5 1 11 24 29 57
5 1 11 24 29 60
5 1 11 25 32 47
5 1 11 25 33 43
5 1 11 25 34 39
6 1 11 25 35 37 42
7 1 11 25 36 46 52 62
5 1 11 25 40 45
5 1 11 25 48 63
5 1 11 25 50 55
5 1 11 28 33 43
5 1 11 28 34 39
5 1 11 28 36 46
5 1 11 28 37 42
5 1 11 28 48 63
5 1 11 28 53 58
6 1 11 32 34 39 47
8 1 11 32 41 47 48 57 63
5 1 11 32 47 51
5 1 11 32 47 60
6 1 11 33 43 48 63
5 1 11 33 43 51
6 1 11 33 43 52 62
5 1 11 33 43 60
7 1 11 34 39 44 53 58
6 1 11 34 39 50 55
5 1 11 34 39 51
6 1 11 34 39 52 62
5 1 11 34 39 57
5 1 11 34 39 60
6 1 11 35 40 45 57
6 1 11 36 46 48 63
6 1 11 36 46 50 55
5 1 11 36 46 60
6 1 11 37 40 42 45
5 1 11 37 42 44
6 1 11 37 42 48 63
6 1 11 37 42 50 55
5 1 11 37 42 51
6 1 11 37 42 52 62
6 1 11 37 42 53 58
5 1 11 37 42 54
5 1 11 37 42 57
5 1 11 37 42 60
6 1 11 40 45 48 63
6 1 11 40 45 50 55
5 1 11 40 45 51
6 1 11 40 45 52 62
5 1 11 40 45 54
5 1 11 40 45 60
5 1 11 41 50 55
5 1 11 41 52 62
5 1 11 44 48 63
6 1 11 48 50 55 63
5 1 11 48 54 63
5 1 11 50 55 57
5 1 11 50 55 60
5 1 11 51 52 62
5 1 11 51 53 58
6 1 11 52 54 60 62
5 1 11 53 58 60
8 1 12 14 16 18 33 44 46
6 1 12 14 17 28 30
5 1 12 14 20 22
6 1 12 14 23 43 61
5 1 12 14 24 26
6 1 12 14 31 35 63
5 1 12 14 32 34
5 1 12 14 36 38
5 1 12 14 40 42
5 1 12 14 48 50
6 1 12 14 49 60 62
5 1 12 14 52 54
5 1 12 14 56 58
5 1 12 16 23 53
5 1 12 16 27 57
5 1 12 16 30 45
5 1 12 16 39 54
5 1 12 16 43 58
5 1 12 16 47 62
5 1 12 17 28 32
8 1 12 17 28 34 35 62 63
5 1 12 17 28 39
5 1 12 17 28 42
5 1 12 17 28 43
5 1 12 17 28 47
5 1 12 17 28 50
5 1 12 17 28 53
5 1 12 17 28 54
5 1 12 17 28 55
5 1 12 17 28 56
5 1 12 17 28 58
5 1 12 17 28 59
6 1 12 18 19 46 47
6 1 12 18 20 37 46
5 1 12 18 25 46
5 1 12 18 27 46
5 1 12 18 32 46
5 1 12 18 46 50
5 1 12 18 46 52
5 1 12 18 46 53
5 1 12 18 46 56
5 1 12 18 46 57
5 1 12 18 46 59
5 1 12 18 46 62
6 1 12 19 33 44 62
5 1 12 19 36 54
5 1 12 19 39 41
5 1 12 19 40 58
5 1 12 19 59 61
6 1 12 20 33 44 51
5 1 12 20 34 59
6 1 12 20 35 54 63
5 1 12 20 40 61
5 1 12 21 33 44
6 1 12 21 35 38 63
6 1 12 21 37 49 60
6 1 12 21 45 51 58
5 1 12 22 33 44
5 1 12 22 35 63
6 1 12 22 38 49 60
5 1 12 22 42 61
6 1 12 22 45 48 57
5 1 12 23 32 54
5 1 12 23 33 44
5 1 12 23 34 56
6 1 12 23 39 49 60
5 1 12 24 33 44
5 1 12 24 34 55
6 1 12 24 35 58 63
6 1 12 24 40 49 60
5 1 12 25 33 44
6 1 12 25 35 42 63
5 1 12 25 37 48
5 1 12 25 45 54
5 1 12 26 33 44
5 1 12 26 38 48
6 1 12 26 42 49 60
5 1 12 26 45 53
5 1 12 27 32 58
5 1 12 27 33 44
5 1 12 27 34 52
6 1 12 27 39 48 62
6 1 12 27 43 49 60
5 1 12 29 33 44
5 1 12 29 34 50
6 1 12 29 45 49 60
5 1 12 29 48 53
5 1 12 30 33 44
5 1 12 30 35 63
5 1 12 30 36 42
5 1 12 30 39 59
5 1 12 30 43 51
5 1 12 31 32 62
5 1 12 31 33 44
5 1 12 31 36 43
5 1 12 31 39 58
6 1 12 31 47 49 60
5 1 12 31 48 55
6 1 12 32 39 52 61
5 1 12 33 44 50
5 1 12 33 44 52
5 1 12 33 44 54
5 1 12 33 44 58
5 1 12 33 44 59
5 1 12 34 36 57
5 1 12 34 41 51
5 1 12 35 37 63
6 1 12 35 40 57 63
5 1 12 35 52 63
5 1 12 35 56 63
5 1 12 36 50 51
5 1 12 40 51 53
5 1 12 47 48 59
8 1 13 16 18 28 30 33 45
6 1 13 16 21 25 28
10 1 13 16 23 27 28 34 46 53 57
6 1 13 16 28 38 42
8 1 13 16 28 39 43 54 58
6 1 13 16 28 51 63
8 1 13 17 29 32 37 41 44
10 1 13 17 29 34 35 37 41 46 47
8 1 13 17 29 37 41 48 60
8 1 13 17 29 37 41 50 62
10 1 13 17 29 37 41 51 54 58 63
8 1 13 17 29 37 41 52 56
8 1 13 17 29 37 41 55 59
8 1 13 18 19 21 25 30 31
8 1 13 18 30 32 44 53 57
6 1 13 18 30 36 40
6 1 13 18 30 50 62
6 1 13 18 30 51 63
6 1 13 18 30 52 56
6 1 13 18 30 55 59
8 1 13 19 20 24 31 34 46
6 1 13 19 22 26 31
6 1 13 19 31 33 45
8 1 13 19 31 36 40 54 58
6 1 13 19 31 38 42
6 1 13 19 31 48 60
6 1 13 19 31 51 63
6 1 13 19 31 53 57
6 1 13 20 22 24 26
8 1 13 20 24 32 44 48 60
8 1 13 20 24 36 40 49 61
6 1 13 20 24 39 43
6 1 13 20 24 50 62
6 1 13 20 24 51 63
6 1 13 20 24 52 56
6 1 13 20 24 53 57
6 1 13 20 24 55 59
6 1 13 21 25 32 44
8 1 13 21 25 34 46 55 59
8 1 13 21 25 35 38 42 47
6 1 13 21 25 36 40
6 1 13 21 25 39 43
6 1 13 21 25 48 60
6 1 13 21 25 50 62
6 1 13 21 25 51 63
6 1 13 21 25 52 56
6 1 13 21 25 54 58
6 1 13 22 23 26 27
6 1 13 22 26 32 44
8 1 13 22 26 33 45 52 56
8 1 13 22 26 34 46 50 62
8 1 13 22 26 38 42 49 61
6 1 13 22 26 48 60
6 1 13 22 26 51 63
6 1 13 22 26 53 57
6 1 13 22 26 54 58
6 1 13 22 26 55 59
8 1 13 23 27 32 44 54 58
6 1 13 23 27 33 45
6 1 13 23 27 36 40
8 1 13 23 27 39 43 49 61
6 1 13 23 27 48 60
6 1 13 23 27 50 62
6 1 13 23 27 52 56
6 1 13 23 27 55 59
6 1 13 32 34 44 46
6 1 13 32 39 43 44
6 1 13 32 44 51 63
6 1 13 33 45 48 60
6 1 13 33 45 50 62
6 1 13 33 45 51 63
6 1 13 33 45 55 59
6 1 13 34 46 51 63
6 1 13 34 46 52 56
8 1 13 35 36 40 47 53 57
6 1 13 35 47 48 60
6 1 13 36 38 40 42
6 1 13 36 40 48 60
6 1 13 36 40 50 62
6 1 13 36 40 51 63
6 1 13 36 40 52 56
6 1 13 36 40 55 59
6 1 13 38 39 42 43
6 1 13 38 42 48 60
6 1 13 38 42 50 62
6 1 13 38 42 51 63
6 1 13 38 42 52 56
6 1 13 38 42 53 57
6 1 13 38 42 54 58
6 1 13 38 42 55 59
6 1 13 39 43 48 60
6 1 13 39 43 50 62
6 1 13 39 43 51 63
6 1 13 39 43 52 56
6 1 13 39 43 53 57
6 1 13 39 43 55 59
6 1 13 48 50 60 62
6 1 13 48 53 57 60
6 1 13 48 55 59 60
8 1 13 50 51 53 57 62 63
6 1 13 51 52 56 63
6 1 13 52 54 56 58
6 1 13 54 55 58 59
6 1 14 15 16 44 60
8 1 14 15 17 30 31 34 35
5 1 14 15 18 19
6 1 14 15 20 40 61
5 1 14 15 22 23
5 1 14 15 24 48
6 1 14 15 25 38 39
5 1 14 15 26 27
8 1 14 15 29 45 49 62 63
6 1 14 15 33 46 47
5 1 14 15 42 43
5 1 14 15 50 51
5 1 14 15 54 55
5 1 14 15 58 59
6 1 14 16 22 37 44
6 1 14 16 23 44 53
5 1 14 16 25 44
6 1 14 16 27 44 57
5 1 14 16 34 44
5 1 14 16 38 44
6 1 14 16 39 44 54
5 1 14 16 42 44
6 1 14 16 43 44 58
5 1 14 16 44 51
5 1 14 16 44 63
6 1 14 17 30 32 60
5 1 14 17 30 36
5 1 14 17 30 39
5 1 14 17 30 40
5 1 14 17 30 43
6 1 14 17 30 47 51
5 1 14 17 30 48
5 1 14 17 30 52
5 1 14 17 30 53
5 1 14 17 30 55
5 1 14 17 30 56
5 1 14 17 30 58
5 1 14 17 30 59
5 1 14 17 30 63
5 1 14 18 28 45
5 1 14 18 47 63
5 1 14 18 58 61
5 1 14 19 29 34
5 1 14 19 33 46
5 1 14 19 36 54
5 1 14 19 39 41
5 1 14 19 40 58
6 1 14 20 31 35 54
5 1 14 20 33 46
6 1 14 20 36 49 62
6 1 14 20 45 50 57
5 1 14 20 47 53
5 1 14 21 33 46
6 1 14 21 37 49 62
5 1 14 21 45 56
5 1 14 22 31 35
5 1 14 22 33 46
5 1 14 22 34 59
5 1 14 22 42 61
5 1 14 23 32 54
5 1 14 23 33 46
5 1 14 23 34 58
6 1 14 23 39 49 62
6 1 14 24 31 35 58
5 1 14 24 33 46
6 1 14 24 40 49 62
5 1 14 24 45 53
5 1 14 24 47 57
6 1 14 25 31 35 42
5 1 14 25 33 46
5 1 14 25 37 50
5 1 14 25 45 52
5 1 14 26 33 46
5 1 14 26 34 55
6 1 14 26 42 49 62
5 1 14 27 32 58
5 1 14 27 33 46
6 1 14 27 34 54 61
6 1 14 27 43 49 62
5 1 14 28 33 46
5 1 14 28 38 40
5 1 14 28 39 53
5 1 14 28 43 57
5 1 14 29 32 48
5 1 14 29 50 53
6 1 14 31 35 36 53
5 1 14 31 35 37
6 1 14 31 35 40 57
5 1 14 31 35 41
5 1 14 31 35 45
5 1 14 31 35 48
5 1 14 31 35 60
5 1 14 32 38 57
5 1 14 33 46 48
5 1 14 33 46 51
5 1 14 33 46 52
5 1 14 33 46 54
5 1 14 33 46 55
5 1 14 33 46 56
5 1 14 33 46 57
5 1 14 33 46 59
5 1 14 33 46 60
5 1 14 33 46 63
5 1 14 41 47 54
8 1 15 16 18 33 47 60 62
5 1 15 16 21 60
6 1 15 16 22 37 60
6 1 15 16 23 53 60
5 1 15 16 25 60
5 1 15 16 34 60
6 1 15 16 39 54 60
5 1 15 16 42 60
6 1 15 16 43 58 60
5 1 15 16 46 60
5 1 15 16 55 60
5 1 15 16 59 60
6 1 15 17 31 32 62
5 1 15 17 31 36
5 1 15 17 31 40
5 1 15 17 31 44
5 1 15 17 31 50
5 1 15 17 31 52
5 1 15 17 31 53
5 1 15 17 31 59
5 1 15 18 20 37
5 1 15 18 58 61
5 1 15 19 33 47
5 1 15 19 34 45
5 1 15 19 36 54
5 1 15 19 40 58
5 1 15 19 44 62
5 1 15 19 59 61
6 1 15 20 36 49 63
5 1 15 21 33 47
5 1 15 21 35 38
6 1 15 21 37 49 63
6 1 15 21 46 48 57
5 1 15 22 33 47
6 1 15 22 38 49 63
5 1 15 22 42 61
5 1 15 23 32 54
5 1 15 23 33 47
5 1 15 23 38 45
5 1 15 23 43 61
6 1 15 24 36 51 62
6 1 15 24 40 49 63
5 1 15 25 33 47
5 1 15 25 35 42
5 1 15 25 37 51
5 1 15 26 33 47
5 1 15 26 38 51
6 1 15 26 42 49 63
5 1 15 27 32 58
5 1 15 27 33 47
5 1 15 27 34 55
5 1 15 27 42 45
6 1 15 27 43 49 63
5 1 15 28 33 47
5 1 15 28 35 62
5 1 15 28 36 58
5 1 15 28 39 40
6 1 15 28 44 49 63
5 1 15 28 51 52
5 1 15 29 33 47
5 1 15 29 35 46
5 1 15 29 40 48
5 1 15 29 51 53
6 1 15 30 33 47 50
5 1 15 30 36 56
5 1 15 30 39 42
5 1 15 30 51 54
5 1 15 33 47 48
5 1 15 33 47 52
5 1 15 33 47 55
5 1 15 33 47 56
5 1 15 33 47 57
5 1 15 34 54 61
5 1 15 35 36 53
5 1 15 35 40 57
5 1 15 43 48 54
5 1 15 44 51 56
5 1 15 45 51 57
5 1 15 46 51 58
5 1 16 18 21 33
5 1 16 18 25 33
6 1 16 18 27 33 57
5 1 16 18 29 33
5 1 16 18 33 55
5 1 16 18 33 59
5 1 16 18 33 63
5 1 16 21 27 57
5 1 16 21 30 45
5 1 16 21 39 54
5 1 16 21 43 58
5 1 16 21 47 62
6 1 16 22 23 37 53
8 1 16 22 27 37 47 57 62
6 1 16 22 30 37 45
5 1 16 22 34 37
5 1 16 22 37 46
5 1 16 22 37 51
5 1 16 22 37 55
5 1 16 22 37 59
5 1 16 22 37 63
6 1 16 23 47 53 62
5 1 16 23 51 53
5 1 16 23 53 59
5 1 16 25 30 45
5 1 16 25 43 58
5 1 16 25 47 62
5 1 16 27 29 57
5 1 16 27 51 57
5 1 16 27 55 57
5 1 16 27 57 63
5 1 16 29 39 54
5 1 16 29 43 58
5 1 16 29 47 62
5 1 16 30 34 45
5 1 16 30 38 45
5 1 16 30 42 45
6 1 16 30 43 45 58
5 1 16 30 45 51
5 1 16 30 45 55
5 1 16 30 45 59
5 1 16 30 45 63
5 1 16 34 43 58
5 1 16 34 47 62
6 1 16 38 39 54 55
5 1 16 38 43 58
5 1 16 38 47 62
6 1 16 39 47 54 62
5 1 16 39 51 54
5 1 16 39 54 59
5 1 16 39 54 63
6 1 16 42 43 58 59
5 1 16 42 47 62
6 1 16 43 47 58 62
5 1 16 43 51 58
5 1 16 43 55 58
5 1 16 43 58 63
6 1 16 46 47 62 63
5 1 16 47 51 62
7 1 17 34 35 36 53 56
5 1 17 34 35 45
5 1 17 34 35 52
5 1 17 34 35 60
5 1 17 36 42 45
5 1 17 39 53 59
5 1 17 40 50 53
5 1 17 42 47 54
5 1 17 42 48 53
5 1 17 42 50 59
5 1 17 45 51 62
5 1 17 45 55 58
5 1 17 46 50 63
5 1 17 48 57 61
5 1 17 50 57 61
9 1 18 19 20 37 40 58 59 61
6 1 18 19 36 54 55
6 1 18 19 44 62 63
7 1 18 20 28 37 43 45
5 1 18 20 31 37
5 1 18 20 32 37
5 1 18 20 37 44
5 1 18 20 37 47
6 1 18 20 37 50 52
5 1 18 20 37 51
5 1 18 20 37 53
5 1 18 20 37 55
6 1 18 20 37 57 60
5 1 18 20 37 62
5 1 18 20 37 63
5 1 18 21 28 45
5 1 18 21 29 43
5 1 18 21 40 54
5 1 18 21 50 53
5 1 18 21 51 57
5 1 18 25 28 45
5 1 18 25 29 39
5 1 18 25 50 57
5 1 18 25 58 61
6 1 18 27 28 36 45
7 1 18 27 32 52 58 61
5 1 18 27 50 59
5 1 18 28 32 45
6 1 18 28 45 50 60
5 1 18 28 45 51
5 1 18 28 45 55
5 1 18 28 45 56
5 1 18 28 45 59
5 1 18 28 45 63
5 1 18 31 32 62
5 1 18 31 50 63
5 1 18 36 43 44
5 1 18 36 59 60
5 1 18 39 40 44
5 1 18 39 56 60
5 1 18 40 55 60
5 1 18 43 52 60
5 1 18 43 54 62
5 1 18 43 55 63
5 1 18 51 58 61
5 1 19 20 44 62
5 1 19 20 51 52
5 1 19 21 36 54
5 1 19 21 40 58
5 1 19 21 43 47
5 1 19 21 44 62
5 1 19 21 51 53
6 1 19 22 24 44 62
6 1 19 22 36 51 54
6 1 19 22 42 59 61
5 1 19 24 37 47
5 1 19 24 51 56
6 1 19 25 40 55 58
5 1 19 25 44 62
5 1 19 25 51 57
6 1 19 26 40 51 58
5 1 19 26 44 62
5 1 19 26 59 61
5 1 19 29 36 54
5 1 19 29 40 58
5 1 19 29 44 62
5 1 19 30 39 41
5 1 19 30 40 58
6 1 19 30 44 51 62
6 1 19 33 53 59 61
7 1 19 34 36 54 59 61
5 1 19 34 44 62
6 1 19 36 38 52 54
5 1 19 36 43 54
6 1 19 36 44 54 62
5 1 19 36 45 54
5 1 19 36 47 54
5 1 19 36 48 54
5 1 19 36 54 56
5 1 19 36 54 63
5 1 19 37 44 62
5 1 19 38 40 58
5 1 19 38 44 62
5 1 19 38 59 61
6 1 19 39 41 44 62
5 1 19 39 41 47
5 1 19 39 41 48
5 1 19 39 41 51
5 1 19 39 41 52
6 1 19 39 41 55 57
5 1 19 39 41 56
5 1 19 39 41 60
5 1 19 39 41 63
6 1 19 40 42 56 58
6 1 19 40 44 58 62
5 1 19 40 47 58
5 1 19 40 52 58
5 1 19 40 58 60
5 1 19 40 58 63
5 1 19 42 44 62
5 1 19 43 44 62
6 1 19 44 46 60 62
5 1 19 44 48 62
5 1 19 44 53 62
5 1 19 44 57 62
5 1 19 48 59 61
5 1 20 22 32 34
6 1 20 22 35 52 54
6 1 20 22 36 38 49
5 1 20 22 44 46
5 1 20 22 48 50
5 1 20 22 56 58
6 1 20 26 27 40 61
5 1 20 26 31 44
5 1 20 26 46 60
5 1 20 26 52 58
6 1 20 27 32 51 58
6 1 20 27 36 43 49
5 1 20 27 47 60
5 1 20 27 52 59
6 1 20 28 35 54 62
6 1 20 28 36 44 49
5 1 20 28 38 46
5 1 20 28 39 47
5 1 20 28 52 60
5 1 20 28 55 63
5 1 20 29 34 43
6 1 20 29 35 46 54
6 1 20 29 36 45 49
5 1 20 29 47 57
5 1 20 29 50 59
5 1 20 31 32 62
6 1 20 31 36 47 49
5 1 20 31 52 63
5 1 20 32 43 55
5 1 20 32 45 63
5 1 20 33 57 62
5 1 20 34 51 56
5 1 20 35 48 54
5 1 20 35 54 60
6 1 20 38 39 40 61
5 1 20 38 55 56
5 1 20 38 58 60
5 1 20 39 59 60
5 1 20 40 48 61
6 1 20 40 50 51 61
5 1 20 44 58 63
5 1 20 45 53 59
5 1 20 46 56 63
5 1 21 24 33 48
6 1 21 24 37 40 49
5 1 21 24 42 45
5 1 21 24 46 47
5 1 21 24 53 56
5 1 21 24 54 60
5 1 21 27 33 51
6 1 21 27 37 43 49
5 1 21 27 53 59
6 1 21 28 35 38 62
6 1 21 28 37 44 49
5 1 21 28 53 60
6 1 21 29 35 38 46
5 1 21 29 36 44
5 1 21 29 39 47
5 1 21 29 52 60
5 1 21 29 54 62
5 1 21 29 55 63
5 1 21 30 35 38
5 1 21 30 36 60
6 1 21 30 37 46 49
5 1 21 30 47 55
5 1 21 30 53 62
6 1 21 31 32 57 62
5 1 21 31 53 63
5 1 21 31 54 59
5 1 21 33 58 63
5 1 21 34 57 60
6 1 21 35 36 38 53
6 1 21 35 38 40 57
5 1 21 35 38 45
5 1 21 35 38 48
5 1 21 35 38 52
5 1 21 35 38 56
5 1 21 35 38 60
5 1 21 36 42 57
5 1 21 36 58 59
5 1 21 44 50 57
6 1 22 23 32 54 55
6 1 22 23 38 39 49
5 1 22 23 46 47
5 1 22 23 50 51
5 1 22 23 58 59
5 1 22 24 35 58
6 1 22 24 39 42 61
5 1 22 24 54 56
5 1 22 27 32 58
5 1 22 27 34 51
6 1 22 27 36 42 61
5 1 22 27 53 63
5 1 22 28 35 62
5 1 22 28 53 56
5 1 22 28 54 60
5 1 22 29 35 46
6 1 22 29 38 45 49
5 1 22 29 39 63
5 1 22 29 44 52
5 1 22 30 36 44
6 1 22 30 38 46 49
5 1 22 30 52 60
5 1 22 30 54 62
5 1 22 30 55 63
5 1 22 31 32 62
6 1 22 31 38 47 49
5 1 22 31 54 63
5 1 22 33 57 60
5 1 22 35 36 53
5 1 22 42 48 61
5 1 22 42 50 61
5 1 22 42 51 61
6 1 23 24 26 43 61
5 1 23 24 32 54
6 1 23 24 39 40 49
5 1 23 24 55 56
5 1 23 25 43 61
5 1 23 25 55 57
5 1 23 26 28 47
5 1 23 26 34 37
5 1 23 26 51 57
5 1 23 26 55 58
5 1 23 28 32 54
6 1 23 28 39 44 49
5 1 23 28 55 60
6 1 23 31 32 54 62
5 1 23 31 36 44
5 1 23 31 37 45
5 1 23 31 38 46
6 1 23 31 39 47 49
5 1 23 31 52 60
8 1 23 32 34 43 52 54 61
5 1 23 32 37 54
6 1 23 32 38 48 54
5 1 23 32 45 54
5 1 23 32 46 54
5 1 23 32 51 54
5 1 23 32 54 56
5 1 23 32 54 59
5 1 23 32 54 60
6 1 23 36 38 43 61
5 1 23 37 43 61
5 1 23 38 52 59
6 1 23 43 48 50 61
5 1 23 43 51 61
5 1 23 46 59 60
5 1 23 47 58 60
5 1 24 26 32 34
6 1 24 26 40 42 49
5 1 24 26 44 46
5 1 24 26 48 50
5 1 24 26 52 54
5 1 24 26 60 62
7 1 24 28 35 37 58 62
5 1 24 28 36 52
6 1 24 28 40 44 49
5 1 24 28 42 46
5 1 24 28 43 47
5 1 24 28 56 60
5 1 24 28 59 63
5 1 24 31 32 62
7 1 24 31 36 45 55 57
6 1 24 31 40 47 49
5 1 24 32 45 51
5 1 24 32 52 61
6 1 24 33 50 53 61
6 1 24 34 37 54 61
5 1 24 35 52 58
5 1 24 35 58 60
5 1 24 36 44 56
5 1 24 36 47 59
5 1 24 37 44 57
5 1 24 39 44 59
5 1 24 42 48 54
5 1 24 43 48 55
5 1 24 44 51 54
5 1 24 46 51 52
6 1 25 28 35 42 62
5 1 25 28 37 52
5 1 25 28 57 60
6 1 25 29 35 42 46
6 1 25 29 38 59 63
5 1 25 29 40 44
5 1 25 29 43 47
5 1 25 29 56 60
5 1 25 29 58 62
5 1 25 30 35 42
7 1 25 30 37 47 54 59
5 1 25 30 38 43
5 1 25 30 40 60
5 1 25 30 57 62
5 1 25 31 32 62
5 1 25 31 37 55
5 1 25 31 57 63
5 1 25 32 52 61
5 1 25 33 50 59
5 1 25 33 51 54
5 1 25 34 54 61
6 1 25 35 40 42 57
5 1 25 35 42 45
5 1 25 35 42 48
5 1 25 35 42 52
5 1 25 35 42 56
5 1 25 35 42 60
5 1 25 36 45 56
5 1 25 37 44 56
5 1 25 37 46 58
6 1 25 38 44 54 60
5 1 25 38 45 58
6 1 26 27 32 58 59
6 1 26 27 37 50 51
6 1 26 27 42 43 49
5 1 26 27 46 47
5 1 26 27 54 55
5 1 26 27 62 63
5 1 26 28 38 52
6 1 26 28 42 44 49
5 1 26 28 58 60
7 1 26 29 38 44 53 56
6 1 26 29 42 45 49
5 1 26 29 43 63
5 1 26 29 54 60
6 1 26 30 37 56 60
5 1 26 30 38 54
5 1 26 30 40 44
6 1 26 30 42 46 49
5 1 26 30 58 62
5 1 26 30 59 63
5 1 26 31 32 62
5 1 26 31 38 55
6 1 26 31 42 47 49
5 1 26 31 58 63
6 1 26 32 37 52 61
6 1 26 33 48 53 61
5 1 26 34 54 61
5 1 26 37 43 54
5 1 26 37 46 57
6 1 26 37 47 53 63
5 1 26 38 45 57
5 1 26 38 46 58
5 1 26 38 47 59
5 1 26 40 50 52
5 1 26 43 45 62
5 1 27 28 32 58
5 1 27 28 39 52
6 1 27 28 43 44 49
5 1 27 28 59 60
5 1 27 29 32 58
5 1 27 29 34 36
5 1 27 29 39 53
6 1 27 29 43 45 49
5 1 27 29 50 52
6 1 27 31 32 58 62
5 1 27 31 40 44
5 1 27 31 42 46
6 1 27 31 43 47 49
5 1 27 31 59 63
6 1 27 32 34 56 58
5 1 27 32 37 58
5 1 27 32 45 58
5 1 27 32 55 58
5 1 27 32 58 60
5 1 27 32 58 63
5 1 27 33 53 61
5 1 27 36 47 56
5 1 27 39 44 56
5 1 27 39 47 59
5 1 27 40 51 52
5 1 27 42 51 54
5 1 27 46 48 55
5 1 27 47 48 54
5 1 28 30 32 34
6 1 28 30 35 60 62
5 1 28 30 36 38
5 1 28 30 40 42
6 1 28 30 44 46 49
5 1 28 30 48 50
5 1 28 30 52 54
5 1 28 30 56 58
6 1 28 35 36 53 62
6 1 28 35 40 57 62
5 1 28 35 41 62
5 1 28 35 48 62
5 1 28 37 50 57
5 1 28 46 52 58
5 1 29 33 50 63
5 1 29 33 55 58
5 1 29 35 46 48
5 1 29 35 46 52
5 1 29 35 46 60
5 1 29 36 50 57
5 1 29 38 48 57
5 1 29 42 44 57
5 1 29 47 53 59
6 1 30 31 32 62 63
5 1 30 31 38 39
5 1 30 31 42 43
6 1 30 31 46 47 49
5 1 30 31 50 51
5 1 30 31 58 59
5 1 30 35 36 53
5 1 30 35 40 57
5 1 30 37 48 57
5 1 30 38 53 60
5 1 30 41 47 58
5 1 30 41 50 59
5 1 30 42 57 60
5 1 30 44 54 56
6 1 31 32 34 60 62
5 1 31 32 37 62
5 1 31 32 38 62
5 1 31 32 39 62
5 1 31 32 41 62
5 1 31 32 43 62
5 1 31 32 45 62
6 1 31 32 46 48 62
5 1 31 32 51 62
5 1 31 32 53 62
5 1 31 46 55 58
5 1 32 38 52 61
5 1 32 39 48 55
6 1 32 41 45 56 60
5 1 32 43 48 59
5 1 32 46 53 56
5 1 32 51 52 61
5 1 33 51 53 61
5 1 34 36 47 58
5 1 34 36 50 52
5 1 34 37 50 53
5 1 34 37 51 57
5 1 34 37 55 58
6 1 34 41 45 58 62
5 1 34 41 50 57
5 1 34 41 55 63
5 1 34 43 50 59
5 1 34 44 50 60
5 1 34 47 50 63
5 1 34 51 54 61
5 1 35 36 45 53
5 1 35 36 48 53
5 1 35 36 53 60
5 1 35 37 40 57
5 1 35 40 48 57
5 1 35 40 57 60
5 1 36 38 48 50
5 1 36 38 56 58
5 1 36 38 60 62
5 1 36 42 52 58
5 1 36 43 52 59
5 1 36 44 52 60
5 1 36 45 50 59
5 1 36 47 52 63
5 1 37 40 53 56
5 1 37 40 54 60
5 1 37 43 53 59
5 1 37 44 53 60
5 1 37 45 52 60
5 1 37 45 54 62
5 1 37 45 55 63
5 1 37 46 53 62
5 1 38 39 50 51
5 1 38 39 58 59
5 1 38 39 62 63
5 1 38 40 54 56
5 1 38 43 53 63
5 1 38 43 57 62
5 1 38 46 52 60
5 1 38 46 54 62
5 1 38 46 55 63
5 1 38 47 54 63
5 1 39 40 55 56
5 1 39 42 51 57
5 1 39 42 55 58
5 1 39 47 52 60
5 1 39 47 55 63
5 1 40 42 48 50
5 1 40 42 52 54
5 1 40 44 56 60
5 1 40 44 59 63
5 1 40 47 56 63
5 1 41 46 54 59
5 1 42 43 50 51
5 1 42 43 54 55
5 1 42 44 58 60
5 1 42 45 53 56
5 1 42 45 54 60
5 1 42 46 56 60
5 1 42 46 58 62
5 1 42 46 59 63
5 1 42 47 58 63
5 1 43 44 59 60
5 1 43 45 50 52
5 1 43 47 56 60
5 1 43 47 59 63
5 1 44 46 48 50
5 1 44 46 52 54
5 1 44 46 56 58
5 1 46 47 50 51
5 1 46 47 54 55
5 1 46 47 58 59
8 2 3 4 17 33 50 51 52
9 2 3 4 18 19 20 54 55 60
8 2 3 4 21 24 42 43 45
6 2 3 4 22 23 28
6 2 3 4 26 27 29
5 2 3 4 30 31
5 2 3 4 32 48
6 2 3 4 34 35 36
5 2 3 4 37 40
8 2 3 4 38 39 44 62 63
5 2 3 4 46 47
5 2 3 4 53 56
6 2 3 4 58 59 61
8 2 3 5 9 14 15 16 28
16 2 3 5 9 14 15 17 29 33 45 50 51 53 57 62 63
16 2 3 5 9 14 15 18 19 21 25 30 31 38 39 42 43
12 2 3 5 9 14 15 20 24 32 44 48 60
10 2 3 5 9 14 15 22 23 26 27
12 2 3 5 9 14 15 34 35 37 41 46 47
8 2 3 5 9 14 15 36 40
8 2 3 5 9 14 15 49 61
8 2 3 5 9 14 15 52 56
10 2 3 5 9 14 15 54 55 58 59
9 2 3 6 7 16 20 30 31 60
16 2 3 6 7 17 21 26 27 33 37 42 43 50 51 54 55
8 2 3 6 7 18 19 22 23
6 2 3 6 7 24 29
13 2 3 6 7 25 32 36 46 47 48 52 62 63
5 2 3 6 7 28
8 2 3 6 7 34 35 38 39
6 2 3 6 7 40 45
5 2 3 6 7 41
5 2 3 6 7 44
8 2 3 6 7 49 53 58 59
6 2 3 6 7 56 61
5 2 3 6 7 57
5 2 3 8 12 16
12 2 3 8 12 17 20 33 36 50 51 56 60
13 2 3 8 12 18 19 24 28 37 58 59 62 63
9 2 3 8 12 21 42 43 46 47
8 2 3 8 12 22 23 25 29
8 2 3 8 12 26 27 30 31
6 2 3 8 12 32 48
8 2 3 8 12 34 35 40 44
8 2 3 8 12 38 39 41 45
6 2 3 8 12 49 52
5 2 3 8 12 53
8 2 3 8 12 54 55 57 61
6 2 3 10 11 16 24
12 2 3 10 11 17 25 33 41 50 51 58 59
8 2 3 10 11 18 19 26 27
7 2 3 10 11 20 29 60
9 2 3 10 11 21 34 35 42 43
6 2 3 10 11 22 23
5 2 3 10 11 28
8 2 3 10 11 30 31 62 63
8 2 3 10 11 32 40 48 56
6 2 3 10 11 36 45
5 2 3 10 11 37
6 2 3 10 11 38 39
5 2 3 10 11 44
6 2 3 10 11 46 47
6 2 3 10 11 49 57
6 2 3 10 11 52 61
5 2 3 10 11 53
6 2 3 10 11 54 55
8 2 3 13 17 33 50 51 61
8 2 3 13 18 19 29 46 47
5 2 3 13 20 60
6 2 3 13 21 42 43
5 2 3 13 22 23
6 2 3 13 24 36 49
5 2 3 13 26 27
6 2 3 13 28 32 48
5 2 3 13 30 31
6 2 3 13 34 35 45
5 2 3 13 38 39
5 2 3 13 54 55
5 2 3 13 58 59
5 2 3 13 62 63
8 2 3 16 21 36 42 43 57
6 2 3 16 22 23 52
5 2 3 16 25 40
8 2 3 16 26 27 56 62 63
5 2 3 16 29 44
6 2 3 16 38 39 53
6 2 3 16 46 47 61
5 2 3 16 54 55
5 2 3 16 58 59
10 2 3 17 22 23 33 38 39 50 51
8 2 3 17 24 33 40 50 51
8 2 3 17 28 33 44 50 51
10 2 3 17 30 31 33 46 47 50 51
6 2 3 18 19 36 53
6 2 3 18 19 40 57
5 2 3 18 19 41
6 2 3 18 19 44 61
5 2 3 18 19 45
5 2 3 18 19 52
5 2 3 18 19 56
6 2 3 20 25 45 60
8 2 3 20 26 27 46 47 60
6 2 3 20 28 52 60
7 2 3 20 34 35 53 60
6 2 3 20 37 57 60
8 2 3 20 38 39 58 59 60
5 2 3 20 49 60
6 2 3 21 28 42 43
6 2 3 21 29 42 43
9 2 3 21 32 42 43 48 58 59
6 2 3 21 42 43 44
6 2 3 21 42 43 49
6 2 3 21 42 43 52
6 2 3 21 42 43 53
6 2 3 21 42 43 56
7 2 3 22 23 24 46 47
6 2 3 22 23 30 31
8 2 3 22 23 32 37 48 53
6 2 3 22 23 34 35
7 2 3 22 23 36 58 59
5 2 3 22 23 44
5 2 3 22 23 45
5 2 3 22 23 49
6 2 3 22 23 54 55
5 2 3 22 23 56
5 2 3 22 23 57
5 2 3 24 30 31
6 2 3 24 34 35 57
5 2 3 24 38 39
5 2 3 24 54 55
5 2 3 25 34 35
5 2 3 25 54 55
5 2 3 26 27 28
8 2 3 26 27 32 41 48 57
6 2 3 26 27 34 35
5 2 3 26 27 36
6 2 3 26 27 38 39
5 2 3 26 27 40
5 2 3 26 27 44
5 2 3 26 27 45
5 2 3 26 27 49
5 2 3 26 27 52
5 2 3 26 27 53
6 2 3 26 27 58 59
5 2 3 26 27 61
6 2 3 28 34 35 61
5 2 3 28 38 39
5 2 3 28 40 53
5 2 3 28 46 47
5 2 3 28 54 55
5 2 3 29 32 48
5 2 3 29 34 35
5 2 3 29 38 39
5 2 3 29 40 52
5 2 3 29 54 55
5 2 3 29 58 59
8 2 3 30 31 32 45 48 61
6 2 3 30 31 34 35
5 2 3 30 31 36
5 2 3 30 31 37
5 2 3 30 31 40
7 2 3 30 31 41 54 55
5 2 3 30 31 44
5 2 3 30 31 49
5 2 3 30 31 52
5 2 3 30 31 53
5 2 3 30 31 56
5 2 3 30 31 57
6 2 3 30 31 58 59
8 2 3 32 38 39 48 54 55
5 2 3 34 35 52
8 2 3 34 35 54 55 62 63
5 2 3 34 35 56
6 2 3 34 35 58 59
5 2 3 36 54 55
5 2 3 38 39 40
6 2 3 38 39 46 47
5 2 3 38 39 49
5 2 3 38 39 52
5 2 3 38 39 56
5 2 3 38 39 57
5 2 3 38 39 61
5 2 3 40 46 47
5 2 3 40 54 55
5 2 3 40 58 59
5 2 3 44 54 55
5 2 3 44 58 59
5 2 3 45 54 55
5 2 3 45 58 59
5 2 3 46 47 49
5 2 3 46 47 53
6 2 3 46 47 54 55
5 2 3 46 47 56
5 2 3 46 47 57
6 2 3 46 47 58 59
5 2 3 49 54 55
5 2 3 49 62 63
5 2 3 52 58 59
5 2 3 54 55 56
5 2 4 5 16 17
8 2 4 5 18 20 21 32 33
10 2 4 5 19 24 25 39 42 55 58
8 2 4 5 22 38 50 52 53
9 2 4 5 23 26 43 44 45 62
6 2 4 5 27 28 29
6 2 4 5 34 36 37
6 2 4 5 35 40 41
5 2 4 5 48 49
6 2 4 5 51 56 57
6 2 4 5 59 60 61
7 2 4 9 16 26 33 38
5 2 4 9 17 22
6 2 4 9 18 20 25
7 2 4 9 19 43 45 55
8 2 4 9 23 39 50 52 57
6 2 4 9 24 32 42
7 2 4 9 27 29 44 62
6 2 4 9 34 36 41
5 2 4 9 48 58
5 2 4 9 49 54
5 2 4 9 59 61
8 2 4 10 16 24 34 36 42
5 2 4 10 17 25
6 2 4 10 18 20 26
8 2 4 10 19 27 29 46 55
7 2 4 10 23 32 40 53
6 2 4 10 30 44 62
5 2 4 10 33 41
6 2 4 10 35 43 45
5 2 4 10 48 56
5 2 4 10 49 57
6 2 4 10 50 52 58
6 2 4 10 51 59 61
5 2 4 12 16 48
5 2 4 12 17 40
6 2 4 12 18 20 28
6 2 4 12 19 55 63
6 2 4 12 21 27 29
5 2 4 12 22 30
5 2 4 12 23 31
5 2 4 12 24 42
5 2 4 12 32 51
8 2 4 12 34 36 44 54 62
6 2 4 12 37 43 45
5 2 4 12 38 46
5 2 4 12 39 47
6 2 4 12 50 52 60
6 2 4 12 53 59 61
5 2 4 15 16 51
6 2 4 15 17 43 45
6 2 4 15 18 20 31
5 2 4 15 19 55
5 2 4 15 24 42
5 2 4 15 27 29
5 2 4 15 32 60
5 2 4 15 33 54
6 2 4 15 34 36 47
5 2 4 15 44 62
6 2 4 15 50 52 63
5 2 4 15 59 61
5 2 4 16 25 37
7 2 4 16 27 29 39 53
5 2 4 16 30 54
6 2 4 16 43 45 57
5 2 4 16 46 58
8 2 4 17 19 34 36 53 55
5 2 4 17 28 39
5 2 4 17 31 46
6 2 4 17 44 57 62
5 2 4 17 54 63
5 2 4 17 59 61
6 2 4 18 20 35 53
5 2 4 18 20 39
8 2 4 18 20 40 44 58 62
6 2 4 18 20 43 45
5 2 4 18 20 46
5 2 4 18 20 47
5 2 4 18 20 48
5 2 4 18 20 49
5 2 4 18 20 51
5 2 4 18 20 56
5 2 4 18 20 57
6 2 4 18 20 59 61
5 2 4 18 20 63
6 2 4 19 22 41 55
5 2 4 19 26 55
6 2 4 19 30 48 55
5 2 4 19 33 55
5 2 4 19 37 55
6 2 4 21 34 36 49
6 2 4 21 37 50 52
6 2 4 21 39 59 61
6 2 4 21 41 44 62
5 2 4 22 27 29
5 2 4 22 32 37
5 2 4 22 34 36
5 2 4 22 40 56
5 2 4 22 43 45
5 2 4 22 59 61
5 2 4 23 34 36
5 2 4 23 35 58
5 2 4 23 59 61
6 2 4 24 28 42 46
5 2 4 24 31 42
5 2 4 24 33 42
6 2 4 24 35 42 57
5 2 4 24 42 47
5 2 4 24 42 49
5 2 4 24 42 51
5 2 4 24 42 53
5 2 4 24 42 56
6 2 4 24 42 59 61
5 2 4 24 42 60
5 2 4 24 42 63
6 2 4 25 27 29 31
6 2 4 25 41 50 52
5 2 4 25 43 45
5 2 4 25 44 62
5 2 4 25 59 61
5 2 4 26 32 41
5 2 4 26 34 36
5 2 4 26 39 56
5 2 4 26 59 61
6 2 4 27 29 32 57
5 2 4 27 29 33
6 2 4 27 29 34 36
5 2 4 27 29 35
5 2 4 27 29 40
8 2 4 27 29 43 45 50 52
5 2 4 27 29 47
5 2 4 27 29 48
5 2 4 27 29 49
5 2 4 27 29 51
5 2 4 27 29 54
5 2 4 27 29 56
5 2 4 27 29 58
6 2 4 27 29 59 61
5 2 4 27 29 60
5 2 4 28 33 57
6 2 4 28 34 36 58
6 2 4 28 38 43 45
7 2 4 30 32 43 45 58
5 2 4 30 34 36
6 2 4 30 46 50 52
5 2 4 30 59 61
5 2 4 31 34 36
5 2 4 31 43 45
5 2 4 32 39 54
6 2 4 33 44 53 62
5 2 4 33 59 61
5 2 4 34 36 48
5 2 4 34 36 51
5 2 4 34 36 56
5 2 4 34 36 57
6 2 4 34 36 59 61
5 2 4 34 36 60
5 2 4 34 36 63
6 2 4 35 38 51 54
5 2 4 37 44 62
5 2 4 37 59 61
5 2 4 38 59 61
5 2 4 40 59 61
6 2 4 41 43 45 47
5 2 4 41 59 61
5 2 4 43 45 48
5 2 4 43 45 49
5 2 4 43 45 51
5 2 4 43 45 53
5 2 4 43 45 54
5 2 4 43 45 56
6 2 4 43 45 59 61
5 2 4 43 45 60
5 2 4 43 45 63
5 2 4 44 48 62
5 2 4 44 51 62
5 2 4 46 59 61
5 2 4 48 59 61
5 2 4 54 59 61
6 2 4 57 59 61 63
8 2 5 7 10 16 24 29 31
12 2 5 7 10 17 19 25 27 34 37 39 42
8 2 5 7 10 18 21 23 26
12 2 5 7 10 20 30 32 40 45 47 52 62
5 2 5 7 10 22
5 2 5 7 10 28
8 2 5 7 10 33 35 41 43
6 2 5 7 10 36 46
5 2 5 7 10 38
5 2 5 7 10 44
8 2 5 7 10 48 56 61 63
8 2 5 7 10 49 51 57 59
8 2 5 7 10 50 53 55 58
5 2 5 7 10 54
5 2 5 7 10 60
6 2 5 11 17 35 41
6 2 5 11 18 21 27
7 2 5 11 19 25 39 42
7 2 5 11 20 29 32 56
5 2 5 11 23 26
8 2 5 11 30 46 50 53 59
7 2 5 11 31 36 45 62
6 2 5 11 34 37 43
5 2 5 11 51 57
5 2 5 11 52 61
5 2 5 11 55 58
5 2 5 12 17 48
8 2 5 12 18 21 28 51 57
8 2 5 12 19 25 39 42 63
5 2 5 12 20 32
5 2 5 12 22 46
5 2 5 12 23 26
6 2 5 12 34 37 44
5 2 5 12 35 41
5 2 5 12 45 62
6 2 5 12 50 53 60
5 2 5 12 55 58
6 2 5 13 17 40 49
6 2 5 13 18 21 29
8 2 5 13 19 25 39 42 47
6 2 5 13 20 28 32
5 2 5 13 22 30
6 2 5 13 23 26 31
8 2 5 13 34 37 45 54 62
5 2 5 13 35 41
5 2 5 13 36 44
5 2 5 13 38 46
6 2 5 13 50 53 61
5 2 5 13 51 57
5 2 5 13 52 60
6 2 5 13 55 58 63
5 2 5 16 22 33
5 2 5 16 27 52
5 2 5 16 30 63
5 2 5 16 34 37
5 2 5 16 40 48
6 2 5 16 43 51 57
6 2 5 16 45 56 62
5 2 5 16 47 61
5 2 5 16 55 58
6 2 5 17 23 26 38
7 2 5 17 24 28 36 52
5 2 5 17 30 54
7 2 5 17 31 46 55 58
5 2 5 17 44 56
5 2 5 17 47 59
10 2 5 18 21 35 41 45 55 58 62
6 2 5 18 21 36 48
5 2 5 18 21 44
5 2 5 18 21 46
5 2 5 18 21 47
5 2 5 18 21 49
5 2 5 18 21 52
6 2 5 18 21 54 61
5 2 5 18 21 59
5 2 5 18 21 60
5 2 5 18 21 63
8 2 5 19 25 29 39 42 46
7 2 5 19 25 33 39 42
8 2 5 19 25 39 42 44 61
7 2 5 19 25 39 42 48
7 2 5 19 25 39 42 52
7 2 5 19 25 39 42 56
7 2 5 19 25 39 42 60
7 2 5 20 27 32 51 57
6 2 5 20 31 32 61
5 2 5 20 32 38
7 2 5 20 32 43 55 58
5 2 5 20 32 46
5 2 5 20 32 59
5 2 5 20 32 63
8 2 5 22 24 35 41 51 57
5 2 5 22 29 43
5 2 5 22 40 54
5 2 5 22 55 58
5 2 5 23 26 28
5 2 5 23 26 30
5 2 5 23 26 33
6 2 5 23 26 34 37
7 2 5 23 26 40 55 58
6 2 5 23 26 46 63
5 2 5 23 26 48
6 2 5 23 26 51 57
5 2 5 23 26 52
5 2 5 23 26 56
5 2 5 23 26 59
5 2 5 23 26 60
5 2 5 23 26 61
5 2 5 24 33 49
5 2 5 24 38 54
5 2 5 24 43 59
5 2 5 24 47 63
5 2 5 27 35 41
6 2 5 27 36 55 58
5 2 5 27 40 59
6 2 5 27 43 50 53
5 2 5 27 44 63
5 2 5 28 33 56
5 2 5 28 34 37
6 2 5 28 35 41 61
5 2 5 28 40 60
5 2 5 28 43 63
6 2 5 28 44 50 53
5 2 5 28 55 58
7 2 5 29 34 37 55 58
6 2 5 29 35 41 59
5 2 5 29 40 61
6 2 5 30 33 55 58
5 2 5 30 34 37
5 2 5 30 35 41
5 2 5 30 51 57
5 2 5 31 33 59
5 2 5 31 34 37
5 2 5 31 35 41
5 2 5 31 40 63
6 2 5 31 47 50 53
5 2 5 31 51 57
5 2 5 33 40 44
5 2 5 34 37 48
5 2 5 34 37 49
6 2 5 34 37 51 57
5 2 5 34 37 52
5 2 5 34 37 59
5 2 5 34 37 60
5 2 5 34 37 61
5 2 5 34 37 63
5 2 5 35 41 48
5 2 5 35 41 52
5 2 5 35 41 56
5 2 5 35 41 60
5 2 5 35 41 63
5 2 5 36 51 57
5 2 5 38 45 62
5 2 5 38 51 57
5 2 5 38 55 58
5 2 5 44 51 57
5 2 5 44 55 58
5 2 5 45 48 62
5 2 5 45 49 62
5 2 5 46 51 57
5 2 5 47 51 57
5 2 5 47 55 58
5 2 5 49 55 58
5 2 5 49 56 60
5 2 5 51 57 61
5 2 5 55 58 60
8 2 6 8 9 16 17 20 21
12 2 6 8 9 18 22 24 25 32 33 36 37
12 2 6 8 9 19 23 28 29 43 46 59 62
10 2 6 8 9 26 42 50 54 56 57
7 2 6 8 9 27 30 47
5 2 6 8 9 31
8 2 6 8 9 34 38 40 41
8 2 6 8 9 35 39 44 45
8 2 6 8 9 48 49 52 53
8 2 6 8 9 51 55 60 61
5 2 6 8 9 58
5 2 6 8 9 63
6 2 6 11 16 20 29
10 2 6 11 17 21 31 41 46 57 62
8 2 6 11 18 22 27 35 39
5 2 6 11 19 23
9 2 6 11 25 30 32 36 45 56
8 2 6 11 26 42 50 54 59
6 2 6 11 33 37 47
6 2 6 11 34 38 43
6 2 6 11 48 52 61
6 2 6 11 49 53 63
5 2 6 11 51 55
5 2 6 12 16 20
6 2 6 12 17 21 24
9 2 6 12 18 22 28 41 48 52
7 2 6 12 19 23 30 63
6 2 6 12 25 32 36
10 2 6 12 26 29 42 45 50 54 60
6 2 6 12 33 37 40
6 2 6 12 34 38 44
9 2 6 12 35 39 46 51 55 62
6 2 6 12 49 53 56
5 2 6 12 58 61
5 2 6 13 16 20
5 2 6 13 17 21
8 2 6 13 18 22 29 49 53
6 2 6 13 19 23 47
7 2 6 13 25 28 32 36
8 2 6 13 26 42 50 54 61
5 2 6 13 30 43
5 2 6 13 33 37
6 2 6 13 34 38 45
5 2 6 13 35 39
5 2 6 13 41 44
5 2 6 13 46 62
5 2 6 13 48 52
5 2 6 13 51 55
5 2 6 13 57 60
5 2 6 15 16 20
8 2 6 15 17 21 45 48 52
8 2 6 15 18 22 31 51 55
5 2 6 15 19 23
7 2 6 15 25 32 36 60
8 2 6 15 26 42 50 54 63
5 2 6 15 30 41
5 2 6 15 33 37
6 2 6 15 34 38 47
5 2 6 15 35 39
5 2 6 15 46 62
5 2 6 15 49 53
5 2 6 16 20 27
6 2 6 16 20 33 37
6 2 6 16 20 34 38
8 2 6 16 20 40 46 56 62
6 2 6 16 20 43 57
5 2 6 16 20 44
5 2 6 16 20 45
6 2 6 16 20 47 61
6 2 6 16 20 48 52
6 2 6 16 20 51 55
5 2 6 16 20 58
5 2 6 16 20 59
5 2 6 16 20 63
8 2 6 17 19 21 23 34 38
5 2 6 17 21 28
6 2 6 17 21 30 61
6 2 6 17 21 35 39
5 2 6 17 21 47
6 2 6 17 21 49 53
5 2 6 17 21 56
5 2 6 17 21 58
5 2 6 17 21 59
5 2 6 17 21 60
5 2 6 17 21 63
5 2 6 18 22 40
5 2 6 18 22 43
6 2 6 18 22 44 56
6 2 6 18 22 45 57
6 2 6 18 22 47 59
5 2 6 18 22 60
5 2 6 18 22 61
5 2 6 18 22 63
6 2 6 19 23 24 58
6 2 6 19 23 33 37
6 2 6 19 23 40 57
6 2 6 19 23 44 61
5 2 6 19 23 45
6 2 6 19 23 48 52
5 2 6 19 23 56
5 2 6 19 23 60
5 2 6 24 30 44
5 2 6 24 34 38
6 2 6 24 35 39 57
5 2 6 24 49 53
5 2 6 24 51 55
8 2 6 25 27 32 36 57 59
7 2 6 25 31 32 36 61
7 2 6 25 32 36 43 58
7 2 6 25 32 36 51 55
8 2 6 26 28 42 44 50 54
8 2 6 26 31 42 47 50 54
5 2 6 27 34 38
5 2 6 27 41 58
5 2 6 27 48 52
5 2 6 27 49 53
5 2 6 28 33 37
6 2 6 28 34 38 56
6 2 6 28 35 39 61
5 2 6 28 45 58
5 2 6 28 49 53
5 2 6 28 51 55
7 2 6 29 33 37 48 52
6 2 6 29 34 38 57
5 2 6 29 35 39
5 2 6 29 41 56
5 2 6 29 51 55
6 2 6 30 33 37 57
6 2 6 30 35 39 59
5 2 6 30 48 52
5 2 6 30 49 53
5 2 6 30 51 55
5 2 6 31 33 37
6 2 6 31 34 38 59
5 2 6 31 35 39
5 2 6 31 48 52
5 2 6 31 49 53
6 2 6 33 35 37 39
5 2 6 33 37 44
8 2 6 33 37 46 49 53 62
5 2 6 33 37 56
5 2 6 33 37 58
5 2 6 33 37 59
5 2 6 33 37 60
5 2 6 33 37 61
5 2 6 33 37 63
6 2 6 34 38 48 52
6 2 6 34 38 49 53
6 2 6 34 38 51 55
5 2 6 34 38 60
5 2 6 34 38 61
5 2 6 34 38 63
5 2 6 35 39 40
6 2 6 35 39 48 52
5 2 6 35 39 56
5 2 6 35 39 58
5 2 6 35 39 60
5 2 6 35 39 63
5 2 6 40 49 53
5 2 6 40 51 55
5 2 6 41 51 55
5 2 6 43 48 52
5 2 6 43 49 53
5 2 6 44 48 52
5 2 6 44 49 53
5 2 6 44 51 55
5 2 6 45 49 53
5 2 6 45 51 55
5 2 6 47 49 53
5 2 6 47 51 55
5 2 6 48 52 59
6 2 6 49 51 53 55
5 2 6 49 53 60
5 2 6 51 55 56
5 2 7 9 16 31
7 2 7 9 17 27 37 42
6 2 7 9 18 23 25
6 2 7 9 19 33 43
10 2 7 9 20 30 36 46 50 55 57
5 2 7 9 21 26
9 2 7 9 24 29 32 47 52 62
6 2 7 9 34 39 41
5 2 7 9 40 45
5 2 7 9 48 63
5 2 7 9 49 59
5 2 7 9 53 58
5 2 7 9 56 61
6 2 7 12 16 31 54
7 2 7 12 17 27 37 42
6 2 7 12 18 23 28
6 2 7 12 19 48 63
5 2 7 12 20 30
5 2 7 12 21 26
5 2 7 12 24 29
7 2 7 12 32 47 52 62
5 2 7 12 33 43
6 2 7 12 34 39 44
5 2 7 12 36 46
5 2 7 12 40 45
5 2 7 12 49 59
6 2 7 12 50 55 60
5 2 7 12 53 58
5 2 7 12 56 61
10 2 7 16 17 27 31 36 37 42 46
6 2 7 16 22 31 41
5 2 7 16 25 31
7 2 7 16 31 33 43 57
8 2 7 16 31 34 39 53 58
5 2 7 16 31 38
6 2 7 16 31 48 63
5 2 7 16 31 51
7 2 7 17 27 28 37 42
7 2 7 17 27 35 37 42
7 2 7 17 27 37 42 44
8 2 7 17 27 37 42 48 63
8 2 7 17 27 37 42 49 59
8 2 7 17 27 37 42 53 58
8 2 7 17 27 37 42 56 61
7 2 7 17 27 37 42 60
12 2 7 18 23 32 33 43 47 52 53 58 62
5 2 7 18 23 35
6 2 7 18 23 36 46
6 2 7 18 23 40 45
5 2 7 18 23 44
7 2 7 18 23 48 54 63
6 2 7 18 23 49 59
5 2 7 18 23 51
6 2 7 18 23 56 61
5 2 7 18 23 57
5 2 7 18 23 60
6 2 7 19 20 30 54
6 2 7 19 21 26 38
9 2 7 19 24 29 36 46 53 58
6 2 7 19 40 45 57
6 2 7 20 21 26 30
6 2 7 20 30 33 43
6 2 7 20 30 34 39
7 2 7 20 30 35 53 58
5 2 7 20 30 44
6 2 7 20 30 48 63
6 2 7 20 30 49 59
5 2 7 20 30 51
6 2 7 20 30 56 61
5 2 7 21 26 28
9 2 7 21 26 32 41 47 52 62
6 2 7 21 26 34 39
5 2 7 21 26 35
8 2 7 21 26 36 46 56 61
5 2 7 21 26 44
6 2 7 21 26 48 63
6 2 7 21 26 49 59
6 2 7 21 26 53 58
5 2 7 21 26 57
5 2 7 21 26 60
5 2 7 22 24 29
7 2 7 22 33 43 49 59
5 2 7 22 34 39
5 2 7 22 36 46
6 2 7 22 38 50 55
5 2 7 22 40 45
5 2 7 22 48 63
5 2 7 22 53 58
5 2 7 22 56 61
6 2 7 24 25 28 29
6 2 7 24 29 33 43
6 2 7 24 29 34 39
6 2 7 24 29 35 57
8 2 7 24 29 40 45 50 55
5 2 7 24 29 44
6 2 7 24 29 48 63
6 2 7 24 29 49 59
5 2 7 24 29 51
5 2 7 24 29 54
6 2 7 24 29 56 61
5 2 7 24 29 60
5 2 7 25 33 43
5 2 7 25 40 45
6 2 7 25 41 50 55
5 2 7 25 49 59
5 2 7 25 53 58
5 2 7 25 56 61
5 2 7 28 33 43
5 2 7 28 34 39
5 2 7 28 36 46
5 2 7 28 40 45
5 2 7 28 48 63
5 2 7 28 53 58
7 2 7 32 38 47 52 62
7 2 7 32 47 51 52 62
5 2 7 33 43 44
6 2 7 33 43 48 63
6 2 7 33 43 56 61
5 2 7 33 43 60
6 2 7 34 39 48 63
6 2 7 34 39 49 59
5 2 7 34 39 51
6 2 7 34 39 56 61
5 2 7 34 39 57
5 2 7 35 36 46
5 2 7 35 40 45
5 2 7 35 48 63
6 2 7 36 46 49 59
5 2 7 36 46 51
5 2 7 36 46 54
5 2 7 36 46 60
5 2 7 38 40 45
5 2 7 38 48 63
5 2 7 38 49 59
5 2 7 38 53 58
5 2 7 38 56 61
6 2 7 40 41 44 45
6 2 7 40 45 48 63
6 2 7 40 45 49 59
5 2 7 40 45 51
6 2 7 40 45 53 58
5 2 7 40 45 54
6 2 7 40 45 56 61
5 2 7 40 45 60
5 2 7 41 48 63
5 2 7 41 49 59
5 2 7 41 53 58
5 2 7 41 56 61
5 2 7 44 48 63
5 2 7 44 53 58
6 2 7 48 49 59 63
5 2 7 48 57 63
5 2 7 49 59 60
5 2 7 51 53 58
5 2 7 51 56 61
5 2 7 53 58 60
5 2 7 54 56 61
6 2 7 56 57 60 61
5 2 8 15 16 48
7 2 8 15 17 20 39 45
7 2 8 15 18 24 31 37
7 2 8 15 19 28 59 62
5 2 8 15 22 25
5 2 8 15 23 29
5 2 8 15 27 30
6 2 8 15 32 51 60
5 2 8 15 33 36
7 2 8 15 34 40 47 58
5 2 8 15 35 44
5 2 8 15 38 41
5 2 8 15 43 46
5 2 8 15 49 52
6 2 8 15 50 56 63
5 2 8 15 54 57
5 2 8 15 55 61
5 2 8 16 22 25
7 2 8 16 23 29 34 40
5 2 8 16 27 30
6 2 8 16 33 36 42
5 2 8 16 38 41
6 2 8 16 39 45 53
7 2 8 16 43 46 54 57
5 2 8 16 51 60
12 2 8 17 19 20 28 34 40 54 57 59 62
5 2 8 17 20 26
7 2 8 17 20 31 43 46
7 2 8 17 20 35 44 53
5 2 8 17 20 47
5 2 8 17 20 48
6 2 8 17 20 49 52
6 2 8 17 20 55 61
5 2 8 17 20 58
5 2 8 17 20 63
9 2 8 18 24 35 37 44 54 57
8 2 8 18 24 37 39 45 47
7 2 8 18 24 37 43 46
6 2 8 18 24 37 48
7 2 8 18 24 37 49 52
7 2 8 18 24 37 51 60
7 2 8 18 24 37 55 61
9 2 8 19 21 28 38 41 59 62
7 2 8 19 26 28 59 62
9 2 8 19 28 33 36 53 59 62
7 2 8 19 28 48 59 62
6 2 8 21 23 29 31
5 2 8 21 27 30
5 2 8 21 33 36
5 2 8 21 35 44
5 2 8 21 39 45
5 2 8 21 49 52
5 2 8 21 51 60
5 2 8 21 54 57
5 2 8 21 55 61
6 2 8 22 25 27 30
5 2 8 22 25 31
8 2 8 22 25 34 40 49 52
6 2 8 22 25 35 44
8 2 8 22 25 38 41 50 56
6 2 8 22 25 43 46
5 2 8 22 25 47
5 2 8 22 25 48
6 2 8 22 25 51 60
5 2 8 22 25 53
6 2 8 22 25 54 57
6 2 8 22 25 55 61
5 2 8 22 25 58
5 2 8 22 25 63
6 2 8 23 29 32 53
6 2 8 23 29 33 36
6 2 8 23 29 35 44
6 2 8 23 29 49 52
6 2 8 23 29 51 60
6 2 8 23 29 54 57
6 2 8 23 29 55 61
5 2 8 23 29 63
6 2 8 26 32 38 41
5 2 8 26 33 36
5 2 8 26 34 40
5 2 8 26 35 44
7 2 8 26 39 45 55 61
5 2 8 26 43 46
5 2 8 26 49 52
5 2 8 26 51 60
9 2 8 27 30 32 39 45 54 57
6 2 8 27 30 33 36
6 2 8 27 30 34 40
6 2 8 27 30 35 44
8 2 8 27 30 43 46 50 56
5 2 8 27 30 48
6 2 8 27 30 49 52
5 2 8 27 30 53
6 2 8 27 30 55 61
5 2 8 27 30 58
5 2 8 27 30 63
5 2 8 31 33 36
5 2 8 31 34 40
5 2 8 31 38 41
5 2 8 31 39 45
5 2 8 31 51 60
5 2 8 31 54 57
6 2 8 32 43 46 58
6 2 8 33 35 36 44
7 2 8 33 36 47 54 57
5 2 8 33 36 48
6 2 8 33 36 49 52
6 2 8 33 36 55 61
5 2 8 33 36 58
5 2 8 33 36 63
5 2 8 34 40 48
6 2 8 34 40 51 60
6 2 8 34 40 55 61
5 2 8 34 40 63
8 2 8 35 42 44 51 58 60
5 2 8 35 44 48
5 2 8 35 44 63
6 2 8 38 41 43 46
5 2 8 38 41 47
5 2 8 38 41 48
6 2 8 38 41 49 52
6 2 8 38 41 51 60
5 2 8 38 41 53
6 2 8 38 41 54 57
6 2 8 38 41 55 61
5 2 8 38 41 58
5 2 8 38 41 63
6 2 8 39 45 49 52
6 2 8 39 45 51 60
5 2 8 39 45 63
5 2 8 42 49 52
5 2 8 42 55 61
5 2 8 43 46 48
6 2 8 43 46 49 52
6 2 8 43 46 51 60
5 2 8 43 46 53
6 2 8 43 46 55 61
5 2 8 43 46 63
5 2 8 47 51 60
5 2 8 48 54 57
5 2 8 48 55 61
6 2 8 49 51 52 60
5 2 8 49 52 58
5 2 8 49 52 63
5 2 8 51 53 60
6 2 8 53 55 61 63
5 2 8 54 57 63
8 2 9 11 17 19 34 41 43
6 2 9 11 18 25 27
8 2 9 11 20 29 31 40 62
5 2 9 11 21 23
6 2 9 11 24 32 56
7 2 9 11 30 33 35 54
6 2 9 11 36 45 47
5 2 9 11 37 39
5 2 9 11 49 51
6 2 9 11 50 57 59
6 2 9 11 52 61 63
5 2 9 11 53 55
7 2 9 12 18 25 28 53
6 2 9 12 19 43 63
5 2 9 12 21 36
5 2 9 12 23 47
5 2 9 12 24 32
5 2 9 12 26 46
5 2 9 12 29 62
5 2 9 12 33 48
6 2 9 12 34 41 44
5 2 9 12 42 51
6 2 9 12 50 57 60
5 2 9 13 17 36
8 2 9 13 18 25 29 58 62
7 2 9 13 19 22 43 47
8 2 9 13 21 37 50 57 61
6 2 9 13 24 28 32
5 2 9 13 26 30
5 2 9 13 27 31
5 2 9 13 33 49
6 2 9 13 34 41 45
5 2 9 13 35 38
5 2 9 13 40 44
5 2 9 13 42 46
5 2 9 13 51 54
5 2 9 13 56 60
5 2 9 13 59 63
6 2 9 16 29 56 62
5 2 9 16 30 51
5 2 9 16 34 41
5 2 9 16 36 42
5 2 9 16 39 53
5 2 9 16 45 52
5 2 9 16 47 61
5 2 9 17 23 38
6 2 9 17 31 46 54
5 2 9 17 40 56
5 2 9 17 44 52
5 2 9 17 47 55
6 2 9 18 25 35 59
6 2 9 18 25 40 48
5 2 9 18 25 44
6 2 9 18 25 45 54
5 2 9 18 25 46
5 2 9 18 25 47
5 2 9 18 25 49
5 2 9 18 25 51
5 2 9 18 25 52
5 2 9 18 25 55
5 2 9 18 25 56
5 2 9 18 25 60
5 2 9 18 25 61
5 2 9 18 25 63
6 2 9 19 20 43 54
6 2 9 19 36 43 53
5 2 9 19 37 43
6 2 9 19 43 44 61
5 2 9 19 43 48
5 2 9 19 43 52
5 2 9 19 43 56
5 2 9 19 43 60
5 2 9 20 26 37
5 2 9 20 35 53
5 2 9 20 45 49
5 2 9 20 47 51
5 2 9 21 24 32
8 2 9 21 29 34 41 54 62
5 2 9 21 44 49
8 2 9 22 28 38 44 50 57
6 2 9 22 34 41 53
5 2 9 22 46 63
6 2 9 23 24 32 53
5 2 9 23 40 54
5 2 9 23 44 51
7 2 9 24 30 32 45 59
6 2 9 24 31 32 61
5 2 9 24 32 38
6 2 9 24 32 39 54
5 2 9 24 32 46
5 2 9 24 32 51
5 2 9 24 32 55
5 2 9 24 32 63
5 2 9 26 28 45
6 2 9 26 29 39 62
5 2 9 26 35 51
5 2 9 27 33 39
5 2 9 27 34 41
5 2 9 27 36 54
5 2 9 27 45 56
5 2 9 27 46 51
5 2 9 28 34 41
5 2 9 28 35 61
5 2 9 28 36 48
5 2 9 28 37 49
5 2 9 28 39 51
5 2 9 28 42 60
6 2 9 29 36 49 62
5 2 9 29 37 62
5 2 9 29 38 62
5 2 9 29 48 62
5 2 9 30 34 41
5 2 9 31 33 55
5 2 9 31 34 41
5 2 9 31 36 51
6 2 9 31 47 50 57
5 2 9 33 44 56
5 2 9 33 46 58
5 2 9 33 47 59
5 2 9 34 41 48
5 2 9 34 41 49
5 2 9 34 41 51
5 2 9 34 41 52
5 2 9 34 41 55
5 2 9 34 41 56
5 2 9 34 41 58
5 2 9 34 41 59
5 2 9 34 41 60
5 2 9 34 41 61
5 2 9 34 41 63
6 2 9 42 45 58 61
5 2 10 12 16 24
5 2 10 12 17 25
6 2 10 12 18 26 28
6 2 10 12 19 27 63
5 2 10 12 22 36
6 2 10 12 23 51 59
5 2 10 12 29 38
5 2 10 12 30 62
5 2 10 12 32 40
5 2 10 12 33 41
8 2 10 12 34 42 44 48 56
5 2 10 12 35 43
5 2 10 12 49 57
6 2 10 12 50 58 60
6 2 10 13 16 21 24
5 2 10 13 17 25
6 2 10 13 18 26 29
6 2 10 13 19 27 47
8 2 10 13 22 28 32 37 40
6 2 10 13 30 39 62
5 2 10 13 33 41
8 2 10 13 34 42 45 49 57
5 2 10 13 35 43
5 2 10 13 38 44
6 2 10 13 48 53 56
6 2 10 13 50 58 61
5 2 10 13 51 59
5 2 10 13 54 60
5 2 10 15 16 24
6 2 10 15 17 25 45
6 2 10 15 18 26 31
5 2 10 15 19 27
5 2 10 15 22 39
6 2 10 15 30 37 62
6 2 10 15 32 40 60
5 2 10 15 33 41
8 2 10 15 34 42 47 51 59
5 2 10 15 35 43
5 2 10 15 48 56
5 2 10 15 49 57
6 2 10 15 50 58 63
6 2 10 16 17 24 25
5 2 10 16 22 24
5 2 10 16 23 24
8 2 10 16 24 30 48 56 62
6 2 10 16 24 33 41
5 2 10 16 24 38
6 2 10 16 24 39 53
5 2 10 16 24 44
5 2 10 16 24 45
6 2 10 16 24 46 52
6 2 10 16 24 47 61
6 2 10 16 24 51 59
5 2 10 16 24 54
5 2 10 16 24 55
5 2 10 16 24 60
5 2 10 16 24 63
6 2 10 17 23 25 38
5 2 10 17 25 28
8 2 10 17 25 30 49 57 62
7 2 10 17 25 31 46 53
6 2 10 17 25 35 43
5 2 10 17 25 47
6 2 10 17 25 48 56
5 2 10 17 25 52
5 2 10 17 25 54
5 2 10 17 25 55
5 2 10 17 25 60
5 2 10 17 25 61
5 2 10 17 25 63
8 2 10 18 26 32 33 40 41
6 2 10 18 26 35 43
5 2 10 18 26 36
5 2 10 18 26 39
6 2 10 18 26 44 52
6 2 10 18 26 45 53
6 2 10 18 26 47 55
6 2 10 18 26 48 56
6 2 10 18 26 49 57
6 2 10 18 26 51 59
5 2 10 18 26 60
5 2 10 18 26 61
5 2 10 18 26 63
6 2 10 19 20 27 54
6 2 10 19 21 27 38
5 2 10 19 22 27
6 2 10 19 27 33 41
6 2 10 19 27 36 53
6 2 10 19 27 44 61
5 2 10 19 27 45
6 2 10 19 27 48 56
5 2 10 19 27 52
6 2 10 20 35 43 53
6 2 10 20 36 50 58
5 2 10 20 48 56
5 2 10 20 49 57
5 2 10 20 51 59
8 2 10 21 30 33 41 53 62
8 2 10 21 31 37 47 50 58
5 2 10 21 46 63
5 2 10 21 48 56
5 2 10 21 49 57
5 2 10 21 51 59
6 2 10 22 29 33 41
6 2 10 22 31 35 43
5 2 10 22 45 60
5 2 10 22 48 56
5 2 10 22 49 57
5 2 10 22 51 59
8 2 10 23 30 35 43 55 62
5 2 10 23 46 61
5 2 10 23 49 57
8 2 10 28 29 34 42 52 53
5 2 10 28 33 41
6 2 10 28 35 43 61
6 2 10 28 44 50 58
5 2 10 28 45 54
5 2 10 28 48 56
5 2 10 28 49 57
5 2 10 29 35 43
5 2 10 29 49 57
5 2 10 29 51 59
5 2 10 30 36 62
6 2 10 31 32 40 61
5 2 10 31 33 41
6 2 10 31 34 42 55
5 2 10 31 48 56
5 2 10 31 49 57
5 2 10 31 51 59
5 2 10 32 38 40
6 2 10 32 39 40 54
7 2 10 32 40 46 51 59
5 2 10 32 40 55
5 2 10 32 40 63
5 2 10 33 39 41
5 2 10 33 41 44
5 2 10 33 41 46
5 2 10 33 41 47
6 2 10 33 41 48 56
6 2 10 33 41 49 57
5 2 10 33 41 52
5 2 10 33 41 54
5 2 10 33 41 55
5 2 10 33 41 60
5 2 10 33 41 61
5 2 10 33 41 63
5 2 10 34 42 60
5 2 10 34 42 61
5 2 10 34 42 63
5 2 10 35 36 43
5 2 10 35 37 43
5 2 10 35 38 43
6 2 10 35 43 48 56
6 2 10 35 43 51 59
5 2 10 35 43 52
5 2 10 35 43 54
5 2 10 35 43 60
5 2 10 35 43 63
5 2 10 36 48 56
5 2 10 36 49 57
5 2 10 36 51 59
5 2 10 37 48 56
5 2 10 37 49 57
5 2 10 37 51 59
5 2 10 38 48 56
5 2 10 38 49 57
5 2 10 38 51 59
5 2 10 39 49 57
5 2 10 39 51 59
5 2 10 44 49 57
5 2 10 44 51 59
5 2 10 45 51 59
5 2 10 46 48 56
5 2 10 46 49 57
5 2 10 47 48 56
5 2 10 47 49 57
6 2 10 48 49 56 57
5 2 10 48 54 56
5 2 10 48 55 56
5 2 10 49 55 57
5 2 10 49 57 60
5 2 10 49 57 63
5 2 10 51 52 59
5 2 10 51 53 59
5 2 10 51 54 59
5 2 11 12 17 41
6 2 11 12 18 27 28
5 2 11 12 19 63
5 2 11 12 20 29
6 2 11 12 23 36 45
5 2 11 12 31 62
5 2 11 12 32 56
6 2 11 12 34 43 44
5 2 11 12 35 48
5 2 11 12 39 58
6 2 11 12 50 59 60
5 2 11 12 52 61
6 2 11 15 16 26 30
8 2 11 15 17 22 36 41 45
9 2 11 15 18 27 31 48 58 62
6 2 11 15 20 25 29
8 2 11 15 23 39 50 59 63
5 2 11 15 24 28
8 2 11 15 32 42 46 56 60
5 2 11 15 33 38
6 2 11 15 34 43 47
5 2 11 15 35 51
5 2 11 15 40 44
5 2 11 15 49 54
6 2 11 15 52 57 61
6 2 11 16 17 40 41
5 2 11 16 23 46
6 2 11 16 34 43 57
6 2 11 16 36 42 45
5 2 11 16 39 53
5 2 11 17 28 41
5 2 11 17 39 41
5 2 11 17 41 44
6 2 11 17 41 47 53
5 2 11 17 41 48
5 2 11 17 41 49
6 2 11 17 41 52 61
5 2 11 17 41 54
5 2 11 17 41 55
5 2 11 17 41 60
5 2 11 17 41 63
8 2 11 18 27 32 33 56 57
6 2 11 18 27 36 45
5 2 11 18 27 40
5 2 11 18 27 44
5 2 11 18 27 46
6 2 11 18 27 47 54
5 2 11 18 27 49
5 2 11 18 27 51
6 2 11 18 27 52 61
5 2 11 18 27 53
5 2 11 18 27 55
5 2 11 18 27 60
5 2 11 18 27 63
7 2 11 19 20 29 46 54
5 2 11 19 21 38
5 2 11 19 24 58
6 2 11 19 36 45 53
5 2 11 19 40 57
6 2 11 20 21 28 29
5 2 11 20 26 29
5 2 11 20 29 33
6 2 11 20 29 34 43
6 2 11 20 29 35 53
8 2 11 20 29 36 45 50 59
5 2 11 20 29 39
5 2 11 20 29 44
5 2 11 20 29 47
5 2 11 20 29 48
5 2 11 20 29 49
5 2 11 20 29 51
6 2 11 20 29 52 61
5 2 11 20 29 55
5 2 11 20 29 57
5 2 11 20 29 58
5 2 11 20 29 63
5 2 11 21 32 56
5 2 11 21 36 45
6 2 11 21 37 50 59
5 2 11 21 52 61
6 2 11 22 32 37 56
6 2 11 22 34 43 55
6 2 11 22 38 50 59
6 2 11 22 46 52 61
5 2 11 23 28 40
8 2 11 23 31 34 43 54 62
6 2 11 23 32 53 56
5 2 11 23 52 61
5 2 11 23 58 60
6 2 11 24 31 51 62
5 2 11 24 34 43
7 2 11 24 35 36 45 57
6 2 11 24 40 50 59
5 2 11 24 52 61
5 2 11 25 31 62
5 2 11 25 34 43
5 2 11 25 35 37
5 2 11 25 46 49
5 2 11 25 52 61
6 2 11 26 31 37 62
5 2 11 26 33 49
5 2 11 26 34 43
5 2 11 26 35 38
5 2 11 26 36 45
5 2 11 26 52 61
5 2 11 28 34 43
5 2 11 28 36 45
5 2 11 30 34 43
5 2 11 30 47 57
5 2 11 30 52 61
5 2 11 31 38 62
5 2 11 31 39 62
5 2 11 32 38 56
6 2 11 32 39 54 56
5 2 11 32 51 56
5 2 11 32 56 63
5 2 11 33 52 61
5 2 11 34 43 48
5 2 11 34 43 49
5 2 11 34 43 51
6 2 11 34 43 52 61
5 2 11 34 43 53
5 2 11 34 43 60
5 2 11 34 43 63
5 2 11 35 46 58
6 2 11 36 37 44 45
5 2 11 36 45 48
5 2 11 36 45 49
5 2 11 36 45 51
6 2 11 36 45 52 61
5 2 11 36 45 54
5 2 11 36 45 55
5 2 11 36 45 58
5 2 11 36 45 60
5 2 11 36 45 63
5 2 11 37 52 61
5 2 11 38 52 61
5 2 11 39 52 61
5 2 11 40 52 61
6 2 11 42 47 58 63
5 2 11 42 52 61
5 2 11 51 52 61
6 2 11 52 53 60 61
5 2 11 52 58 61
5 2 12 13 16 17
8 2 12 13 18 28 29 32 33
6 2 12 13 19 47 63
5 2 12 13 20 21
6 2 12 13 23 43 62
5 2 12 13 24 25
6 2 12 13 26 36 37
5 2 12 13 27 51
8 2 12 13 30 46 50 60 61
6 2 12 13 34 44 45
5 2 12 13 40 41
5 2 12 13 48 49
5 2 12 13 52 53
5 2 12 13 56 57
5 2 12 16 33 46
5 2 12 16 34 44
5 2 12 16 39 53
5 2 12 16 43 57
5 2 12 16 47 61
5 2 12 16 56 62
8 2 12 17 19 34 44 61 63
5 2 12 17 23 38
5 2 12 17 57 62
6 2 12 18 28 35 61
5 2 12 18 28 39
5 2 12 18 28 43
5 2 12 18 28 47
5 2 12 18 28 49
5 2 12 18 28 54
5 2 12 18 28 55
5 2 12 18 28 56
6 2 12 19 20 54 63
6 2 12 19 21 38 63
5 2 12 19 22 63
5 2 12 19 26 63
5 2 12 19 33 63
6 2 12 19 36 53 63
6 2 12 19 40 57 63
5 2 12 19 41 63
5 2 12 19 45 63
5 2 12 19 52 63
5 2 12 19 56 63
5 2 12 20 34 44
5 2 12 20 35 53
5 2 12 20 37 46
5 2 12 20 40 62
5 2 12 21 34 44
6 2 12 21 37 50 60
5 2 12 21 41 62
5 2 12 22 32 37
5 2 12 22 34 44
6 2 12 22 38 50 60
6 2 12 22 45 51 58
6 2 12 23 39 50 60
5 2 12 24 33 52
5 2 12 24 34 44
5 2 12 24 35 57
6 2 12 24 40 50 60
5 2 12 24 41 46
5 2 12 25 34 44
5 2 12 25 37 48
6 2 12 25 41 50 60
5 2 12 26 32 41
5 2 12 26 34 44
5 2 12 26 38 48
6 2 12 27 39 48 61
6 2 12 27 43 50 60
6 2 12 29 34 44 49
5 2 12 29 36 41
5 2 12 29 39 59
5 2 12 29 48 53
5 2 12 30 32 45
5 2 12 30 34 44
5 2 12 30 43 51
5 2 12 30 48 54
5 2 12 31 32 61
5 2 12 31 34 44
5 2 12 31 36 43
5 2 12 31 39 57
6 2 12 31 47 50 60
5 2 12 31 48 55
5 2 12 32 39 54
5 2 12 32 43 58
5 2 12 33 53 62
5 2 12 34 44 51
5 2 12 34 44 52
5 2 12 34 44 55
5 2 12 34 44 58
5 2 12 34 44 59
5 2 12 40 51 53
5 2 12 45 48 57
5 2 12 46 48 58
5 2 12 47 48 59
8 2 13 15 17 19 34 45 47
6 2 13 15 18 29 31
6 2 13 15 20 40 62
5 2 13 15 21 23
5 2 13 15 25 27
6 2 13 15 28 32 60
5 2 13 15 33 35
5 2 13 15 37 39
5 2 13 15 41 43
5 2 13 15 49 51
6 2 13 15 50 61 63
5 2 13 15 53 55
5 2 13 15 57 59
5 2 13 16 30 33
5 2 13 16 34 45
5 2 13 16 36 42
5 2 13 16 39 53
5 2 13 16 43 57
5 2 13 17 31 46
5 2 13 17 44 60
5 2 13 17 57 62
6 2 13 18 29 35 63
5 2 13 18 29 36
5 2 13 18 29 39
5 2 13 18 29 40
5 2 13 18 29 43
6 2 13 18 29 44 48
5 2 13 18 29 51
5 2 13 18 29 52
5 2 13 18 29 54
5 2 13 18 29 55
5 2 13 18 29 56
5 2 13 18 29 57
5 2 13 18 29 59
5 2 13 18 29 60
6 2 13 19 20 47 54
6 2 13 19 21 38 47
6 2 13 19 24 47 58
5 2 13 19 26 47
5 2 13 19 33 47
6 2 13 19 36 47 53
5 2 13 19 37 47
6 2 13 19 40 47 57
5 2 13 19 41 47
5 2 13 19 47 48
5 2 13 19 47 60
5 2 13 20 33 57
5 2 13 20 34 45
5 2 13 20 35 53
6 2 13 20 36 50 61
5 2 13 21 28 32
5 2 13 21 33 56
5 2 13 21 34 45
5 2 13 21 41 62
5 2 13 22 34 45
6 2 13 22 38 50 61
5 2 13 22 46 59
6 2 13 23 28 32 53
5 2 13 23 34 45
6 2 13 23 39 50 61
5 2 13 23 44 54
6 2 13 23 46 49 58
6 2 13 24 33 53 62
5 2 13 24 34 45
5 2 13 24 35 57
6 2 13 24 40 50 61
5 2 13 25 33 52
5 2 13 25 34 45
6 2 13 25 41 50 61
6 2 13 26 28 32 41
5 2 13 26 34 45
5 2 13 26 38 49
5 2 13 26 46 55
6 2 13 27 28 32 57
5 2 13 27 34 45
6 2 13 27 43 50 61
5 2 13 27 44 58
5 2 13 27 46 54
5 2 13 28 32 38
6 2 13 28 32 39 54
5 2 13 28 32 42
6 2 13 28 32 43 58
5 2 13 28 32 46
5 2 13 28 32 51
5 2 13 28 32 63
5 2 13 30 35 51
5 2 13 30 49 54
5 2 13 31 34 45
5 2 13 31 36 54
5 2 13 31 37 43
5 2 13 31 40 58
5 2 13 34 45 48
5 2 13 34 45 51
5 2 13 34 45 52
5 2 13 34 45 53
5 2 13 34 45 55
5 2 13 34 45 56
5 2 13 34 45 58
5 2 13 34 45 59
5 2 13 34 45 60
5 2 13 34 45 63
5 2 13 35 37 58
5 2 13 42 44 53
8 2 14 16 17 22 26 28 29
6 2 14 16 21 25 28
8 2 14 16 23 27 28 33 45
6 2 14 16 28 34 46
6 2 14 16 28 37 41
8 2 14 16 28 39 43 53 57
6 2 14 16 28 48 60
6 2 14 16 28 51 63
6 2 14 16 28 54 58
8 2 14 17 19 29 31 34 46
8 2 14 17 29 35 47 54 58
6 2 14 17 29 39 43
6 2 14 17 29 48 60
6 2 14 17 29 49 61
6 2 14 17 29 52 56
6 2 14 17 29 55 59
10 2 14 18 30 32 33 38 42 44 45
8 2 14 18 30 35 38 42 47
10 2 14 18 30 38 42 48 53 57 60
8 2 14 18 30 38 42 49 61
8 2 14 18 30 38 42 51 63
8 2 14 18 30 38 42 52 56
8 2 14 18 30 38 42 55 59
10 2 14 19 20 24 31 33 45 54 58
6 2 14 19 22 26 31
8 2 14 19 31 36 40 53 57
6 2 14 19 31 37 41
6 2 14 19 31 48 60
6 2 14 20 21 24 25
6 2 14 20 24 34 46
8 2 14 20 24 35 47 53 57
8 2 14 20 24 36 40 50 62
6 2 14 20 24 39 43
6 2 14 20 24 49 61
6 2 14 20 24 51 63
6 2 14 20 24 52 56
6 2 14 20 24 55 59
6 2 14 21 23 25 27
8 2 14 21 25 33 45 49 61
8 2 14 21 25 34 46 55 59
6 2 14 21 25 35 47
8 2 14 21 25 37 41 50 62
6 2 14 21 25 48 60
6 2 14 21 25 51 63
6 2 14 21 25 52 56
6 2 14 21 25 53 57
6 2 14 21 25 54 58
8 2 14 22 26 32 37 41 44
8 2 14 22 26 33 45 52 56
6 2 14 22 26 35 47
6 2 14 22 26 36 40
6 2 14 22 26 39 43
6 2 14 22 26 48 60
6 2 14 22 26 49 61
6 2 14 22 26 51 63
6 2 14 22 26 53 57
6 2 14 22 26 55 59
8 2 14 23 27 35 47 51 63
6 2 14 23 27 36 40
8 2 14 23 27 39 43 50 62
6 2 14 23 27 48 60
6 2 14 23 27 49 61
6 2 14 23 27 52 56
6 2 14 23 27 54 58
6 2 14 23 27 55 59
8 2 14 32 39 43 44 54 58
6 2 14 32 44 51 63
6 2 14 33 35 45 47
6 2 14 33 45 48 60
6 2 14 33 45 55 59
6 2 14 34 46 48 60
6 2 14 34 46 49 61
6 2 14 34 46 51 63
6 2 14 34 46 52 56
6 2 14 35 36 40 47
6 2 14 35 47 48 60
6 2 14 36 37 40 41
6 2 14 36 40 48 60
6 2 14 36 40 49 61
6 2 14 36 40 51 63
6 2 14 36 40 52 56
6 2 14 36 40 54 58
6 2 14 36 40 55 59
6 2 14 37 39 41 43
6 2 14 37 41 48 60
6 2 14 37 41 49 61
6 2 14 37 41 51 63
6 2 14 37 41 52 56
6 2 14 37 41 53 57
6 2 14 37 41 54 58
6 2 14 37 41 55 59
6 2 14 39 43 48 60
6 2 14 39 43 49 61
6 2 14 39 43 51 63
6 2 14 39 43 52 56
6 2 14 39 43 55 59
8 2 14 48 49 54 58 60 61
6 2 14 48 55 59 60
6 2 14 49 51 61 63
6 2 14 51 52 56 63
6 2 14 51 54 58 63
6 2 14 52 53 56 57
6 2 14 53 55 57 59
6 2 15 16 17 44 45
6 2 15 16 34 47 61
5 2 15 16 36 42
5 2 15 16 39 53
5 2 15 16 43 57
5 2 15 16 56 62
6 2 15 17 23 38 45
5 2 15 17 24 45
5 2 15 17 26 45
5 2 15 17 35 45
5 2 15 17 45 49
5 2 15 17 45 54
5 2 15 17 45 55
5 2 15 17 45 56
5 2 15 17 45 58
5 2 15 17 45 59
5 2 15 17 45 61
8 2 15 18 31 32 33 60 61
5 2 15 18 31 35
5 2 15 18 31 36
5 2 15 18 31 40
5 2 15 18 31 41
5 2 15 18 31 44
5 2 15 18 31 49
5 2 15 18 31 52
5 2 15 18 31 53
5 2 15 18 31 54
5 2 15 18 31 56
5 2 15 18 31 57
5 2 15 18 31 59
5 2 15 19 20 54
5 2 15 19 24 58
5 2 15 19 29 46
5 2 15 19 36 53
5 2 15 19 40 57
5 2 15 19 44 61
5 2 15 20 33 59
5 2 15 20 34 47
5 2 15 20 35 53
6 2 15 20 36 50 63
5 2 15 21 32 60
5 2 15 21 34 47
6 2 15 21 37 50 63
5 2 15 21 41 62
6 2 15 21 46 51 58
6 2 15 22 32 37 60
5 2 15 22 34 47
6 2 15 22 38 50 63
6 2 15 22 46 48 57
6 2 15 23 32 53 60
5 2 15 23 33 56
6 2 15 23 34 47 48
5 2 15 23 43 62
5 2 15 24 33 55
5 2 15 24 34 47
5 2 15 24 35 57
6 2 15 24 36 51 61
6 2 15 24 40 50 63
5 2 15 25 34 47
5 2 15 25 37 51
6 2 15 25 41 50 63
5 2 15 25 46 54
6 2 15 26 32 41 60
5 2 15 26 34 47
5 2 15 26 38 51
5 2 15 26 46 53
6 2 15 27 32 57 60
5 2 15 27 33 52
5 2 15 27 34 47
6 2 15 27 43 50 63
5 2 15 28 34 47
5 2 15 28 35 61
5 2 15 28 36 57
5 2 15 28 39 40
6 2 15 28 44 50 63
5 2 15 28 51 52
5 2 15 29 32 60
5 2 15 29 34 47
5 2 15 29 36 56
5 2 15 29 39 41
5 2 15 29 40 48
5 2 15 30 33 49
5 2 15 30 34 47
6 2 15 30 46 50 63
5 2 15 30 51 54
5 2 15 32 38 60
6 2 15 32 43 58 60
5 2 15 32 55 60
5 2 15 32 59 60
5 2 15 33 39 58
5 2 15 33 42 48
5 2 15 34 47 49
5 2 15 34 47 53
5 2 15 34 47 55
5 2 15 34 47 56
5 2 15 34 47 57
6 2 15 35 36 55 62
5 2 15 39 48 49
5 2 15 43 48 54
5 2 15 44 51 56
9 2 16 17 23 38 43 56 57 62
6 2 16 17 39 52 53
6 2 16 17 47 60 61
6 2 16 21 27 47 61
6 2 16 21 39 48 53
6 2 16 21 41 56 62
5 2 16 22 39 53
5 2 16 22 40 44
5 2 16 22 43 57
5 2 16 22 47 61
5 2 16 22 48 54
5 2 16 23 47 61
5 2 16 23 48 55
6 2 16 25 43 48 57
5 2 16 25 47 61
5 2 16 25 56 62
6 2 16 26 43 52 57
5 2 16 26 47 61
5 2 16 26 48 58
5 2 16 27 38 44
5 2 16 27 48 59
5 2 16 29 36 42
5 2 16 29 43 57
6 2 16 29 47 48 61
5 2 16 30 39 53
5 2 16 30 43 57
5 2 16 30 47 61
7 2 16 33 39 53 56 62
5 2 16 33 47 61
6 2 16 34 54 56 62
5 2 16 36 42 44
6 2 16 36 42 47 61
5 2 16 36 42 48
5 2 16 36 42 51
6 2 16 36 42 52 58
5 2 16 36 42 55
5 2 16 36 42 59
5 2 16 36 42 60
5 2 16 36 42 63
6 2 16 37 39 53 55
5 2 16 37 43 57
5 2 16 37 47 61
5 2 16 37 56 62
5 2 16 38 47 61
5 2 16 39 40 53
5 2 16 39 44 53
5 2 16 39 46 53
6 2 16 39 47 53 61
5 2 16 39 51 53
5 2 16 39 53 59
5 2 16 39 53 60
5 2 16 40 47 61
6 2 16 41 43 57 59
5 2 16 41 47 61
5 2 16 43 44 57
6 2 16 43 47 57 61
5 2 16 43 55 57
5 2 16 43 57 60
5 2 16 43 57 63
6 2 16 45 47 61 63
5 2 16 47 51 61
5 2 16 47 54 61
5 2 16 47 58 61
5 2 16 51 56 62
5 2 17 19 22 34
6 2 17 19 24 34 58
5 2 17 19 26 34
5 2 17 19 30 34
5 2 17 19 34 52
5 2 17 19 34 56
5 2 17 19 34 60
5 2 17 22 30 40
5 2 17 22 31 46
5 2 17 22 43 53
5 2 17 22 48 58
5 2 17 22 49 54
5 2 17 23 28 38
7 2 17 23 31 38 40 46
5 2 17 23 35 38
5 2 17 23 38 44
5 2 17 23 38 47
5 2 17 23 38 48
6 2 17 23 38 49 55
5 2 17 23 38 52
5 2 17 23 38 54
6 2 17 23 38 58 63
5 2 17 23 38 60
5 2 17 23 38 61
6 2 17 24 31 39 46
7 2 17 24 35 55 57 62
5 2 17 24 49 56
5 2 17 26 30 36
5 2 17 26 31 46
5 2 17 26 49 58
5 2 17 26 57 62
5 2 17 28 35 61
5 2 17 28 49 60
5 2 17 31 35 46
5 2 17 31 46 48
6 2 17 31 46 49 63
5 2 17 31 46 52
5 2 17 31 46 56
5 2 17 31 46 59
5 2 17 31 46 60
5 2 17 36 43 47
5 2 17 36 59 63
5 2 17 39 40 47
5 2 17 39 56 63
5 2 17 40 52 60
5 2 17 40 53 61
5 2 17 40 55 63
5 2 17 43 52 63
5 2 17 48 57 62
7 2 18 32 33 39 54 59
5 2 18 32 33 46
5 2 18 32 33 55
5 2 18 32 33 63
5 2 18 36 54 56
5 2 18 39 41 46
5 2 18 41 44 53
5 2 18 41 49 56
5 2 18 41 51 54
5 2 18 43 49 54
5 2 18 45 49 60
5 2 18 46 48 61
5 2 18 46 52 57
5 2 18 49 58 62
5 2 18 51 58 62
6 2 19 20 21 38 54
6 2 19 20 44 54 61
5 2 19 20 48 54
5 2 19 20 54 56
8 2 19 21 24 38 44 58 61
6 2 19 21 29 38 46
5 2 19 21 33 38
5 2 19 21 38 45
5 2 19 21 38 48
5 2 19 21 38 52
5 2 19 21 38 56
5 2 19 21 38 60
5 2 19 22 24 58
5 2 19 22 29 46
5 2 19 22 36 53
5 2 19 22 40 57
5 2 19 22 44 61
5 2 19 24 30 58
5 2 19 24 48 58
5 2 19 24 52 58
5 2 19 24 58 60
5 2 19 26 29 46
5 2 19 26 40 57
5 2 19 26 44 61
5 2 19 29 33 46
5 2 19 29 37 46
6 2 19 29 40 46 57
5 2 19 29 41 46
5 2 19 29 46 48
5 2 19 29 46 52
5 2 19 29 46 56
5 2 19 29 46 60
5 2 19 30 36 53
5 2 19 30 40 57
5 2 19 30 44 61
5 2 19 33 40 57
5 2 19 33 44 61
6 2 19 36 37 52 53
6 2 19 36 44 53 61
5 2 19 36 48 53
5 2 19 36 53 56
5 2 19 36 53 60
5 2 19 37 40 57
5 2 19 37 44 61
6 2 19 40 41 56 57
6 2 19 40 44 57 61
5 2 19 40 48 57
5 2 19 40 52 57
5 2 19 40 57 60
5 2 19 41 44 61
6 2 19 44 45 60 61
5 2 19 44 48 61
6 2 20 21 35 52 53
6 2 20 21 36 37 50
5 2 20 21 44 45
5 2 20 21 48 49
5 2 20 21 56 57
6 2 20 25 27 40 62
5 2 20 25 31 44
5 2 20 25 33 38
5 2 20 25 48 58
5 2 20 25 52 57
5 2 20 26 40 62
5 2 20 26 52 58
5 2 20 27 35 53
6 2 20 27 36 43 50
5 2 20 27 52 59
6 2 20 28 35 53 61
6 2 20 28 36 44 50
5 2 20 28 37 45
5 2 20 28 38 46
5 2 20 28 39 47
5 2 20 28 55 63
5 2 20 31 35 53
6 2 20 31 36 47 50
5 2 20 31 52 63
8 2 20 33 35 40 53 55 62
6 2 20 35 37 51 53
5 2 20 35 38 53
5 2 20 35 45 53
5 2 20 35 46 53
5 2 20 35 48 53
5 2 20 35 53 56
5 2 20 35 53 59
5 2 20 35 53 63
6 2 20 37 39 40 62
5 2 20 37 55 56
5 2 20 38 40 62
5 2 20 40 48 62
6 2 20 40 49 51 62
5 2 20 44 57 63
5 2 20 45 56 63
6 2 21 23 32 53 55
5 2 21 23 33 35
6 2 21 23 37 39 50
5 2 21 23 45 47
5 2 21 23 49 51
5 2 21 23 57 59
5 2 21 24 33 48
5 2 21 24 35 57
6 2 21 24 39 41 62
5 2 21 24 54 60
5 2 21 27 32 57
6 2 21 27 36 41 62
5 2 21 27 53 59
5 2 21 28 35 61
6 2 21 28 37 44 50
5 2 21 28 53 60
6 2 21 29 37 45 50
5 2 21 29 39 47
5 2 21 29 52 60
5 2 21 29 53 61
5 2 21 29 55 63
5 2 21 30 32 45
5 2 21 30 36 60
6 2 21 30 37 46 50
5 2 21 30 47 55
5 2 21 31 32 61
5 2 21 31 53 63
5 2 21 31 54 59
5 2 21 32 39 54
5 2 21 34 58 63
5 2 21 41 48 62
5 2 21 41 49 62
5 2 21 41 51 62
5 2 22 24 34 48
6 2 22 24 38 40 50
5 2 22 24 54 56
5 2 22 27 34 51
6 2 22 27 38 43 50
5 2 22 27 41 46
5 2 22 27 44 45
5 2 22 27 53 63
5 2 22 27 54 59
6 2 22 28 35 58 61
5 2 22 28 53 56
5 2 22 28 54 60
5 2 22 29 32 37
6 2 22 29 38 45 50
5 2 22 29 39 63
5 2 22 29 44 52
5 2 22 29 54 61
6 2 22 30 32 37 45
5 2 22 30 36 44
5 2 22 30 39 47
5 2 22 30 52 60
5 2 22 30 53 61
5 2 22 30 55 63
6 2 22 31 32 37 61
6 2 22 31 38 47 50
5 2 22 31 54 63
6 2 22 32 37 39 54
6 2 22 32 37 43 58
5 2 22 32 37 46
5 2 22 32 37 51
5 2 22 32 37 55
5 2 22 32 37 59
5 2 22 32 37 63
5 2 22 33 58 63
5 2 22 34 57 60
5 2 22 39 41 58
5 2 22 39 56 57
5 2 22 47 49 58
6 2 23 24 25 43 62
6 2 23 24 35 48 57
6 2 23 24 39 40 50
5 2 23 24 44 63
5 2 23 24 55 56
5 2 23 25 28 47
5 2 23 25 45 63
5 2 23 25 55 57
5 2 23 28 35 61
6 2 23 28 39 44 50
5 2 23 28 55 60
6 2 23 30 32 45 53
5 2 23 30 33 40
6 2 23 30 39 46 50
5 2 23 30 44 58
5 2 23 30 49 56
6 2 23 31 32 53 61
5 2 23 31 36 44
5 2 23 31 37 45
6 2 23 31 39 47 50
5 2 23 31 52 60
5 2 23 31 55 63
5 2 23 32 51 53
5 2 23 32 53 63
5 2 23 33 48 59
5 2 23 34 58 61
5 2 23 35 40 52
5 2 23 35 46 60
6 2 23 36 37 43 62
5 2 23 36 56 63
5 2 23 37 52 59
5 2 23 37 57 63
6 2 23 43 48 49 62
5 2 23 43 51 62
5 2 23 45 59 60
5 2 23 46 54 56
5 2 23 47 57 60
6 2 24 25 35 56 57
6 2 24 25 38 48 49
6 2 24 25 40 41 50
5 2 24 25 44 45
5 2 24 25 52 53
5 2 24 25 60 61
6 2 24 28 35 57 61
6 2 24 28 40 44 50
5 2 24 28 41 45
5 2 24 28 43 47
5 2 24 28 56 60
5 2 24 30 33 39
5 2 24 30 35 57
5 2 24 30 36 54
6 2 24 30 40 46 50
5 2 24 30 49 55
5 2 24 31 35 57
5 2 24 31 36 55
6 2 24 31 40 47 50
5 2 24 31 56 63
6 2 24 33 35 57 59
5 2 24 34 54 62
5 2 24 35 38 57
5 2 24 35 46 57
5 2 24 35 52 57
5 2 24 35 57 60
5 2 24 35 57 63
5 2 24 36 44 56
5 2 24 36 47 59
5 2 24 39 44 59
5 2 24 41 48 53
5 2 24 43 48 55
5 2 24 44 51 53
5 2 24 45 51 52
5 2 25 27 33 35
6 2 25 27 41 43 50
5 2 25 27 45 47
5 2 25 27 49 51
5 2 25 27 53 55
5 2 25 27 61 63
5 2 25 28 35 61
5 2 25 28 37 52
6 2 25 28 41 44 50
5 2 25 28 57 60
5 2 25 29 37 53
6 2 25 29 38 59 63
6 2 25 29 41 45 50
5 2 25 29 43 47
5 2 25 29 56 60
5 2 25 29 57 61
7 2 25 30 37 47 54 59
5 2 25 30 40 60
6 2 25 30 41 46 50
5 2 25 30 53 63
5 2 25 31 37 55
6 2 25 31 41 47 50
5 2 25 31 57 63
5 2 25 33 53 62
6 2 25 34 51 54 62
6 2 25 35 38 55 62
5 2 25 37 44 56
5 2 25 37 45 57
5 2 25 37 46 58
5 2 25 38 40 53
6 2 25 38 44 54 60
5 2 25 38 45 58
5 2 25 40 46 61
5 2 25 43 49 55
5 2 26 28 35 61
5 2 26 28 38 52
5 2 26 28 58 60
5 2 26 29 32 41
5 2 26 29 37 40
7 2 26 29 38 44 53 56
5 2 26 29 43 63
5 2 26 29 58 61
6 2 26 30 32 41 45
6 2 26 30 37 56 60
5 2 26 30 40 44
5 2 26 30 43 47
5 2 26 30 57 61
5 2 26 30 59 63
6 2 26 31 32 41 61
5 2 26 31 38 55
5 2 26 31 58 63
6 2 26 32 41 43 58
5 2 26 32 41 46
5 2 26 32 41 51
5 2 26 32 41 55
5 2 26 32 41 59
5 2 26 32 41 63
5 2 26 33 53 62
5 2 26 34 48 53
5 2 26 34 49 56
5 2 26 35 55 62
5 2 26 37 46 57
6 2 26 37 47 53 63
5 2 26 38 45 57
5 2 26 38 47 59
5 2 26 39 46 59
5 2 27 28 35 61
7 2 27 28 39 46 52 58
6 2 27 28 43 44 50
7 2 27 31 32 38 57 61
5 2 27 31 39 55
5 2 27 31 40 44
5 2 27 31 41 45
6 2 27 31 43 47 50
5 2 27 31 56 60
5 2 27 31 59 63
5 2 27 32 55 57
5 2 27 32 57 63
6 2 27 33 38 53 62
6 2 27 34 49 54 62
5 2 27 35 46 48
5 2 27 35 55 62
5 2 27 36 47 56
5 2 27 38 47 58
5 2 27 39 44 56
5 2 27 39 47 59
5 2 27 40 51 52
5 2 27 41 51 53
5 2 27 45 48 55
5 2 27 47 48 53
6 2 28 29 35 60 61
5 2 28 29 36 37
5 2 28 29 40 41
6 2 28 29 44 45 50
5 2 28 29 48 49
5 2 28 29 56 57
6 2 28 33 35 61 63
5 2 28 35 36 61
5 2 28 35 37 61
5 2 28 35 38 61
5 2 28 35 40 61
5 2 28 35 42 61
6 2 28 35 45 51 61
5 2 28 35 46 61
5 2 28 35 48 61
5 2 28 35 54 61
5 2 28 45 52 57
6 2 29 31 32 61 63
5 2 29 31 33 35
5 2 29 31 37 39
5 2 29 31 41 43
6 2 29 31 45 47 50
5 2 29 31 49 51
5 2 29 31 53 55
5 2 29 31 57 59
5 2 29 32 39 54
5 2 29 32 43 58
5 2 29 37 54 63
5 2 29 38 51 58
5 2 29 41 58 63
5 2 29 42 44 57
5 2 29 42 49 56
5 2 29 47 53 59
5 2 30 32 45 51
5 2 30 32 45 55
5 2 30 32 45 63
5 2 30 34 49 60
5 2 30 34 52 57
5 2 30 37 51 58
5 2 30 39 49 58
5 2 30 41 47 58
5 2 30 44 54 56
6 2 31 32 39 54 61
5 2 31 32 42 61
6 2 31 32 43 58 61
5 2 31 32 51 61
5 2 31 38 49 58
5 2 31 45 55 57
5 2 32 38 43 58
5 2 32 39 46 54
5 2 32 39 51 54
5 2 32 39 54 63
5 2 32 43 51 58
5 2 32 43 58 63
5 2 33 38 48 58
5 2 33 38 49 54
5 2 33 38 52 57
5 2 33 39 44 57
5 2 33 39 49 55
5 2 33 40 49 56
6 2 33 42 46 57 61
5 2 33 42 49 58
5 2 33 42 52 60
5 2 33 44 49 60
5 2 33 47 49 63
5 2 33 48 53 62
5 2 34 48 54 62
5 2 35 36 51 52
5 2 35 37 55 62
5 2 35 40 51 56
6 2 35 42 46 59 63
5 2 35 45 54 59
5 2 35 48 55 62
5 2 36 37 48 49
5 2 36 37 56 57
5 2 36 37 60 61
5 2 36 41 48 58
5 2 36 41 52 57
5 2 36 43 52 59
5 2 36 44 52 60
5 2 36 44 55 63
5 2 37 39 49 51
5 2 37 39 57 59
5 2 37 39 61 63
5 2 37 40 54 60
5 2 37 40 58 61
5 2 37 43 53 59
5 2 37 44 53 60
5 2 37 45 52 60
5 2 37 45 53 61
5 2 37 45 55 63
5 2 38 40 54 56
5 2 38 43 53 63
5 2 38 43 54 59
5 2 38 45 54 61
5 2 38 46 52 60
5 2 38 46 53 61
5 2 38 46 55 63
5 2 38 47 54 63
5 2 39 40 55 56
5 2 39 41 55 57
5 2 39 44 55 60
5 2 39 46 49 56
5 2 39 47 55 63
5 2 40 41 48 49
5 2 40 41 52 53
5 2 40 44 56 60
5 2 40 44 59 63
5 2 40 46 49 55
5 2 40 47 56 63
5 2 41 43 49 51
5 2 41 43 53 55
5 2 41 44 57 60
5 2 41 45 56 60
5 2 41 45 57 61
5 2 41 45 59 63
5 2 41 46 53 63
5 2 41 46 54 59
5 2 41 47 57 63
5 2 42 45 53 56
5 2 43 44 59 60
5 2 43 47 56 60
5 2 43 47 59 63
5 2 44 45 48 49
5 2 44 45 52 53
5 2 44 45 56 57
5 2 45 47 49 51
5 2 45 47 53 55
5 2 45 47 57 59
5 3 4 5 16 17
8 3 4 5 19 20 21 48 49
8 3 4 5 22 38 51 52 53
5 3 4 5 23 42
8 3 4 5 24 25 43 60 61
7 3 4 5 26 44 45 63
5 3 4 5 28 29
5 3 4 5 32 33
6 3 4 5 35 36 37
5 3 4 5 39 55
5 3 4 5 40 41
5 3 4 5 56 57
5 3 4 6 16 18
6 3 4 6 19 20 22
5 3 4 6 21 33
6 3 4 6 23 41 55
6 3 4 6 24 26 43
5 3 4 6 28 30
5 3 4 6 32 34
8 3 4 6 35 36 38 48 50
5 3 4 6 40 42
6 3 4 6 44 46 63
6 3 4 6 51 52 54
5 3 4 6 56 58
5 3 4 6 60 62
12 3 4 8 15 16 28 32 44 51 52 56 63
8 3 4 8 15 17 29 38 42
6 3 4 8 15 18 30
10 3 4 8 15 19 20 24 31 39 43
6 3 4 8 15 21 25
6 3 4 8 15 22 26
6 3 4 8 15 23 27
6 3 4 8 15 33 45
6 3 4 8 15 34 46
8 3 4 8 15 35 36 40 47
6 3 4 8 15 37 41
6 3 4 8 15 48 60
6 3 4 8 15 49 61
6 3 4 8 15 50 62
6 3 4 8 15 53 57
6 3 4 8 15 54 58
6 3 4 8 15 55 59
8 3 4 11 16 24 35 36 43
5 3 4 11 17 25
5 3 4 11 18 26
6 3 4 11 19 20 27
6 3 4 11 29 46 55
6 3 4 11 31 44 63
5 3 4 11 32 40
5 3 4 11 33 41
5 3 4 11 34 42
5 3 4 11 48 56
5 3 4 11 49 57
5 3 4 11 50 58
6 3 4 11 51 52 59
5 3 4 13 16 49
5 3 4 13 18 27
6 3 4 13 19 20 29
6 3 4 13 24 34 43
5 3 4 13 28 48
5 3 4 13 30 38
6 3 4 13 35 36 45
5 3 4 13 40 53
5 3 4 13 44 63
5 3 4 13 47 55
5 3 4 13 50 59
6 3 4 13 51 52 61
7 3 4 14 16 31 50 55
5 3 4 14 17 27
5 3 4 14 18 23
7 3 4 14 19 20 30 41
5 3 4 14 21 26
7 3 4 14 24 29 33 43
5 3 4 14 28 60
5 3 4 14 32 47
5 3 4 14 34 39
7 3 4 14 35 36 46 54
5 3 4 14 37 42
5 3 4 14 40 45
6 3 4 14 44 48 63
5 3 4 14 49 59
6 3 4 14 51 52 62
5 3 4 14 53 58
5 3 4 14 56 61
5 3 4 16 27 39
5 3 4 16 29 53
5 3 4 16 30 54
5 3 4 16 45 57
5 3 4 16 46 58
5 3 4 16 47 59
6 3 4 17 24 37 43
5 3 4 17 34 55
6 3 4 17 35 36 60
5 3 4 17 40 62
6 3 4 17 44 57 63
6 3 4 18 34 51 52
5 3 4 18 35 36
5 3 4 18 40 61
6 3 4 18 44 58 63
5 3 4 19 20 32
8 3 4 19 20 40 44 59 63
5 3 4 19 20 42
5 3 4 19 20 45
5 3 4 19 20 46
5 3 4 19 20 47
5 3 4 19 20 50
5 3 4 19 20 53
5 3 4 19 20 56
5 3 4 19 20 57
5 3 4 19 20 58
5 3 4 19 20 61
5 3 4 19 20 62
5 3 4 21 35 36
6 3 4 21 37 51 52
6 3 4 21 39 58 60
6 3 4 21 41 44 63
5 3 4 22 24 43
5 3 4 22 35 36
5 3 4 22 37 48
5 3 4 22 39 57
6 3 4 22 42 44 63
5 3 4 23 35 36
6 3 4 23 39 51 52
5 3 4 23 40 56
5 3 4 23 48 53
6 3 4 24 28 43 47
5 3 4 24 30 43
5 3 4 24 32 43
5 3 4 24 43 49
5 3 4 24 43 50
5 3 4 24 43 53
5 3 4 24 43 54
5 3 4 24 43 56
5 3 4 24 43 59
5 3 4 24 43 62
5 3 4 25 35 36
6 3 4 25 39 48 54
6 3 4 25 41 51 52
5 3 4 25 42 55
5 3 4 25 44 63
5 3 4 26 35 36
5 3 4 26 39 53
5 3 4 26 41 48
6 3 4 26 42 51 52
5 3 4 27 33 42
5 3 4 27 35 36
5 3 4 27 44 63
5 3 4 27 45 62
5 3 4 27 46 60
5 3 4 28 33 57
5 3 4 28 34 58
6 3 4 28 35 36 59
5 3 4 28 38 45
5 3 4 28 55 62
5 3 4 29 32 57
5 3 4 29 35 36
5 3 4 29 40 50
6 3 4 29 45 51 52
5 3 4 30 32 58
5 3 4 30 35 36
5 3 4 30 40 49
6 3 4 30 45 48 59
6 3 4 30 46 51 52
5 3 4 31 32 59
5 3 4 31 33 46
5 3 4 31 35 36
5 3 4 31 45 58
6 3 4 31 47 51 52
5 3 4 31 48 61
6 3 4 32 45 49 55
5 3 4 33 40 54
5 3 4 33 56 60
6 3 4 34 44 54 63
5 3 4 34 53 60
5 3 4 35 36 49
5 3 4 35 36 56
5 3 4 35 36 57
5 3 4 35 36 58
5 3 4 35 36 62
5 3 4 37 44 63
5 3 4 38 40 60
5 3 4 44 49 63
5 3 4 44 50 63
5 3 4 47 48 62
5 3 5 8 17 32
8 3 5 8 19 21 24 54 60
5 3 5 8 20 48
8 3 5 8 22 28 42 45 63
5 3 5 8 25 43
5 3 5 8 26 29
6 3 5 8 35 37 40
5 3 5 8 38 44
5 3 5 8 39 59
6 3 5 8 51 53 56
5 3 5 8 58 61
5 3 5 10 16 31
7 3 5 10 17 27 34 39
5 3 5 10 18 23
6 3 5 10 19 21 26
9 3 5 10 20 30 40 45 48 63
6 3 5 10 24 29 60
6 3 5 10 25 33 43
5 3 5 10 32 47
6 3 5 10 35 37 42
5 3 5 10 36 46
5 3 5 10 49 59
5 3 5 10 50 55
6 3 5 10 51 53 58
5 3 5 10 52 62
5 3 5 10 56 61
6 3 5 11 16 24 60
8 3 5 11 17 25 35 37 43
5 3 5 11 18 26
6 3 5 11 19 21 27
6 3 5 11 20 48 56
5 3 5 11 30 47
6 3 5 11 31 45 63
5 3 5 11 32 40
6 3 5 11 33 41 54
5 3 5 11 34 42
5 3 5 11 49 57
5 3 5 11 50 58
6 3 5 11 51 53 59
6 3 5 12 17 20 48
10 3 5 12 18 24 34 40 51 53 60
8 3 5 12 19 21 28 55 61
7 3 5 12 22 25 43 46
5 3 5 12 23 29
5 3 5 12 27 30
7 3 5 12 33 36 49 52
6 3 5 12 35 37 44
5 3 5 12 38 41
6 3 5 12 39 45 63
5 3 5 12 50 56
5 3 5 12 54 57
5 3 5 12 59 62
5 3 5 13 17 49
5 3 5 13 18 41
6 3 5 13 19 21 29
6 3 5 13 20 28 48
5 3 5 13 22 30
5 3 5 13 23 31
6 3 5 13 24 52 60
5 3 5 13 25 43
8 3 5 13 35 37 45 55 63
5 3 5 13 36 44
5 3 5 13 38 46
5 3 5 13 39 47
6 3 5 13 51 53 61
5 3 5 13 54 62
6 3 5 16 25 36 43
8 3 5 16 26 32 42 51 53
5 3 5 16 35 37
5 3 5 16 39 50
5 3 5 16 40 62
6 3 5 16 45 56 63
6 3 5 17 24 36 60
5 3 5 17 26 38
5 3 5 17 28 52
5 3 5 17 30 54
5 3 5 17 31 55
5 3 5 17 44 56
5 3 5 17 46 58
5 3 5 17 47 59
6 3 5 18 35 37 54
6 3 5 18 45 58 63
5 3 5 19 21 32
6 3 5 19 21 36 50
5 3 5 19 21 40
8 3 5 19 21 41 45 59 63
5 3 5 19 21 44
5 3 5 19 21 46
5 3 5 19 21 47
5 3 5 19 21 52
5 3 5 19 21 56
5 3 5 19 21 57
5 3 5 19 21 58
5 3 5 19 21 62
8 3 5 20 22 35 37 48 50
7 3 5 20 25 43 48 58
6 3 5 20 26 41 48
6 3 5 20 27 48 57
5 3 5 20 29 48
6 3 5 20 31 48 61
5 3 5 20 34 48
5 3 5 20 38 48
6 3 5 20 42 48 55
5 3 5 20 46 48
6 3 5 20 47 48 62
5 3 5 20 48 59
5 3 5 22 40 55
5 3 5 23 24 60
5 3 5 23 32 50
5 3 5 23 33 38
5 3 5 23 35 37
5 3 5 23 40 58
5 3 5 23 41 57
5 3 5 23 44 62
6 3 5 24 26 60 62
7 3 5 24 28 33 56 60
5 3 5 24 31 60
6 3 5 24 35 37 60
6 3 5 24 38 55 60
6 3 5 24 42 59 60
5 3 5 24 47 60
5 3 5 24 49 60
5 3 5 24 50 60
5 3 5 24 57 60
5 3 5 25 28 43
6 3 5 25 29 43 47
5 3 5 25 32 43
5 3 5 25 34 43
5 3 5 25 43 44
5 3 5 25 43 50
5 3 5 25 43 52
5 3 5 25 43 54
5 3 5 25 43 57
5 3 5 25 43 62
5 3 5 26 36 55
5 3 5 27 33 42
5 3 5 27 35 37
5 3 5 27 36 58
5 3 5 28 35 37
5 3 5 28 39 62
5 3 5 28 40 50
6 3 5 28 44 51 53
5 3 5 29 32 56
5 3 5 29 34 58
6 3 5 29 35 37 59
5 3 5 29 39 46
5 3 5 30 33 58
5 3 5 30 35 37
6 3 5 30 46 51 53
6 3 5 31 33 46 59
5 3 5 31 35 37
5 3 5 31 36 62
6 3 5 31 47 51 53
5 3 5 32 39 49
6 3 5 32 45 52 63
6 3 5 34 45 54 63
5 3 5 35 37 49
5 3 5 35 37 52
5 3 5 35 37 56
5 3 5 35 37 57
5 3 5 35 37 58
5 3 5 35 37 61
5 3 5 35 37 62
5 3 5 36 45 63
5 3 5 38 45 63
5 3 5 39 40 57
5 3 5 39 44 61
5 3 5 40 52 61
5 3 5 45 49 63
5 3 6 8 18 32
7 3 6 8 19 22 24 53
5 3 6 8 21 33
5 3 6 8 23 59
5 3 6 8 26 43
6 3 6 8 28 46 63
5 3 6 8 29 47
6 3 6 8 35 38 40
5 3 6 8 36 48
5 3 6 8 42 60
6 3 6 8 51 54 56
6 3 6 10 15 16 28
10 3 6 10 15 17 29 36 40 48 60
12 3 6 10 15 18 30 34 46 51 54 58 63
10 3 6 10 15 19 22 26 31 39 43
6 3 6 10 15 20 24
10 3 6 10 15 21 25 33 45 49 61
6 3 6 10 15 23 27
6 3 6 10 15 32 44
8 3 6 10 15 35 38 42 47
6 3 6 10 15 37 41
6 3 6 10 15 50 62
6 3 6 10 15 52 56
6 3 6 10 15 53 57
6 3 6 10 15 55 59
5 3 6 11 16 24
6 3 6 11 17 25 30
8 3 6 11 18 26 35 38 43
6 3 6 11 19 22 27
10 3 6 11 21 31 33 41 46 53 63
5 3 6 11 29 44
5 3 6 11 32 40
5 3 6 11 34 42
6 3 6 11 36 48 56
5 3 6 11 37 47
6 3 6 11 49 57 62
5 3 6 11 50 58
6 3 6 11 51 54 59
5 3 6 13 18 49
7 3 6 13 19 22 29 58
5 3 6 13 21 33
5 3 6 13 23 47
5 3 6 13 24 32
5 3 6 13 26 43
6 3 6 13 28 36 48
6 3 6 13 35 38 45
5 3 6 13 37 60
5 3 6 13 46 63
6 3 6 13 51 54 61
6 3 6 14 18 41 50
6 3 6 14 19 22 30
5 3 6 14 20 28
6 3 6 14 21 29 33
5 3 6 14 23 31
5 3 6 14 26 43
8 3 6 14 35 38 46 55 63
6 3 6 14 36 44 48
5 3 6 14 37 45
5 3 6 14 39 47
6 3 6 14 51 54 62
5 3 6 14 52 60
5 3 6 14 53 61
5 3 6 16 23 50
6 3 6 16 32 51 54
5 3 6 16 35 38
5 3 6 16 39 49
5 3 6 16 40 61
6 3 6 16 46 56 63
5 3 6 17 23 34
5 3 6 17 35 38
5 3 6 17 41 49
6 3 6 17 46 57 63
7 3 6 18 25 29 37 53
5 3 6 18 27 39
5 3 6 18 28 52
5 3 6 18 31 55
5 3 6 18 44 56
5 3 6 18 45 57
5 3 6 18 47 59
5 3 6 19 22 32
8 3 6 19 22 36 37 48 49
5 3 6 19 22 40
8 3 6 19 22 42 46 59 63
5 3 6 19 22 45
5 3 6 19 22 47
6 3 6 19 22 50 52
6 3 6 19 22 55 62
5 3 6 19 22 56
5 3 6 19 22 61
6 3 6 20 21 32 33
6 3 6 20 26 43 57
6 3 6 20 35 38 49
6 3 6 20 40 46 63
5 3 6 20 41 52
5 3 6 20 47 61
5 3 6 21 28 33
6 3 6 21 30 33 57
5 3 6 21 33 39
6 3 6 21 33 40 52
5 3 6 21 33 44
5 3 6 21 33 47
6 3 6 21 33 56 60
5 3 6 21 33 58
5 3 6 21 33 59
5 3 6 21 33 62
7 3 6 23 24 25 42 58
5 3 6 23 28 62
5 3 6 23 32 49
5 3 6 23 40 57
5 3 6 23 44 61
5 3 6 24 35 38
5 3 6 24 37 52
5 3 6 24 39 57
6 3 6 24 40 51 54
5 3 6 24 41 56
5 3 6 25 34 50
5 3 6 25 39 55
5 3 6 26 28 43
6 3 6 26 30 43 47
5 3 6 26 32 43
5 3 6 26 34 43
5 3 6 26 43 44
6 3 6 26 43 45 62
5 3 6 26 43 49
5 3 6 26 43 52
5 3 6 26 43 53
6 3 6 26 43 60 61
5 3 6 27 35 38
6 3 6 27 36 48 57
5 3 6 27 41 59
5 3 6 28 34 56
5 3 6 28 39 61
5 3 6 28 40 49
5 3 6 28 45 59
5 3 6 29 34 57
5 3 6 29 35 38
5 3 6 29 41 61
5 3 6 29 42 62
6 3 6 29 45 51 54
5 3 6 30 32 56
6 3 6 30 35 38 59
6 3 6 30 36 45 48
5 3 6 30 41 62
5 3 6 31 34 59
5 3 6 31 35 38
6 3 6 31 36 48 61
5 3 6 31 45 56
6 3 6 31 47 51 54
5 3 6 34 36 48
5 3 6 34 41 45
5 3 6 34 53 60
5 3 6 35 38 52
5 3 6 35 38 53
5 3 6 35 38 56
5 3 6 35 38 58
5 3 6 35 38 61
5 3 6 35 38 62
5 3 6 36 42 48
5 3 6 36 48 55
5 3 6 36 48 59
5 3 6 37 46 63
5 3 6 39 40 41
5 3 6 39 46 63
5 3 6 39 58 60
5 3 6 46 49 63
5 3 6 46 50 63
5 3 6 50 57 61
5 3 6 55 56 57
5 3 7 8 16 20
5 3 7 8 17 21
5 3 7 8 18 22
8 3 7 8 19 23 24 32 36
6 3 7 8 26 33 37
8 3 7 8 27 43 51 55 56
6 3 7 8 28 47 63
6 3 7 8 29 46 59
5 3 7 8 30 60
5 3 7 8 34 38
6 3 7 8 35 39 40
5 3 7 8 48 52
5 3 7 8 49 53
5 3 7 8 50 54
8 3 7 12 13 16 17 20 21
8 3 7 12 13 18 22 24 25
13 3 7 12 13 19 23 28 29 42 48 49 52 53
9 3 7 12 13 26 32 33 36 37
12 3 7 12 13 27 30 43 46 51 55 60 61
5 3 7 12 13 31
8 3 7 12 13 34 38 40 41
8 3 7 12 13 35 39 44 45
6 3 7 12 13 47 63
8 3 7 12 13 50 54 56 57
5 3 7 12 13 58
6 3 7 12 13 59 62
5 3 7 14 16 20
6 3 7 14 17 21 24
6 3 7 14 18 22 28
9 3 7 14 19 23 30 50 54 60
8 3 7 14 26 29 33 37 40
8 3 7 14 27 43 51 55 62
5 3 7 14 32 36
8 3 7 14 34 38 44 48 52
6 3 7 14 35 39 46
5 3 7 14 42 45
5 3 7 14 47 63
6 3 7 14 49 53 56
5 3 7 14 58 61
6 3 7 16 18 20 22
10 3 7 16 20 27 32 36 43 51 55
5 3 7 16 20 29
6 3 7 16 20 35 39
8 3 7 16 20 40 47 56 63
7 3 7 16 20 41 50 54
5 3 7 16 20 42
5 3 7 16 20 44
5 3 7 16 20 45
5 3 7 16 20 46
6 3 7 16 20 49 53
5 3 7 16 20 57
5 3 7 16 20 58
5 3 7 16 20 59
5 3 7 16 20 61
5 3 7 16 20 62
5 3 7 17 21 28
8 3 7 17 21 30 32 36 60
8 3 7 17 21 31 48 52 61
6 3 7 17 21 34 38
6 3 7 17 21 35 39
5 3 7 17 21 40
8 3 7 17 21 41 47 57 63
5 3 7 17 21 44
5 3 7 17 21 45
5 3 7 17 21 46
6 3 7 17 21 49 53
5 3 7 17 21 56
5 3 7 17 21 58
5 3 7 17 21 59
5 3 7 17 21 62
10 3 7 18 22 27 34 38 43 51 55
7 3 7 18 22 29 32 36
6 3 7 18 22 31 62
6 3 7 18 22 35 39
5 3 7 18 22 40
8 3 7 18 22 42 47 58 63
5 3 7 18 22 44
7 3 7 18 22 46 49 53
6 3 7 18 22 50 54
5 3 7 18 22 57
5 3 7 18 22 59
5 3 7 18 22 61
5 3 7 19 23 40
5 3 7 19 23 41
6 3 7 19 23 44 56
6 3 7 19 23 45 57
6 3 7 19 23 46 58
5 3 7 19 23 61
5 3 7 19 23 62
6 3 7 24 26 33 37
5 3 7 24 31 44
5 3 7 24 34 38
5 3 7 24 35 39
5 3 7 24 45 62
5 3 7 24 47 63
5 3 7 24 49 53
5 3 7 24 50 54
6 3 7 25 30 40 60
5 3 7 25 31 45
5 3 7 25 35 39
5 3 7 25 50 54
6 3 7 26 28 33 37
8 3 7 26 31 33 37 46 57
6 3 7 26 33 37 44
9 3 7 26 33 37 47 49 53 63
6 3 7 26 33 37 58
6 3 7 26 33 37 59
6 3 7 26 33 37 61
6 3 7 26 33 37 62
8 3 7 27 28 43 44 51 55
8 3 7 27 29 43 45 51 55
6 3 7 28 30 60 62
5 3 7 28 32 36
5 3 7 28 34 38
6 3 7 28 35 39 56
5 3 7 28 45 58
5 3 7 28 50 54
5 3 7 29 34 38
6 3 7 29 35 39 57
5 3 7 29 50 54
8 3 7 30 34 38 49 53 60
7 3 7 30 35 39 58 60
6 3 7 30 42 57 60
5 3 7 30 59 60
6 3 7 31 32 36 56
6 3 7 31 34 38 58
5 3 7 31 49 53
5 3 7 31 50 54
6 3 7 32 34 36 38
5 3 7 32 36 45
6 3 7 32 36 49 53
6 3 7 32 36 50 54
5 3 7 32 36 57
5 3 7 32 36 58
5 3 7 32 36 59
5 3 7 32 36 61
5 3 7 34 38 45
8 3 7 34 38 47 50 54 63
5 3 7 34 38 56
5 3 7 34 38 57
5 3 7 34 38 59
5 3 7 34 38 61
5 3 7 34 38 62
8 3 7 35 39 48 50 52 54
6 3 7 35 39 49 53
5 3 7 35 39 61
5 3 7 35 39 62
5 3 7 40 49 53
5 3 7 40 50 54
5 3 7 44 49 53
5 3 7 44 50 54
5 3 7 45 49 53
5 3 7 45 50 54
5 3 7 46 50 54
5 3 7 48 52 59
5 3 7 49 53 62
5 3 7 50 54 59
5 3 7 50 54 61
5 3 8 9 16 17
6 3 8 9 18 20 21
9 3 8 9 19 24 25 38 48 49
6 3 8 9 22 32 33
10 3 8 9 23 26 39 42 51 56 57
7 3 8 9 27 28 29 63
6 3 8 9 34 36 37
6 3 8 9 35 40 41
9 3 8 9 43 44 45 59 60 61
6 3 8 9 50 52 53
5 3 8 9 55 58
5 3 8 10 16 18
6 3 8 10 19 24 26
5 3 8 10 20 22
5 3 8 10 23 41
5 3 8 10 25 33
5 3 8 10 27 59
6 3 8 10 28 30 63
6 3 8 10 29 60 62
5 3 8 10 32 34
8 3 8 10 35 40 42 48 50
5 3 8 10 36 38
5 3 8 10 44 46
6 3 8 10 51 56 58
5 3 8 10 52 54
6 3 8 13 16 31 57
5 3 8 13 17 27
5 3 8 13 18 23
6 3 8 13 19 24 29
7 3 8 13 20 30 37 42
5 3 8 13 21 26
6 3 8 13 28 48 63
7 3 8 13 32 47 49 59
5 3 8 13 33 43
5 3 8 13 34 39
6 3 8 13 35 40 45
5 3 8 13 36 46
5 3 8 13 50 55
6 3 8 13 51 56 61
5 3 8 13 52 62
5 3 8 13 53 58
5 3 8 14 17 23
6 3 8 14 19 24 30
5 3 8 14 20 38
5 3 8 14 28 63
6 3 8 14 29 33 39
5 3 8 14 31 59
5 3 8 14 32 50
6 3 8 14 35 40 46
5 3 8 14 44 48
5 3 8 14 45 58
5 3 8 14 49 55
6 3 8 14 51 56 62
5 3 8 16 35 40
5 3 8 16 36 43
5 3 8 16 45 53
5 3 8 16 46 54
5 3 8 16 47 55
5 3 8 16 50 59
6 3 8 17 28 57 63
5 3 8 17 34 59
5 3 8 17 35 40
5 3 8 17 37 43
5 3 8 17 44 53
6 3 8 18 34 51 56
5 3 8 18 35 40
5 3 8 18 36 49
5 3 8 18 38 43
5 3 8 18 44 54
6 3 8 19 24 44 55
5 3 8 19 24 45
5 3 8 19 24 46
5 3 8 19 24 47
5 3 8 19 24 50
5 3 8 19 24 52
5 3 8 19 24 57
5 3 8 19 24 61
8 3 8 20 28 35 40 55 63
5 3 8 20 29 41
5 3 8 20 54 59
6 3 8 21 28 41 63
5 3 8 21 35 40
6 3 8 21 37 51 56
5 3 8 21 38 59
5 3 8 22 35 40
5 3 8 22 37 48
6 3 8 22 38 51 56
5 3 8 23 33 38
6 3 8 23 35 40 52
5 3 8 23 45 62
5 3 8 23 48 53
5 3 8 25 28 63
5 3 8 25 32 37
5 3 8 25 35 40
6 3 8 25 39 58 60
6 3 8 25 41 51 56
5 3 8 26 28 63
5 3 8 26 32 38
5 3 8 26 35 40
5 3 8 26 41 48
5 3 8 27 32 39
5 3 8 27 35 40
5 3 8 27 46 60
5 3 8 27 48 57
6 3 8 28 33 53 63
6 3 8 28 34 54 63
5 3 8 28 36 63
5 3 8 28 38 63
5 3 8 28 39 63
5 3 8 28 49 63
5 3 8 28 50 63
6 3 8 29 45 51 56
6 3 8 30 45 48 55
6 3 8 30 46 51 56
5 3 8 31 32 55
5 3 8 31 33 46
5 3 8 31 35 40
5 3 8 31 45 54
6 3 8 31 47 51 56
5 3 8 31 48 61
5 3 8 32 45 57
5 3 8 32 46 58
5 3 8 34 53 60
5 3 8 35 40 49
5 3 8 35 40 58
5 3 8 35 40 60
5 3 8 35 40 61
5 3 8 35 40 62
5 3 8 36 53 59
5 3 8 39 48 54
5 3 8 43 48 58
5 3 8 47 48 62
7 3 9 13 17 24 28 48
10 3 9 13 18 21 34 37 51 57 61
9 3 9 13 19 25 29 38 59 63
6 3 9 13 22 43 47
6 3 9 13 23 26 30
5 3 9 13 27 31
9 3 9 13 33 40 44 49 56 60
6 3 9 13 35 41 45
6 3 9 13 39 42 46
5 3 9 13 50 53
6 3 9 13 55 58 62
5 3 9 16 18 21
5 3 9 16 30 40
6 3 9 16 32 51 57
5 3 9 16 35 41
7 3 9 16 36 43 50 53
5 3 9 16 39 42
5 3 9 16 44 60
5 3 9 16 45 52
5 3 9 16 55 58
5 3 9 17 23 26
6 3 9 17 30 35 41
6 3 9 17 34 37 43
7 3 9 17 36 44 52 60
5 3 9 17 39 42
5 3 9 17 46 54
6 3 9 17 47 55 58
5 3 9 18 21 27
6 3 9 18 21 28 40
10 3 9 18 21 29 35 41 55 58 63
5 3 9 18 21 32
6 3 9 18 21 44 60
6 3 9 18 21 45 54
5 3 9 18 21 46
5 3 9 18 21 47
5 3 9 18 21 49
6 3 9 18 21 50 53
5 3 9 18 21 52
5 3 9 18 21 56
5 3 9 18 21 59
5 3 9 18 21 62
6 3 9 19 25 32 38
6 3 9 19 25 36 38
8 3 9 19 25 38 40 50 53
8 3 9 19 25 38 45 55 58
6 3 9 19 25 38 46
6 3 9 19 25 38 47
6 3 9 19 25 38 52
6 3 9 19 25 38 56
6 3 9 19 25 38 61
6 3 9 19 25 38 62
6 3 9 20 27 35 41
6 3 9 20 29 40 63
5 3 9 20 31 45
5 3 9 20 39 42
5 3 9 20 43 54
5 3 9 20 50 53
5 3 9 20 55 58
7 3 9 22 24 34 37 48
7 3 9 22 29 39 42 63
5 3 9 22 50 53
5 3 9 22 55 58
10 3 9 23 24 26 35 41 48 50 53
6 3 9 23 26 28 45
5 3 9 23 26 31
5 3 9 23 26 32
5 3 9 23 26 36
6 3 9 23 26 40 54
6 3 9 23 26 44 60
5 3 9 23 26 47
5 3 9 23 26 49
5 3 9 23 26 52
6 3 9 23 26 55 58
5 3 9 23 26 59
5 3 9 23 26 61
5 3 9 23 26 62
6 3 9 24 30 45 48
7 3 9 24 39 42 48 54
5 3 9 24 46 48
6 3 9 24 47 48 62
5 3 9 24 48 59
6 3 9 27 32 50 53
6 3 9 27 33 39 42
5 3 9 27 34 37
5 3 9 27 36 54
7 3 9 27 44 46 60 62
5 3 9 28 33 52
5 3 9 28 34 37
5 3 9 28 39 42
5 3 9 28 43 62
5 3 9 28 50 53
5 3 9 28 55 58
6 3 9 29 32 52 63
7 3 9 29 34 37 54 63
5 3 9 29 36 63
5 3 9 29 49 63
5 3 9 30 33 54
5 3 9 30 34 37
5 3 9 30 50 53
5 3 9 30 55 58
7 3 9 31 33 46 55 58
5 3 9 31 34 37
5 3 9 31 35 41
5 3 9 31 40 62
5 3 9 31 44 60
6 3 9 31 47 51 57
5 3 9 31 50 53
5 3 9 32 34 37
5 3 9 32 43 49
5 3 9 32 55 58
5 3 9 33 47 59
8 3 9 34 37 44 50 53 60
5 3 9 34 37 45
5 3 9 34 37 49
5 3 9 34 37 52
6 3 9 34 37 55 58
5 3 9 34 37 56
5 3 9 34 37 59
5 3 9 34 37 62
5 3 9 35 41 49
5 3 9 35 41 52
5 3 9 35 41 56
5 3 9 35 41 59
5 3 9 35 41 61
5 3 9 35 41 62
5 3 9 36 55 58
5 3 9 39 40 42
8 3 9 39 42 44 55 58 60
5 3 9 39 42 47
5 3 9 39 42 49
6 3 9 39 42 50 53
5 3 9 39 42 52
5 3 9 39 42 59
5 3 9 39 42 61
5 3 9 39 42 62
5 3 9 46 50 53
5 3 9 47 50 53
5 3 9 49 55 58
5 3 9 50 53 59
5 3 9 50 53 61
5 3 9 55 56 58
5 3 10 12 17 20
5 3 10 12 18 24
8 3 10 12 19 26 28 50 56
7 3 10 12 22 25 33 36
10 3 10 12 23 29 39 45 51 58 60
6 3 10 12 27 30 63
6 3 10 12 34 40 48
6 3 10 12 35 42 44
5 3 10 12 38 41
7 3 10 12 43 46 59 62
5 3 10 12 49 52
5 3 10 12 54 57
5 3 10 12 55 61
8 3 10 13 19 26 29 54 60
5 3 10 13 21 24
8 3 10 13 22 28 37 40 48
5 3 10 13 25 33
5 3 10 13 27 47
5 3 10 13 30 63
5 3 10 13 34 49
6 3 10 13 35 42 45
5 3 10 13 38 44
6 3 10 13 51 58 61
5 3 10 13 53 56
5 3 10 14 18 37
8 3 10 14 19 26 30 59 63
7 3 10 14 21 40 44 48
8 3 10 14 22 38 51 58 62
5 3 10 14 24 28
8 3 10 14 25 29 33 56 60
5 3 10 14 27 31
5 3 10 14 34 50
6 3 10 14 35 42 46
5 3 10 14 41 45
5 3 10 14 43 47
5 3 10 14 57 61
5 3 10 16 27 50
5 3 10 16 29 60
6 3 10 16 30 56 63
6 3 10 16 32 51 58
5 3 10 16 35 42
6 3 10 16 36 43 49
5 3 10 16 46 52
6 3 10 17 30 57 63
5 3 10 17 35 42
5 3 10 17 37 43
5 3 10 17 46 53
5 3 10 18 29 60
5 3 10 18 35 42
5 3 10 18 38 43
5 3 10 18 41 57
5 3 10 18 44 52
5 3 10 18 45 53
5 3 10 18 47 55
5 3 10 19 26 32
5 3 10 19 26 36
8 3 10 19 26 40 41 48 49
5 3 10 19 26 44
5 3 10 19 26 45
6 3 10 19 26 46 55
5 3 10 19 26 47
5 3 10 19 26 52
5 3 10 19 26 53
5 3 10 19 26 57
5 3 10 19 26 61
5 3 10 19 26 62
5 3 10 20 27 54
5 3 10 20 35 42
6 3 10 20 36 51 58
5 3 10 20 43 53
5 3 10 21 27 38
6 3 10 21 29 52 60
6 3 10 21 30 41 63
8 3 10 21 31 37 47 51 58
5 3 10 21 46 50
8 3 10 22 30 35 42 55 63
5 3 10 22 45 50
6 3 10 23 35 42 54
6 3 10 23 40 48 53
6 3 10 24 25 32 33
5 3 10 24 30 63
5 3 10 24 34 36
6 3 10 24 35 42 49
5 3 10 24 39 53
5 3 10 24 47 61
5 3 10 25 28 33
7 3 10 25 30 33 53 63
6 3 10 25 31 33 46
5 3 10 25 33 39
5 3 10 25 33 44
5 3 10 25 33 47
5 3 10 25 33 52
5 3 10 25 33 54
5 3 10 25 33 55
5 3 10 25 33 57
5 3 10 25 33 62
5 3 10 27 28 62
6 3 10 27 29 46 60
5 3 10 27 32 49
5 3 10 27 36 53
5 3 10 27 44 61
7 3 10 28 29 43 60 61
5 3 10 28 34 52
5 3 10 28 35 42
6 3 10 28 44 51 58
5 3 10 28 45 55
5 3 10 29 32 60
6 3 10 29 35 42 60
6 3 10 29 37 49 60
6 3 10 29 38 50 60
5 3 10 29 55 60
5 3 10 29 57 60
5 3 10 29 59 60
6 3 10 30 32 52 63
5 3 10 30 36 63
6 3 10 30 37 50 63
5 3 10 30 38 63
5 3 10 30 39 63
5 3 10 30 49 63
5 3 10 31 34 55
5 3 10 31 35 42
6 3 10 31 40 48 61
5 3 10 31 45 52
5 3 10 34 44 56
5 3 10 34 45 57
5 3 10 34 47 59
5 3 10 35 42 52
5 3 10 35 42 53
5 3 10 35 42 56
5 3 10 35 42 57
5 3 10 35 42 59
5 3 10 35 42 61
5 3 10 35 42 62
5 3 10 38 40 48
6 3 10 39 40 48 54
5 3 10 40 46 48
6 3 10 40 47 48 62
5 3 10 40 48 59
5 3 10 45 56 62
8 3 11 12 14 16 18 24 26
8 3 11 12 14 17 20 22 25
8 3 11 12 14 19 27 28 30
5 3 11 12 14 21
10 3 11 12 14 23 29 33 36 38 41
6 3 11 12 14 31 63
8 3 11 12 14 32 34 40 42
12 3 11 12 14 35 43 44 46 48 50 56 58
5 3 11 12 14 37
6 3 11 12 14 39 45
5 3 11 12 14 47
8 3 11 12 14 49 52 54 57
8 3 11 12 14 51 59 60 62
5 3 11 12 14 53
6 3 11 12 14 55 61
5 3 11 13 16 24
5 3 11 13 17 25
6 3 11 13 18 20 26
6 3 11 13 19 27 29
5 3 11 13 23 37
6 3 11 13 28 48 56
5 3 11 13 30 39
5 3 11 13 31 63
5 3 11 13 32 40
5 3 11 13 33 41
6 3 11 13 34 36 42
8 3 11 13 35 43 45 49 57
5 3 11 13 47 60
6 3 11 13 50 52 58
6 3 11 13 51 59 61
6 3 11 16 17 24 25
5 3 11 16 21 24
5 3 11 16 22 24
5 3 11 16 23 24
7 3 11 16 24 30 50 58
8 3 11 16 24 32 40 51 59
5 3 11 16 24 37
5 3 11 16 24 38
5 3 11 16 24 39
5 3 11 16 24 44
5 3 11 16 24 45
5 3 11 16 24 46
6 3 11 16 24 47 52
6 3 11 16 24 49 57
5 3 11 16 24 53
5 3 11 16 24 54
5 3 11 16 24 55
5 3 11 16 24 62
5 3 11 17 23 25
5 3 11 17 25 28
8 3 11 17 25 31 49 57 63
6 3 11 17 25 32 40
6 3 11 17 25 34 42
6 3 11 17 25 36 60
5 3 11 17 25 39
5 3 11 17 25 44
5 3 11 17 25 45
5 3 11 17 25 46
6 3 11 17 25 47 53
6 3 11 17 25 48 56
5 3 11 17 25 52
5 3 11 17 25 54
5 3 11 17 25 55
5 3 11 17 25 61
5 3 11 17 25 62
5 3 11 18 26 28
5 3 11 18 26 29
8 3 11 18 26 31 50 58 63
6 3 11 18 26 32 40
8 3 11 18 26 34 42 51 59
5 3 11 18 26 36
5 3 11 18 26 39
5 3 11 18 26 44
5 3 11 18 26 46
6 3 11 18 26 47 54
6 3 11 18 26 49 57
5 3 11 18 26 53
5 3 11 18 26 55
5 3 11 18 26 61
5 3 11 18 26 62
6 3 11 19 27 32 40
5 3 11 19 27 36
5 3 11 19 27 37
6 3 11 19 27 44 52
6 3 11 19 27 45 53
7 3 11 19 27 46 54 60
8 3 11 19 27 48 49 56 57
6 3 11 19 27 50 58
5 3 11 19 27 61
5 3 11 19 27 62
8 3 11 20 31 32 40 52 63
6 3 11 20 33 39 41
5 3 11 20 34 42
5 3 11 20 35 43
5 3 11 20 45 62
5 3 11 20 50 58
5 3 11 21 30 61
5 3 11 21 32 40
6 3 11 21 37 51 59
5 3 11 21 48 56
5 3 11 21 49 57
5 3 11 21 50 58
8 3 11 22 31 34 42 54 63
5 3 11 22 32 40
5 3 11 22 35 43
6 3 11 22 38 51 59
5 3 11 22 49 57
5 3 11 22 50 58
6 3 11 23 28 32 40
6 3 11 23 30 34 42
5 3 11 23 46 61
6 3 11 23 48 53 56
5 3 11 23 49 57
5 3 11 23 50 58
5 3 11 28 33 41
5 3 11 28 34 42
6 3 11 28 35 43 52
6 3 11 28 44 51 59
5 3 11 28 45 54
5 3 11 28 49 57
5 3 11 28 50 58
5 3 11 29 34 42
6 3 11 29 45 51 59
5 3 11 29 49 57
5 3 11 29 50 58
5 3 11 30 38 44
5 3 11 31 36 63
5 3 11 31 37 63
5 3 11 31 38 63
6 3 11 32 33 40 41
5 3 11 32 37 40
5 3 11 32 38 40
5 3 11 32 39 40
5 3 11 32 40 46
6 3 11 32 40 49 57
6 3 11 32 40 50 58
5 3 11 32 40 55
5 3 11 32 40 60
5 3 11 32 40 61
5 3 11 32 40 62
5 3 11 33 41 44
5 3 11 33 41 47
6 3 11 33 41 49 57
5 3 11 33 41 55
5 3 11 33 41 61
5 3 11 33 41 62
5 3 11 34 42 44
5 3 11 34 42 45
5 3 11 34 42 47
6 3 11 34 42 48 56
6 3 11 34 42 49 57
6 3 11 34 42 50 58
5 3 11 34 42 52
6 3 11 34 42 53 60
5 3 11 34 42 55
5 3 11 34 42 61
5 3 11 34 42 62
6 3 11 35 43 60 61
5 3 11 35 43 62
5 3 11 36 50 58
5 3 11 37 49 57
5 3 11 37 50 58
5 3 11 38 48 56
5 3 11 38 49 57
5 3 11 38 50 58
6 3 11 39 48 54 56
5 3 11 39 49 57
6 3 11 39 50 58 60
5 3 11 44 49 57
5 3 11 45 50 58
6 3 11 47 48 56 62
5 3 11 47 49 57
5 3 11 47 50 58
5 3 11 48 55 56
5 3 11 49 55 57
5 3 11 49 57 60
5 3 11 50 58 61
5 3 12 16 22 25
5 3 12 16 23 29
6 3 12 16 27 30 37
6 3 12 16 32 51 60
5 3 12 16 35 44
5 3 12 16 38 41
6 3 12 16 47 54 57
5 3 12 16 49 52
6 3 12 16 50 56 63
5 3 12 16 55 61
5 3 12 16 59 62
5 3 12 17 20 26
6 3 12 17 20 31 42
5 3 12 17 20 32
9 3 12 17 20 34 40 54 57 63
6 3 12 17 20 35 44
7 3 12 17 20 37 43 46
6 3 12 17 20 38 41
6 3 12 17 20 39 45
5 3 12 17 20 47
6 3 12 17 20 49 52
5 3 12 17 20 53
6 3 12 17 20 55 61
5 3 12 17 20 58
6 3 12 17 20 59 62
5 3 12 18 24 31
5 3 12 18 24 32
6 3 12 18 24 35 44
6 3 12 18 24 39 45
5 3 12 18 24 42
5 3 12 18 24 47
6 3 12 18 24 49 52
6 3 12 18 24 50 56
6 3 12 18 24 54 57
6 3 12 18 24 55 61
5 3 12 19 28 32
5 3 12 19 28 47
5 3 12 21 27 30
7 3 12 21 34 40 50 56
5 3 12 21 35 44
6 3 12 21 37 51 60
6 3 12 21 38 41 63
5 3 12 21 39 45
5 3 12 21 49 52
5 3 12 21 54 57
5 3 12 21 59 62
5 3 12 22 25 31
5 3 12 22 25 32
8 3 12 22 25 34 40 49 52
6 3 12 22 25 37 48
8 3 12 22 25 39 45 59 62
6 3 12 22 25 42 63
5 3 12 22 25 47
6 3 12 22 25 50 56
5 3 12 22 25 53
6 3 12 22 25 55 61
5 3 12 22 25 58
5 3 12 23 29 32
6 3 12 23 29 34 40
6 3 12 23 29 35 44
5 3 12 23 29 37
5 3 12 23 29 47
6 3 12 23 29 50 56
6 3 12 23 29 54 57
6 3 12 23 29 55 61
6 3 12 23 29 59 62
5 3 12 26 34 40
5 3 12 26 35 44
6 3 12 26 38 41 48
7 3 12 26 39 45 55 61
6 3 12 26 42 51 60
5 3 12 26 49 52
5 3 12 26 54 57
5 3 12 26 59 62
5 3 12 27 30 32
7 3 12 27 30 33 36 42
6 3 12 27 30 34 40
6 3 12 27 30 35 44
6 3 12 27 30 38 41
9 3 12 27 30 39 45 48 54 57
5 3 12 27 30 47
6 3 12 27 30 49 52
6 3 12 27 30 50 56
5 3 12 27 30 53
5 3 12 27 30 58
6 3 12 27 30 59 62
6 3 12 31 32 54 57
5 3 12 31 35 44
5 3 12 31 38 41
6 3 12 31 47 51 60
6 3 12 31 48 55 61
5 3 12 31 49 52
5 3 12 31 50 56
5 3 12 31 59 62
5 3 12 32 38 41
5 3 12 32 39 45
5 3 12 32 43 46
6 3 12 32 49 52 63
5 3 12 32 50 56
5 3 12 32 55 61
5 3 12 32 59 62
5 3 12 33 36 47
6 3 12 33 36 54 57
5 3 12 33 36 58
6 3 12 33 36 59 62
5 3 12 34 40 47
6 3 12 34 40 55 61
5 3 12 34 40 58
6 3 12 34 40 59 62
6 3 12 35 44 49 52
6 3 12 35 44 59 62
5 3 12 37 49 52
5 3 12 37 50 56
5 3 12 37 54 57
5 3 12 37 55 61
5 3 12 38 41 47
6 3 12 38 41 49 52
6 3 12 38 41 50 56
5 3 12 38 41 53
6 3 12 38 41 55 61
5 3 12 38 41 58
6 3 12 38 41 59 62
6 3 12 39 45 49 52
6 3 12 39 45 50 56
5 3 12 39 45 53
5 3 12 42 50 56
5 3 12 42 54 57
5 3 12 42 55 61
5 3 12 42 59 62
6 3 12 43 46 49 52
5 3 12 43 46 53
6 3 12 43 46 54 57
6 3 12 47 48 59 62
5 3 12 47 49 52
5 3 12 47 50 56
5 3 12 47 55 61
5 3 12 49 52 58
5 3 12 53 59 62
6 3 13 16 32 51 61
5 3 13 16 35 45
5 3 13 16 36 43
5 3 13 16 40 54
5 3 13 16 47 50
5 3 13 16 56 63
5 3 13 17 34 47
5 3 13 17 35 45
5 3 13 17 36 60
5 3 13 17 57 63
6 3 13 18 35 45 62
5 3 13 18 38 43
5 3 13 18 40 52
5 3 13 18 58 63
5 3 13 19 29 32
5 3 13 19 29 36
5 3 13 19 29 40
6 3 13 19 29 44 50
5 3 13 19 29 55
5 3 13 19 29 56
5 3 13 19 29 57
5 3 13 19 29 62
6 3 13 20 36 51 61
6 3 13 20 40 50 63
5 3 13 21 28 48
5 3 13 21 35 45
5 3 13 21 38 47
5 3 13 21 41 63
5 3 13 22 35 45
6 3 13 22 38 51 61
5 3 13 22 42 63
5 3 13 23 33 38
5 3 13 23 35 45
6 3 13 23 39 51 61
5 3 13 23 44 54
5 3 13 23 46 59
5 3 13 24 30 41
6 3 13 24 40 51 61
5 3 13 25 28 48
6 3 13 25 34 53 60
5 3 13 25 35 45
6 3 13 25 41 51 61
5 3 13 25 42 47
6 3 13 26 28 41 48
5 3 13 26 35 45
5 3 13 26 38 49
6 3 13 26 42 51 61
6 3 13 27 28 48 57
5 3 13 27 33 42
5 3 13 27 35 45
5 3 13 27 39 49
5 3 13 27 44 58
8 3 13 28 30 35 45 48 50
5 3 13 28 34 48
5 3 13 28 38 48
6 3 13 28 39 48 54
6 3 13 28 43 48 58
5 3 13 28 46 48
5 3 13 28 48 55
5 3 13 28 48 59
5 3 13 30 49 54
5 3 13 31 32 50
5 3 13 31 33 46
5 3 13 31 35 45
5 3 13 31 36 54
5 3 13 31 40 58
5 3 13 31 49 55
5 3 13 32 52 63
5 3 13 33 53 63
5 3 13 34 54 63
5 3 13 35 45 52
5 3 13 35 45 53
5 3 13 35 45 56
5 3 13 35 45 59
5 3 13 35 45 60
5 3 13 36 47 53
5 3 13 39 58 60
5 3 13 40 47 57
5 3 13 46 49 58
6 3 14 16 32 51 62
5 3 14 16 35 46
5 3 14 16 36 43
5 3 14 16 40 53
5 3 14 16 47 49
5 3 14 16 56 63
5 3 14 17 31 34
5 3 14 17 35 46
5 3 14 17 36 60
5 3 14 17 37 43
5 3 14 17 40 52
5 3 14 17 44 48
6 3 14 18 34 51 62
5 3 14 18 35 46
5 3 14 18 45 61
5 3 14 18 58 63
5 3 14 19 30 32
5 3 14 19 30 36
5 3 14 19 30 37
5 3 14 19 30 40
8 3 14 19 30 44 45 48 49
5 3 14 19 30 47
5 3 14 19 30 52
5 3 14 19 30 53
5 3 14 19 30 55
5 3 14 19 30 56
5 3 14 19 30 57
5 3 14 19 30 58
5 3 14 19 30 61
5 3 14 20 29 33
5 3 14 20 31 54
5 3 14 20 35 46
6 3 14 20 36 51 62
6 3 14 20 40 49 63
5 3 14 20 45 59
5 3 14 20 47 53
5 3 14 21 34 58
5 3 14 21 35 46
6 3 14 21 37 51 62
5 3 14 21 41 63
5 3 14 22 29 33
5 3 14 22 34 57
5 3 14 22 35 46
6 3 14 22 37 44 48
5 3 14 22 42 63
5 3 14 23 35 46
6 3 14 23 39 51 62
6 3 14 23 44 48 53
5 3 14 23 45 56
5 3 14 24 31 58
5 3 14 24 35 46
6 3 14 24 40 51 62
5 3 14 24 45 55
5 3 14 24 47 57
6 3 14 25 34 54 63
5 3 14 25 35 46
5 3 14 25 37 50
6 3 14 25 41 51 62
5 3 14 25 44 48
6 3 14 26 34 53 60
5 3 14 26 35 46
6 3 14 26 41 44 48
6 3 14 26 42 51 62
6 3 14 27 29 33 42
6 3 14 27 35 46 60
5 3 14 27 39 50
6 3 14 27 44 48 57
5 3 14 27 45 52
6 3 14 28 29 32 33
6 3 14 28 35 46 49
5 3 14 28 38 40
5 3 14 28 39 53
5 3 14 28 43 57
5 3 14 28 50 52
5 3 14 29 33 47
5 3 14 29 33 49
5 3 14 29 33 52
5 3 14 29 33 54
5 3 14 29 33 55
5 3 14 29 33 58
5 3 14 29 33 59
5 3 14 29 33 61
5 3 14 31 32 49
5 3 14 31 36 53
5 3 14 31 40 57
5 3 14 32 52 63
5 3 14 35 46 52
5 3 14 35 46 53
5 3 14 35 46 57
5 3 14 35 46 59
5 3 14 35 46 61
5 3 14 38 45 60
6 3 14 39 44 48 54
5 3 14 39 58 60
6 3 14 40 47 50 59
5 3 14 42 44 48
5 3 14 43 45 54
5 3 14 43 60 61
5 3 14 44 48 55
5 3 14 44 48 59
8 3 15 16 17 22 26 28 29
6 3 15 16 18 28 30
6 3 15 16 21 25 28
6 3 15 16 23 27 28
6 3 15 16 28 35 47
6 3 15 16 28 37 41
6 3 15 16 28 38 42
6 3 15 16 28 49 61
6 3 15 16 28 50 62
6 3 15 16 28 53 57
6 3 15 16 28 54 58
6 3 15 16 28 55 59
6 3 15 17 29 32 44
6 3 15 17 29 34 46
6 3 15 17 29 35 47
6 3 15 17 29 49 61
6 3 15 17 29 52 56
6 3 15 17 29 54 58
6 3 15 17 29 55 59
6 3 15 18 30 32 44
6 3 15 18 30 35 47
6 3 15 18 30 36 40
6 3 15 18 30 49 61
6 3 15 18 30 50 62
6 3 15 18 30 53 57
6 3 15 18 30 55 59
8 3 15 19 31 32 39 43 44
12 3 15 19 31 39 43 48 49 54 58 60 61
8 3 15 19 31 39 43 50 62
8 3 15 19 31 39 43 52 56
8 3 15 19 31 39 43 53 57
6 3 15 20 21 24 25
6 3 15 20 22 24 26
6 3 15 20 24 34 46
8 3 15 20 24 36 40 51 63
6 3 15 20 24 37 41
6 3 15 20 24 38 42
6 3 15 20 24 49 61
6 3 15 20 24 50 62
6 3 15 20 24 52 56
6 3 15 20 24 53 57
6 3 15 20 24 55 59
6 3 15 21 25 32 44
8 3 15 21 25 34 46 55 59
6 3 15 21 25 35 47
6 3 15 21 25 36 40
8 3 15 21 25 37 41 51 63
6 3 15 21 25 48 60
6 3 15 21 25 50 62
6 3 15 21 25 52 56
6 3 15 21 25 53 57
6 3 15 21 25 54 58
6 3 15 22 26 32 44
8 3 15 22 26 34 46 50 62
6 3 15 22 26 35 47
6 3 15 22 26 36 40
8 3 15 22 26 38 42 51 63
6 3 15 22 26 49 61
6 3 15 22 26 53 57
6 3 15 22 26 54 58
6 3 15 22 26 55 59
10 3 15 23 27 32 33 38 42 44 45
10 3 15 23 27 34 46 48 53 57 60
6 3 15 23 27 36 40
6 3 15 23 27 37 41
6 3 15 23 27 49 61
6 3 15 23 27 50 62
6 3 15 23 27 52 56
6 3 15 23 27 54 58
6 3 15 32 34 44 46
6 3 15 32 37 41 44
6 3 15 32 44 49 61
6 3 15 32 44 50 62
6 3 15 32 44 53 57
6 3 15 32 44 54 58
6 3 15 32 44 55 59
6 3 15 33 45 55 59
6 3 15 34 46 49 61
6 3 15 34 46 52 56
8 3 15 35 47 48 50 60 62
6 3 15 35 47 49 61
6 3 15 35 47 52 56
6 3 15 35 47 53 57
6 3 15 36 37 40 41
6 3 15 36 38 40 42
6 3 15 36 40 49 61
6 3 15 36 40 50 62
6 3 15 36 40 52 56
6 3 15 36 40 53 57
6 3 15 36 40 54 58
6 3 15 36 40 55 59
6 3 15 37 41 49 61
6 3 15 37 41 50 62
6 3 15 37 41 53 57
6 3 15 37 41 54 58
6 3 15 37 41 55 59
6 3 15 38 42 48 60
6 3 15 38 42 49 61
6 3 15 38 42 50 62
6 3 15 38 42 52 56
6 3 15 38 42 53 57
6 3 15 38 42 54 58
6 3 15 38 42 55 59
6 3 15 48 55 59 60
6 3 15 52 53 56 57
6 3 15 52 54 56 58
5 3 16 17 23 42
5 3 16 17 27 31
8 3 16 17 36 37 43 60 61
7 3 16 17 38 56 57 63
5 3 16 17 40 41
5 3 16 17 44 45
5 3 16 17 52 53
6 3 16 18 23 31 41
6 3 16 18 36 38 43
5 3 16 18 40 42
5 3 16 18 44 46
5 3 16 18 52 54
6 3 16 18 56 58 63
5 3 16 18 60 62
6 3 16 21 27 46 60
6 3 16 21 32 37 51
5 3 16 21 38 50
6 3 16 21 41 56 63
5 3 16 22 27 45
6 3 16 22 32 38 51
5 3 16 22 36 43
6 3 16 22 42 56 63
6 3 16 23 32 39 51
5 3 16 23 40 44
6 3 16 25 32 41 51
5 3 16 25 42 50
5 3 16 25 56 63
5 3 16 26 40 60
5 3 16 26 49 54
5 3 16 26 52 57
5 3 16 27 29 38
6 3 16 29 32 45 51
5 3 16 29 36 43
5 3 16 29 40 49
5 3 16 29 46 50
6 3 16 30 32 46 51
5 3 16 30 36 43
6 3 16 31 32 47 51
6 3 16 31 35 53 58
5 3 16 31 37 42
5 3 16 31 49 59
5 3 16 31 52 62
6 3 16 35 55 56 63
5 3 16 36 43 44
5 3 16 36 43 47
6 3 16 36 43 52 59
5 3 16 36 43 54
5 3 16 36 43 62
5 3 16 37 56 63
5 3 16 39 56 63
5 3 16 39 57 62
5 3 16 39 58 60
5 3 16 40 50 57
5 3 16 44 50 61
5 3 16 46 55 57
5 3 16 49 56 63
5 3 16 50 52 60
5 3 17 22 31 40
8 3 17 22 32 42 52 57 63
7 3 17 22 37 43 48 58
5 3 17 22 49 54
5 3 17 23 36 60
5 3 17 23 40 46
5 3 17 23 41 45
5 3 17 23 48 53
5 3 17 23 49 55
5 3 17 23 56 62
5 3 17 24 31 38
5 3 17 24 34 58
5 3 17 24 39 46
5 3 17 24 49 56
5 3 17 24 55 62
5 3 17 24 57 63
6 3 17 26 31 36 60
5 3 17 26 32 56
5 3 17 26 41 48
5 3 17 26 49 58
5 3 17 26 57 63
5 3 17 27 32 47
5 3 17 27 40 45
6 3 17 27 48 57 63
5 3 17 27 49 59
5 3 17 27 52 62
5 3 17 27 53 58
5 3 17 27 56 61
5 3 17 28 34 62
6 3 17 28 36 49 60
5 3 17 28 37 43
5 3 17 28 40 61
5 3 17 30 37 43
5 3 17 30 45 48
5 3 17 30 49 62
5 3 17 32 37 43
5 3 17 32 38 53
5 3 17 32 46 61
6 3 17 34 36 53 60
5 3 17 34 44 61
5 3 17 35 54 59
6 3 17 35 55 57 63
6 3 17 36 38 60 62
6 3 17 36 42 47 60
5 3 17 36 45 60
5 3 17 36 55 60
5 3 17 36 59 60
5 3 17 37 43 45
5 3 17 37 43 49
5 3 17 37 43 52
6 3 17 37 43 53 59
5 3 17 37 43 56
5 3 17 37 43 62
5 3 17 39 48 54
5 3 17 47 48 62
5 3 18 20 28 41
6 3 18 20 34 36 51
6 3 18 20 38 43 45
6 3 18 20 40 58 63
5 3 18 20 50 52
5 3 18 20 59 61
5 3 18 23 32 47
6 3 18 23 34 39 51
7 3 18 23 36 37 42 46
5 3 18 23 40 45
5 3 18 23 49 59
5 3 18 23 50 55
5 3 18 23 52 62
5 3 18 23 56 61
5 3 18 25 28 36
6 3 18 25 34 41 51
5 3 18 25 35 59
5 3 18 25 49 60
5 3 18 25 50 57
5 3 18 25 58 63
5 3 18 27 31 37
5 3 18 27 36 45
5 3 18 27 40 41
5 3 18 27 46 60
5 3 18 27 50 59
5 3 18 27 52 61
5 3 18 27 58 63
6 3 18 28 34 44 51
5 3 18 28 38 43
5 3 18 28 50 60
6 3 18 29 34 45 51
5 3 18 29 38 43
5 3 18 29 50 61
6 3 18 31 34 47 51
5 3 18 31 44 45
5 3 18 32 38 43
5 3 18 32 42 60
6 3 18 32 52 58 63
5 3 18 32 53 59
5 3 18 35 53 56
5 3 18 36 41 44
5 3 18 38 43 49
5 3 18 38 43 50
5 3 18 38 43 52
6 3 18 38 43 54 59
5 3 18 38 43 56
6 3 18 38 43 57 62
6 3 18 38 43 60 61
5 3 18 39 41 47
5 3 18 41 53 61
5 3 18 41 54 62
5 3 18 42 53 62
5 3 18 44 55 57
5 3 18 47 52 57
5 3 18 49 58 63
6 3 19 32 47 53 58
6 3 19 32 52 59 63
5 3 19 32 54 60
5 3 19 36 55 56
5 3 19 36 57 62
5 3 19 36 59 63
6 3 19 37 40 54 60
5 3 19 37 55 57
6 3 19 42 45 54 60
5 3 19 42 50 57
5 3 19 46 48 49
5 3 19 46 50 61
5 3 19 46 52 57
6 3 19 47 48 49 62
5 3 19 47 54 60
5 3 19 48 49 55
6 3 19 48 49 59 63
5 3 19 50 59 63
6 3 19 52 54 60 62
5 3 20 21 26 30
5 3 20 21 28 29
6 3 20 21 36 37 51
5 3 20 21 38 54
5 3 20 21 44 45
5 3 20 21 52 53
5 3 20 21 56 57
5 3 20 22 28 30
5 3 20 22 32 34
6 3 20 22 36 38 51
5 3 20 22 44 46
5 3 20 22 52 54
5 3 20 22 56 58
7 3 20 25 32 42 49 54
6 3 20 25 36 41 51
5 3 20 25 40 63
5 3 20 25 52 57
5 3 20 26 32 50
6 3 20 26 36 42 51
5 3 20 26 40 63
5 3 20 26 52 58
5 3 20 27 33 42
5 3 20 27 40 63
5 3 20 27 52 59
6 3 20 28 36 44 51
5 3 20 28 37 45
5 3 20 28 38 46
5 3 20 28 39 47
5 3 20 28 53 61
5 3 20 28 54 62
5 3 20 29 34 43
6 3 20 29 36 45 51
5 3 20 29 46 54
5 3 20 29 50 59
5 3 20 29 52 61
5 3 20 30 32 47
5 3 20 30 33 43
5 3 20 30 34 39
5 3 20 30 50 55
5 3 20 30 52 62
5 3 20 30 53 58
5 3 20 30 56 61
5 3 20 31 33 46
6 3 20 31 36 47 51
5 3 20 32 41 53
6 3 20 33 40 53 63
5 3 20 33 55 57
5 3 20 35 57 62
5 3 20 37 40 63
5 3 20 38 40 63
5 3 20 39 40 63
5 3 20 44 54 61
5 3 20 47 50 57
5 3 21 24 26 29
6 3 21 24 37 40 51
7 3 21 24 38 44 58 61
5 3 21 24 41 63
5 3 21 24 53 56
5 3 21 26 32 47
5 3 21 26 34 39
7 3 21 26 36 46 56 61
5 3 21 26 40 45
6 3 21 26 41 48 63
5 3 21 26 49 59
5 3 21 26 52 62
5 3 21 26 53 58
5 3 21 27 41 63
5 3 21 27 47 61
5 3 21 27 48 57
5 3 21 27 53 59
6 3 21 28 34 53 60
6 3 21 28 37 44 51
5 3 21 28 38 62
5 3 21 29 36 44
6 3 21 29 37 45 51
5 3 21 29 38 46
5 3 21 29 39 47
5 3 21 29 53 61
5 3 21 29 54 62
6 3 21 30 37 46 51
5 3 21 30 45 48
5 3 21 30 47 55
5 3 21 30 53 62
5 3 21 31 45 60
5 3 21 31 54 59
5 3 21 31 57 62
5 3 21 32 38 49
6 3 21 32 41 52 63
5 3 21 34 36 49
6 3 21 34 41 54 63
5 3 21 35 48 50
5 3 21 35 54 61
5 3 21 36 38 53
5 3 21 36 41 63
5 3 21 38 40 57
5 3 21 39 41 63
5 3 21 39 48 54
5 3 21 39 59 61
5 3 21 41 49 63
5 3 21 41 50 63
5 3 21 45 55 62
5 3 21 47 48 62
5 3 21 55 57 60
6 3 22 24 38 40 51
5 3 22 24 42 63
5 3 22 24 44 62
5 3 22 24 54 56
7 3 22 27 33 42 53 63
8 3 22 27 37 47 48 57 62
5 3 22 27 54 59
5 3 22 28 53 56
5 3 22 28 58 61
5 3 22 29 37 48
6 3 22 29 38 45 51
5 3 22 29 44 52
5 3 22 29 54 61
5 3 22 30 36 44
6 3 22 30 38 46 51
5 3 22 30 39 47
5 3 22 30 53 61
5 3 22 30 54 62
5 3 22 31 33 46
6 3 22 31 37 48 61
6 3 22 31 38 47 51
6 3 22 33 43 49 59
5 3 22 36 42 63
5 3 22 36 56 62
6 3 22 37 42 48 63
5 3 22 37 46 48
5 3 22 37 48 55
5 3 22 37 48 59
5 3 22 42 49 63
5 3 22 42 50 63
5 3 22 46 52 61
5 3 23 24 33 38
6 3 23 24 39 40 51
5 3 23 24 55 56
5 3 23 25 28 46
5 3 23 25 35 49
6 3 23 25 39 41 51
5 3 23 25 48 53
5 3 23 25 55 57
5 3 23 25 59 60
5 3 23 28 30 41
5 3 23 28 33 38
6 3 23 28 39 44 51
5 3 23 28 55 60
6 3 23 30 33 38 40
6 3 23 30 39 46 51
6 3 23 30 45 48 53
5 3 23 30 49 56
5 3 23 30 55 62
6 3 23 31 33 38 46
5 3 23 31 36 44
5 3 23 31 37 45
6 3 23 31 48 53 61
5 3 23 31 52 60
5 3 23 31 54 62
5 3 23 32 34 41
5 3 23 32 57 62
5 3 23 33 38 47
6 3 23 33 38 49 54
6 3 23 33 38 52 57
5 3 23 33 38 55
6 3 23 33 38 56 60
5 3 23 33 38 59
5 3 23 33 38 61
5 3 23 33 38 62
5 3 23 35 58 61
5 3 23 37 47 60
5 3 23 37 52 58
5 3 23 41 44 46
5 3 23 41 52 54
5 3 23 41 56 58
5 3 23 44 50 57
6 3 23 47 48 53 62
5 3 23 47 49 58
5 3 23 48 53 59
5 3 24 25 28 29
5 3 24 25 36 37
6 3 24 25 40 41 51
5 3 24 25 44 45
5 3 24 25 52 53
5 3 24 25 56 57
5 3 24 26 28 30
5 3 24 26 32 34
5 3 24 26 36 38
6 3 24 26 40 42 51
5 3 24 26 44 46
5 3 24 26 52 54
5 3 24 26 56 58
5 3 24 28 36 52
6 3 24 28 40 44 51
5 3 24 28 41 45
5 3 24 28 42 46
5 3 24 28 57 61
5 3 24 29 32 47
5 3 24 29 34 39
7 3 24 29 36 46 53 58
5 3 24 29 37 42
6 3 24 29 40 45 51
5 3 24 29 49 59
5 3 24 29 50 55
5 3 24 29 52 62
5 3 24 30 33 39
5 3 24 30 36 54
6 3 24 30 40 46 51
5 3 24 30 49 55
5 3 24 30 56 62
5 3 24 31 33 46
5 3 24 31 36 55
6 3 24 31 40 47 51
5 3 24 31 45 59
5 3 24 32 49 58
5 3 24 32 52 63
5 3 24 33 53 63
5 3 24 34 54 63
5 3 24 35 55 63
5 3 24 36 44 56
5 3 24 36 45 57
5 3 24 36 47 59
5 3 24 37 44 57
5 3 24 39 44 59
5 3 25 28 37 52
5 3 25 28 42 62
5 3 25 29 40 44
6 3 25 29 41 45 51
5 3 25 29 42 46
5 3 25 29 57 61
5 3 25 29 58 62
7 3 25 30 37 47 54 59
6 3 25 30 41 46 51
5 3 25 30 45 48
5 3 25 30 57 62
5 3 25 31 37 55
6 3 25 31 41 47 51
5 3 25 31 48 61
5 3 25 35 48 50
5 3 25 35 55 63
5 3 25 36 42 53
5 3 25 36 45 56
5 3 25 37 44 56
5 3 25 37 45 57
5 3 25 37 46 58
5 3 25 40 42 57
5 3 25 40 46 61
5 3 25 42 44 61
5 3 26 28 38 52
6 3 26 28 39 58 60
6 3 26 28 42 44 51
7 3 26 29 38 44 53 56
5 3 26 29 41 48
6 3 26 29 42 45 51
5 3 26 29 58 61
5 3 26 30 38 54
5 3 26 30 40 44
6 3 26 30 42 46 51
5 3 26 30 57 61
5 3 26 30 58 62
5 3 26 31 38 55
6 3 26 31 41 48 61
6 3 26 31 42 47 51
5 3 26 32 52 63
5 3 26 34 41 48
5 3 26 34 49 56
5 3 26 34 54 63
5 3 26 35 54 56
5 3 26 35 55 63
5 3 26 38 45 57
5 3 26 38 46 58
5 3 26 38 47 59
6 3 26 39 41 48 54
5 3 26 39 46 59
5 3 26 40 50 52
5 3 26 41 46 48
6 3 26 41 47 48 62
5 3 26 41 48 55
5 3 26 41 48 59
5 3 26 50 57 60
5 3 27 28 33 42
5 3 27 28 39 52
5 3 27 28 45 56
6 3 27 28 46 59 60
5 3 27 29 34 36
5 3 27 29 39 53
5 3 27 29 48 57
5 3 27 29 50 52
5 3 27 29 59 61
8 3 27 31 33 42 46 56 60
7 3 27 31 38 48 57 61
5 3 27 31 40 44
5 3 27 31 41 45
5 3 27 31 58 62
6 3 27 32 37 46 60
5 3 27 32 52 63
5 3 27 33 40 42
5 3 27 33 42 47
6 3 27 33 42 49 58
5 3 27 33 42 52
5 3 27 33 42 59
5 3 27 33 42 61
5 3 27 33 42 62
5 3 27 34 54 63
6 3 27 35 48 50 57
5 3 27 35 49 54
5 3 27 36 47 56
6 3 27 38 46 52 60
5 3 27 38 47 58
5 3 27 39 44 56
6 3 27 39 46 58 60
5 3 27 40 46 60
5 3 27 46 49 60
5 3 27 46 50 60
5 3 28 29 36 37
5 3 28 29 40 41
6 3 28 29 44 45 51
5 3 28 29 46 62
5 3 28 29 56 57
5 3 28 30 32 34
5 3 28 30 36 38
5 3 28 30 40 42
6 3 28 30 44 46 51
5 3 28 30 52 54
5 3 28 30 56 58
5 3 28 32 49 62
5 3 28 34 55 57
5 3 28 36 53 62
5 3 28 39 50 57
5 3 28 40 57 62
5 3 28 45 52 57
5 3 28 46 52 58
5 3 28 47 52 59
5 3 29 32 46 49
5 3 29 34 44 49
5 3 29 35 48 50
5 3 29 39 48 54
5 3 29 40 46 57
5 3 29 42 44 57
5 3 29 43 48 58
5 3 29 44 46 61
5 3 29 47 48 62
5 3 29 47 53 59
5 3 30 32 55 57
5 3 30 34 45 48
5 3 30 35 52 57
5 3 30 38 45 48
5 3 30 41 47 58
5 3 30 42 45 48
6 3 30 43 45 48 58
5 3 30 43 50 57
5 3 30 44 54 56
5 3 31 32 33 46
5 3 31 33 44 46
6 3 31 33 46 49 62
5 3 31 33 46 52
5 3 31 33 46 54
5 3 31 34 48 61
5 3 31 34 52 57
5 3 31 34 53 60
6 3 31 35 48 50 61
5 3 31 36 50 57
5 3 31 42 48 61
5 3 31 44 55 56
5 3 31 45 55 57
5 3 31 48 59 61
5 3 31 55 60 62
7 3 32 33 39 52 53 63
9 3 32 33 43 47 56 57 60 61
5 3 32 34 39 47
6 3 32 34 52 54 63
6 3 32 34 53 60 62
5 3 32 34 56 58
5 3 32 37 52 63
5 3 32 38 52 63
5 3 32 39 58 60
5 3 32 46 50 57
5 3 32 47 50 55
5 3 32 50 52 63
5 3 33 39 49 55
7 3 33 39 56 58 60 62
5 3 33 40 55 62
5 3 33 43 52 62
5 3 33 55 56 60
5 3 34 36 50 52
5 3 34 36 54 63
5 3 34 36 59 61
6 3 34 39 48 54 63
5 3 34 39 49 59
5 3 34 39 50 55
5 3 34 39 52 62
6 3 34 39 53 58 60
5 3 34 39 56 61
5 3 34 41 50 57
7 3 34 43 47 48 58 62
5 3 34 43 50 59
7 3 34 43 52 53 60 61
5 3 34 44 57 62
5 3 34 45 50 61
5 3 34 45 53 60
5 3 34 47 53 60
5 3 34 49 54 63
6 3 35 48 50 55 63
5 3 35 48 50 59
5 3 35 49 55 63
5 3 35 49 59 60
5 3 36 37 44 45
5 3 36 37 52 53
5 3 36 37 56 57
5 3 36 38 44 46
5 3 36 38 52 54
5 3 36 38 56 58
5 3 36 41 49 54
5 3 36 41 52 57
5 3 36 42 52 58
5 3 36 44 54 62
5 3 36 45 50 59
5 3 36 45 52 61
5 3 36 46 50 55
5 3 36 47 55 57
5 3 37 40 42 45
5 3 37 40 53 56
5 3 37 40 58 61
5 3 37 42 49 59
5 3 37 42 52 62
5 3 37 42 53 58
5 3 37 42 56 61
5 3 37 45 53 61
5 3 37 45 54 62
5 3 37 46 53 62
5 3 38 40 54 56
5 3 38 45 54 61
5 3 38 46 53 61
5 3 38 46 54 62
5 3 38 47 48 62
5 3 39 40 55 56
5 3 39 40 58 60
5 3 39 41 55 57
5 3 39 44 52 57
5 3 39 46 48 54
5 3 39 46 49 56
5 3 39 46 55 62
6 3 39 47 48 54 62
6 3 39 47 52 58 60
5 3 39 47 53 61
5 3 39 48 54 59
5 3 40 41 44 45
5 3 40 41 52 53
5 3 40 41 56 57
5 3 40 42 44 46
5 3 40 42 52 54
5 3 40 42 56 58
5 3 40 44 57 61
5 3 40 44 58 62
5 3 40 45 49 59
5 3 40 45 50 55
5 3 40 45 52 62
5 3 40 45 53 58
5 3 40 45 56 61
5 3 40 46 49 55
5 3 40 46 56 62
5 3 41 45 57 61
5 3 41 45 58 62
5 3 41 46 54 59
5 3 41 46 57 62
5 3 42 45 53 56
5 3 42 45 58 61
5 3 42 46 57 61
5 3 42 46 58 62
5 3 42 47 48 62
5 3 43 45 50 52
5 3 43 50 60 61
5 3 44 45 52 53
5 3 44 45 56 57
5 3 44 46 52 54
5 3 47 48 55 62
5 3 52 53 58 62
5 3 53 56 58 61
20 4 5 8 9 16 17 22 26 28 29 32 33 38 42 44 45 52 53 56 57
10 4 5 8 9 18 30 39 43 55 59
6 4 5 8 9 19 31
8 4 5 8 9 20 21 24 25
6 4 5 8 9 23 27
6 4 5 8 9 34 46
6 4 5 8 9 35 47
8 4 5 8 9 36 37 40 41
10 4 5 8 9 48 49 54 58 60 61
6 4 5 8 9 50 62
6 4 5 8 9 51 63
12 4 5 10 14 16 17 27 31 34 39 50 55
7 4 5 10 14 18 23 35
5 4 5 10 14 19
12 4 5 10 14 20 21 26 30 40 41 44 45
10 4 5 10 14 22 38 52 53 58 62
8 4 5 10 14 24 25 28 29
8 4 5 10 14 32 33 43 47
8 4 5 10 14 36 37 42 46
8 4 5 10 14 48 49 59 63
5 4 5 10 14 51
5 4 5 10 14 54
8 4 5 10 14 56 57 60 61
6 4 5 11 16 17 35
8 4 5 11 20 21 27 56 57
8 4 5 11 22 38 52 53 59
5 4 5 11 23 34
5 4 5 11 24 25
7 4 5 11 26 31 44 45
5 4 5 11 28 29
5 4 5 11 32 33
6 4 5 11 36 37 43
5 4 5 11 39 55
5 4 5 11 40 41
5 4 5 11 42 47
5 4 5 11 48 49
5 4 5 11 58 63
5 4 5 11 60 61
8 4 5 12 13 16 17 48 49
7 4 5 12 13 18 27 51
5 4 5 12 13 19
8 4 5 12 13 20 21 28 29
12 4 5 12 13 22 30 38 46 52 53 60 61
6 4 5 12 13 23 31
6 4 5 12 13 24 25
9 4 5 12 13 26 36 37 44 45
6 4 5 12 13 32 33
6 4 5 12 13 34 43
5 4 5 12 13 35
8 4 5 12 13 39 47 55 63
6 4 5 12 13 40 41
5 4 5 12 13 42
6 4 5 12 13 50 59
6 4 5 12 13 54 62
6 4 5 12 13 56 57
5 4 5 12 13 58
7 4 5 15 16 17 23 51
9 4 5 15 20 21 31 42 60 61
10 4 5 15 22 27 38 43 52 53 63
6 4 5 15 24 25 30
6 4 5 15 26 44 45
5 4 5 15 28 29
9 4 5 15 32 33 39 48 49 55
6 4 5 15 36 37 47
6 4 5 15 40 41 46
5 4 5 15 54 59
6 4 5 15 56 57 62
8 4 5 16 17 24 25 36 37
6 4 5 16 17 30 54
6 4 5 16 17 40 41
5 4 5 16 17 43
6 4 5 16 17 46 58
6 4 5 16 17 47 59
6 4 5 16 17 60 61
5 4 5 16 17 62
5 4 5 16 17 63
8 4 5 18 26 44 45 50 58
5 4 5 18 28 29
5 4 5 18 36 37
5 4 5 18 42 54
5 4 5 18 56 57
5 4 5 18 60 61
8 4 5 19 22 35 38 52 53
7 4 5 19 26 44 45 59
5 4 5 19 32 33
6 4 5 19 36 37 50
5 4 5 19 40 41
5 4 5 19 56 57
5 4 5 19 60 61
5 4 5 20 21 34
6 4 5 20 21 35 50
6 4 5 20 21 43 58
5 4 5 20 21 46
6 4 5 20 21 47 62
5 4 5 20 21 51
5 4 5 20 21 59
5 4 5 20 21 63
8 4 5 22 31 38 47 52 53
6 4 5 23 24 25 59
5 4 5 23 30 47
6 4 5 23 32 33 50
6 4 5 23 40 41 58
5 4 5 23 48 49
5 4 5 23 56 57
5 4 5 23 60 61
5 4 5 24 25 31
6 4 5 24 25 32 33
5 4 5 24 25 35
5 4 5 24 25 50
5 4 5 24 25 51
5 4 5 24 25 54
6 4 5 24 25 56 57
5 4 5 24 25 62
5 4 5 24 25 63
7 4 5 26 34 44 45 54
7 4 5 26 44 45 48 49
5 4 5 27 32 33
6 4 5 27 36 37 58
7 4 5 27 40 41 60 61
5 4 5 27 42 62
5 4 5 27 48 49
6 4 5 28 29 34 58
6 4 5 28 29 35 59
6 4 5 28 29 36 37
8 4 5 28 29 39 46 55 62
6 4 5 28 29 40 41
5 4 5 28 29 43
5 4 5 28 29 47
6 4 5 28 29 48 49
5 4 5 28 29 50
5 4 5 28 29 51
5 4 5 28 29 54
6 4 5 28 29 60 61
6 4 5 30 32 33 58
5 4 5 30 36 37
5 4 5 30 48 49
5 4 5 30 56 57
6 4 5 31 32 33 59
6 4 5 31 36 37 62
5 4 5 31 40 41
5 4 5 31 43 54
5 4 5 31 48 49
5 4 5 31 56 57
6 4 5 32 33 40 41
5 4 5 32 33 46
5 4 5 32 33 51
5 4 5 32 33 54
6 4 5 32 33 60 61
5 4 5 32 33 62
5 4 5 32 33 63
5 4 5 34 56 57
5 4 5 34 60 61
5 4 5 35 48 49
5 4 5 35 56 57
6 4 5 36 37 48 49
5 4 5 36 37 51
6 4 5 36 37 56 57
5 4 5 36 37 59
6 4 5 36 37 60 61
5 4 5 36 37 63
8 4 5 39 40 41 55 56 57
5 4 5 40 41 47
5 4 5 40 41 50
5 4 5 40 41 51
5 4 5 40 41 54
5 4 5 40 41 59
5 4 5 40 41 62
5 4 5 40 41 63
5 4 5 42 48 49
5 4 5 43 48 49
5 4 5 43 56 57
5 4 5 46 48 49
5 4 5 46 56 57
5 4 5 47 48 49
5 4 5 47 56 57
5 4 5 47 60 61
6 4 5 48 49 56 57
5 4 5 48 49 62
5 4 5 50 60 61
5 4 5 56 57 63
16 4 6 8 10 16 18 28 30 32 34 44 46 52 54 56 58
10 4 6 8 10 17 29 36 38 40 42
6 4 6 8 10 19 31
8 4 6 8 10 20 22 24 26
6 4 6 8 10 21 25
8 4 6 8 10 23 27 55 59
6 4 6 8 10 33 45
6 4 6 8 10 35 47
6 4 6 8 10 37 41
6 4 6 8 10 39 43
8 4 6 8 10 48 50 60 62
6 4 6 8 10 49 61
6 4 6 8 10 51 63
6 4 6 8 10 53 57
6 4 6 11 16 18 35
6 4 6 11 20 22 27
8 4 6 11 21 31 41 44 46
6 4 6 11 23 33 55
5 4 6 11 24 26
6 4 6 11 25 28 30
5 4 6 11 32 34
8 4 6 11 36 38 43 56 58
5 4 6 11 37 47
5 4 6 11 40 42
5 4 6 11 48 50
6 4 6 11 52 54 59
5 4 6 11 53 63
6 4 6 11 57 60 62
12 4 6 12 14 16 18 23 31 48 50 55 63
12 4 6 12 14 17 27 33 43 52 54 60 62
5 4 6 12 14 19
9 4 6 12 14 20 22 28 30 41
8 4 6 12 14 21 24 26 29
5 4 6 12 14 25
8 4 6 12 14 32 34 39 47
6 4 6 12 14 35 51
8 4 6 12 14 36 38 44 46
8 4 6 12 14 37 40 42 45
6 4 6 12 14 49 59
8 4 6 12 14 53 56 58 61
5 4 6 12 14 57
8 4 6 13 16 18 27 39 49
7 4 6 13 17 44 46 57
6 4 6 13 20 22 29
6 4 6 13 23 47 55
5 4 6 13 24 26
8 4 6 13 28 30 36 38 45
6 4 6 13 32 34 43
5 4 6 13 40 42
6 4 6 13 48 50 59
6 4 6 13 52 54 61
5 4 6 13 56 58
5 4 6 13 60 62
6 4 6 15 16 18 51
6 4 6 15 17 48 50
6 4 6 15 20 22 31
5 4 6 15 21 45
5 4 6 15 23 55
5 4 6 15 24 26
5 4 6 15 27 37
5 4 6 15 28 30
5 4 6 15 32 34
8 4 6 15 36 38 47 60 62
5 4 6 15 40 42
5 4 6 15 44 46
6 4 6 15 52 54 63
5 4 6 15 56 58
5 4 6 16 18 21
6 4 6 16 18 25 37
6 4 6 16 18 29 53
6 4 6 16 18 40 42
5 4 6 16 18 43
6 4 6 16 18 45 57
6 4 6 16 18 47 59
6 4 6 16 18 60 62
5 4 6 16 18 61
8 4 6 17 23 32 34 49 55
6 4 6 17 24 26 37
5 4 6 17 28 30
5 4 6 17 39 59
5 4 6 17 56 58
6 4 6 19 21 32 34
7 4 6 19 24 26 39 57
8 4 6 19 25 35 41 52 54
6 4 6 19 36 38 49
5 4 6 19 40 42
6 4 6 19 44 46 59
5 4 6 19 48 50
5 4 6 19 56 58
5 4 6 19 60 62
6 4 6 20 22 32 34
5 4 6 20 22 33
6 4 6 20 22 35 49
8 4 6 20 22 40 42 44 46
6 4 6 20 22 43 57
5 4 6 20 22 45
6 4 6 20 22 47 61
6 4 6 20 22 48 50
5 4 6 20 22 51
6 4 6 20 22 56 58
5 4 6 20 22 59
6 4 6 20 22 60 62
5 4 6 20 22 63
6 4 6 21 27 40 42
5 4 6 21 28 30
5 4 6 21 43 63
5 4 6 21 48 50
5 4 6 21 56 58
5 4 6 21 60 62
8 4 6 23 24 26 55 56 58
8 4 6 23 25 40 42 55 57
8 4 6 23 28 30 55 60 62
5 4 6 23 45 55
6 4 6 24 26 28 30
5 4 6 24 26 31
6 4 6 24 26 32 34
5 4 6 24 26 35
5 4 6 24 26 49
5 4 6 24 26 51
5 4 6 24 26 53
5 4 6 24 26 59
6 4 6 24 26 60 62
5 4 6 24 26 61
5 4 6 24 26 63
5 4 6 25 39 51
5 4 6 25 48 50
5 4 6 25 56 58
5 4 6 25 60 62
8 4 6 27 31 36 38 57 61
5 4 6 27 32 34
5 4 6 27 48 50
5 4 6 27 56 58
6 4 6 28 30 33 57
6 4 6 28 30 35 59
5 4 6 28 30 37
6 4 6 28 30 39 61
6 4 6 28 30 40 42
5 4 6 28 30 43
5 4 6 28 30 47
6 4 6 28 30 48 50
5 4 6 28 30 49
5 4 6 28 30 51
5 4 6 28 30 53
5 4 6 28 30 63
6 4 6 29 32 34 57
6 4 6 29 45 52 54
5 4 6 29 48 50
5 4 6 29 56 58
5 4 6 29 60 62
6 4 6 31 32 34 59
5 4 6 31 40 42
5 4 6 31 43 53
6 4 6 31 47 52 54
5 4 6 31 56 58
5 4 6 31 60 62
5 4 6 32 34 37
5 4 6 32 34 41
5 4 6 32 34 45
6 4 6 32 34 48 50
5 4 6 32 34 51
5 4 6 32 34 53
6 4 6 32 34 60 62
5 4 6 32 34 61
5 4 6 32 34 63
5 4 6 33 40 42
6 4 6 33 44 46 53
5 4 6 33 48 50
5 4 6 33 56 58
5 4 6 35 40 42
5 4 6 35 56 58
5 4 6 35 60 62
5 4 6 36 38 51
5 4 6 36 38 59
5 4 6 36 38 63
5 4 6 37 44 46
5 4 6 37 48 50
5 4 6 37 56 58
5 4 6 37 60 62
5 4 6 39 40 42
7 4 6 39 44 46 48 50
5 4 6 39 56 58
5 4 6 39 60 62
5 4 6 40 42 47
5 4 6 40 42 49
5 4 6 40 42 51
5 4 6 40 42 53
6 4 6 40 42 56 58
5 4 6 40 42 59
6 4 6 40 42 60 62
5 4 6 40 42 61
5 4 6 40 42 63
5 4 6 41 48 50
5 4 6 41 56 58
5 4 6 41 60 62
5 4 6 43 48 50
5 4 6 44 46 49
5 4 6 44 46 51
5 4 6 45 48 50
5 4 6 45 56 58
5 4 6 45 60 62
5 4 6 47 48 50
5 4 6 47 56 58
5 4 6 48 50 53
5 4 6 48 50 57
5 4 6 48 50 61
5 4 6 49 56 58
5 4 6 49 60 62
5 4 6 51 56 58
5 4 6 53 60 62
6 4 6 56 58 60 62
5 4 6 56 58 63
8 4 7 12 15 16 19 48 51
12 4 7 12 15 17 18 36 39 44 47 57 58
12 4 7 12 15 20 23 28 31 37 38 45 46
8 4 7 12 15 21 22 29 30
6 4 7 12 15 24 27
6 4 7 12 15 25 26
6 4 7 12 15 32 35
6 4 7 12 15 33 34
6 4 7 12 15 40 43
6 4 7 12 15 41 42
6 4 7 12 15 49 50
8 4 7 12 15 52 55 60 63
8 4 7 12 15 53 54 61 62
6 4 7 12 15 56 59
6 4 7 16 19 21 22
8 4 7 16 19 24 27 36 39
10 4 7 16 19 29 30 40 43 53 54
6 4 7 16 19 41 42
8 4 7 16 19 45 46 57 58
6 4 7 16 19 60 63
6 4 7 17 18 25 26
8 4 7 17 18 28 31 40 43
8 4 7 17 18 32 35 48 51
8 4 7 17 18 33 34 52 55
6 4 7 17 18 45 46
6 4 7 17 18 49 50
6 4 7 17 18 53 54
6 4 7 17 18 56 59
6 4 7 17 18 60 63
6 4 7 17 18 61 62
8 4 7 20 23 32 35 37 38
10 4 7 20 23 37 38 40 43 44 47
8 4 7 20 23 37 38 48 51
8 4 7 20 23 37 38 49 50
8 4 7 20 23 37 38 56 59
10 4 7 20 23 37 38 57 58 60 63
8 4 7 20 23 37 38 61 62
8 4 7 21 22 24 27 28 31
6 4 7 21 22 32 35
6 4 7 21 22 33 34
8 4 7 21 22 40 43 61 62
8 4 7 21 22 41 42 44 47
6 4 7 21 22 45 46
6 4 7 21 22 48 51
6 4 7 21 22 49 50
6 4 7 21 22 56 59
6 4 7 21 22 57 58
6 4 7 21 22 60 63
8 4 7 24 27 32 35 53 54
6 4 7 24 27 33 34
6 4 7 24 27 49 50
6 4 7 24 27 56 59
6 4 7 24 27 60 63
6 4 7 24 27 61 62
6 4 7 25 26 28 31
6 4 7 25 26 29 30
6 4 7 25 26 32 35
8 4 7 25 26 36 39 49 50
8 4 7 25 26 40 43 56 59
8 4 7 25 26 41 42 52 55
6 4 7 25 26 48 51
6 4 7 25 26 53 54
6 4 7 25 26 57 58
6 4 7 25 26 60 63
6 4 7 25 26 61 62
8 4 7 28 31 33 34 57 58
6 4 7 28 31 36 39
6 4 7 28 31 41 42
6 4 7 28 31 48 51
6 4 7 28 31 53 54
6 4 7 28 31 60 63
8 4 7 29 30 32 35 57 58
6 4 7 29 30 33 34
6 4 7 29 30 36 39
8 4 7 29 30 45 46 52 55
6 4 7 29 30 48 51
6 4 7 29 30 49 50
6 4 7 29 30 56 59
6 4 7 29 30 61 62
6 4 7 32 35 40 43
6 4 7 32 35 45 46
6 4 7 32 35 60 63
6 4 7 33 34 41 42
8 4 7 33 34 44 47 53 54
6 4 7 33 34 48 51
6 4 7 33 34 49 50
6 4 7 33 34 56 59
6 4 7 33 34 60 63
6 4 7 33 34 61 62
6 4 7 36 39 48 51
6 4 7 36 39 56 59
6 4 7 36 39 60 63
6 4 7 36 39 61 62
6 4 7 40 43 49 50
6 4 7 40 43 60 63
6 4 7 41 42 45 46
6 4 7 41 42 48 51
6 4 7 41 42 49 50
6 4 7 41 42 53 54
6 4 7 41 42 56 59
6 4 7 41 42 57 58
6 4 7 41 42 60 63
6 4 7 41 42 61 62
6 4 7 44 47 48 51
6 4 7 45 46 48 51
6 4 7 45 46 49 50
6 4 7 45 46 53 54
6 4 7 45 46 56 59
6 4 7 45 46 60 63
6 4 7 45 46 61 62
6 4 7 48 51 53 54
6 4 7 48 51 56 59
6 4 7 48 51 61 62
6 4 7 49 50 57 58
6 4 7 49 50 60 63
8 4 7 53 54 56 59 60 63
6 4 7 57 58 61 62
12 4 8 16 21 25 28 32 37 41 44 52 56
12 4 8 16 23 27 28 32 39 43 44 52 56
8 4 8 17 19 29 31 38 42
8 4 8 17 29 35 38 42 47
8 4 8 17 29 38 39 42 43
8 4 8 17 29 38 42 48 60
8 4 8 17 29 38 42 49 61
8 4 8 17 29 38 42 50 62
8 4 8 17 29 38 42 54 58
8 4 8 18 19 21 25 30 31
6 4 8 18 30 33 45
6 4 8 18 30 35 47
6 4 8 18 30 36 40
6 4 8 18 30 48 60
6 4 8 18 30 49 61
6 4 8 18 30 50 62
6 4 8 18 30 51 63
6 4 8 18 30 53 57
6 4 8 19 22 26 31
6 4 8 19 31 33 45
6 4 8 19 31 34 46
6 4 8 19 31 36 40
6 4 8 19 31 37 41
6 4 8 19 31 48 60
6 4 8 19 31 51 63
6 4 8 19 31 53 57
6 4 8 19 31 54 58
10 4 8 20 24 33 45 54 55 58 59
6 4 8 20 24 34 46
6 4 8 20 24 35 47
6 4 8 20 24 49 61
6 4 8 20 24 50 62
6 4 8 20 24 51 63
6 4 8 20 24 53 57
6 4 8 21 23 25 27
8 4 8 21 25 33 45 49 61
6 4 8 21 25 35 47
6 4 8 21 25 36 40
6 4 8 21 25 39 43
6 4 8 21 25 48 60
6 4 8 21 25 50 62
6 4 8 21 25 53 57
6 4 8 21 25 54 58
6 4 8 22 23 26 27
8 4 8 22 26 34 46 50 62
6 4 8 22 26 35 47
6 4 8 22 26 36 40
6 4 8 22 26 37 41
6 4 8 22 26 39 43
6 4 8 22 26 48 60
6 4 8 22 26 49 61
6 4 8 22 26 51 63
6 4 8 22 26 54 58
6 4 8 22 26 55 59
6 4 8 23 27 33 45
8 4 8 23 27 34 46 53 57
8 4 8 23 27 35 47 51 63
6 4 8 23 27 36 40
6 4 8 23 27 48 60
6 4 8 23 27 49 61
6 4 8 23 27 50 62
6 4 8 23 27 54 58
6 4 8 33 35 45 47
6 4 8 33 45 48 60
6 4 8 33 45 50 62
6 4 8 33 45 51 63
8 4 8 34 35 37 41 46 47
6 4 8 34 46 48 60
6 4 8 34 46 49 61
6 4 8 35 47 48 60
6 4 8 35 47 53 57
6 4 8 35 47 54 58
6 4 8 36 40 49 61
6 4 8 36 40 50 62
6 4 8 36 40 51 63
8 4 8 36 40 53 55 57 59
6 4 8 36 40 54 58
6 4 8 37 39 41 43
6 4 8 37 41 48 60
6 4 8 37 41 49 61
6 4 8 37 41 50 62
6 4 8 37 41 51 63
6 4 8 37 41 53 57
6 4 8 37 41 54 58
6 4 8 37 41 55 59
6 4 8 39 43 48 60
6 4 8 39 43 49 61
6 4 8 39 43 50 62
6 4 8 39 43 51 63
6 4 8 39 43 53 57
6 4 8 39 43 54 58
6 4 8 48 53 57 60
6 4 8 48 55 59 60
6 4 8 49 51 61 63
8 4 8 50 51 53 57 62 63
6 4 8 51 54 58 63
8 4 9 11 16 26 33 35 38
6 4 9 11 17 19 22
6 4 9 11 20 25 27
5 4 9 11 21 23
6 4 9 11 24 46 56
6 4 9 11 29 31 44
5 4 9 11 32 42
8 4 9 11 36 41 43 53 55
5 4 9 11 37 39
5 4 9 11 45 47
5 4 9 11 48 58
6 4 9 11 49 51 54
6 4 9 11 52 57 59
5 4 9 11 61 63
10 4 9 12 16 26 33 38 46 48 58
6 4 9 12 17 22 30
5 4 9 12 18 35
6 4 9 12 20 25 28
8 4 9 12 21 29 36 41 44
5 4 9 12 23 31
5 4 9 12 32 42
5 4 9 12 37 45
5 4 9 12 39 47
6 4 9 12 43 55 63
6 4 9 12 49 54 62
6 4 9 12 52 57 60
5 4 9 12 53 61
10 4 9 13 16 26 30 33 38 49 54
9 4 9 13 17 22 34 43 47 55
6 4 9 13 18 27 31
8 4 9 13 20 25 29 40 44
8 4 9 13 21 37 52 57 61
5 4 9 13 24 28
6 4 9 13 32 42 46
6 4 9 13 36 41 45
6 4 9 13 48 58 62
6 4 9 13 50 59 63
5 4 9 13 56 60
8 4 9 15 16 26 33 38 51
5 4 9 15 17 22
8 4 9 15 20 25 31 48 58
5 4 9 15 21 39
5 4 9 15 24 60
5 4 9 15 29 44
5 4 9 15 32 42
6 4 9 15 36 41 47
5 4 9 15 43 55
5 4 9 15 49 54
6 4 9 15 52 57 63
8 4 9 16 26 27 33 38 39
7 4 9 16 26 33 38 40
8 4 9 16 26 33 38 47 59
7 4 9 16 26 33 38 60
7 4 9 16 26 33 38 61
7 4 9 16 26 33 38 62
7 4 9 16 26 33 38 63
5 4 9 17 22 23
6 4 9 17 22 24 37
5 4 9 17 22 31
6 4 9 17 22 36 41
6 4 9 17 22 39 51
5 4 9 17 22 40
7 4 9 17 22 46 49 54
6 4 9 17 22 48 58
5 4 9 17 22 50
5 4 9 17 22 59
5 4 9 17 22 60
5 4 9 17 22 61
5 4 9 17 22 62
5 4 9 17 22 63
5 4 9 18 28 61
7 4 9 18 29 44 48 58
5 4 9 18 32 42
6 4 9 18 34 52 57
6 4 9 18 45 49 54
5 4 9 18 46 50
5 4 9 18 47 51
7 4 9 19 24 39 49 54
6 4 9 19 29 44 59
5 4 9 19 32 42
6 4 9 19 35 52 57
5 4 9 19 36 41
5 4 9 19 40 50
5 4 9 19 46 51
5 4 9 19 48 58
10 4 9 20 25 32 42 43 49 54 55
5 4 9 20 25 35
5 4 9 20 25 39
6 4 9 20 25 45 60
5 4 9 20 25 47
5 4 9 20 25 50
5 4 9 20 25 51
6 4 9 20 25 53 59
5 4 9 20 25 56
5 4 9 20 25 61
5 4 9 20 25 63
5 4 9 21 27 34
5 4 9 21 28 40
8 4 9 21 30 32 42 48 58
5 4 9 21 46 53
5 4 9 21 49 54
5 4 9 23 24 53
5 4 9 23 28 51
5 4 9 23 32 42
5 4 9 23 36 41
6 4 9 23 40 49 54
5 4 9 23 48 58
7 4 9 24 30 31 45 61
5 4 9 24 35 50
5 4 9 24 47 62
6 4 9 27 32 42 50
7 4 9 27 36 41 49 54
5 4 9 27 46 59
6 4 9 28 34 48 58
5 4 9 28 35 59
5 4 9 28 36 41
6 4 9 28 43 55 62
5 4 9 28 46 60
5 4 9 28 49 54
7 4 9 29 34 44 49 54
5 4 9 29 37 44
5 4 9 29 39 44
5 4 9 29 44 50
5 4 9 29 44 51
5 4 9 30 34 50
5 4 9 30 35 51
5 4 9 30 37 53
5 4 9 30 40 56
6 4 9 31 32 42 59
5 4 9 31 34 51
5 4 9 31 36 41
5 4 9 31 40 62
5 4 9 31 46 63
6 4 9 31 47 52 57
5 4 9 31 49 54
5 4 9 32 42 51
5 4 9 32 42 60
5 4 9 32 42 61
5 4 9 32 42 62
5 4 9 32 42 63
5 4 9 35 48 58
5 4 9 35 49 54
6 4 9 36 41 48 58
5 4 9 36 41 50
5 4 9 36 41 51
5 4 9 36 41 56
5 4 9 36 41 59
5 4 9 36 41 60
5 4 9 36 41 61
5 4 9 36 41 63
5 4 9 37 43 55
5 4 9 37 48 58
5 4 9 37 49 54
5 4 9 39 48 58
5 4 9 40 46 47
5 4 9 43 55 56
5 4 9 43 55 60
5 4 9 45 48 58
5 4 9 47 48 58
5 4 9 47 49 54
5 4 9 48 58 59
5 4 9 49 54 56
5 4 9 49 54 63
5 4 9 56 62 63
7 4 10 11 16 21 34 35
5 4 10 11 18 19
8 4 10 11 20 26 27 54 55
5 4 10 11 22 23
5 4 10 11 24 45
8 4 10 11 25 41 52 58 59
6 4 10 11 30 31 44
5 4 10 11 32 37
6 4 10 11 36 42 43
5 4 10 11 38 39
5 4 10 11 40 56
5 4 10 11 46 47
5 4 10 11 48 53
5 4 10 11 50 51
5 4 10 11 62 63
6 4 10 12 16 34 48
5 4 10 12 17 32
6 4 10 12 20 26 28
5 4 10 12 21 29
8 4 10 12 22 30 36 42 44
6 4 10 12 23 31 51
6 4 10 12 27 55 63
5 4 10 12 37 45
6 4 10 12 38 46 57
5 4 10 12 39 47
6 4 10 12 52 58 60
5 4 10 12 53 61
5 4 10 12 54 62
7 4 10 13 16 34 43 49
8 4 10 13 17 33 52 58 61
7 4 10 13 18 27 47 55
6 4 10 13 20 26 29
5 4 10 13 21 24
7 4 10 13 22 28 37 40
6 4 10 13 30 38 44
6 4 10 13 36 42 45
5 4 10 13 50 59
5 4 10 13 53 56
5 4 10 13 54 60
6 4 10 15 16 34 51
5 4 10 15 17 35
7 4 10 15 20 26 31 57
5 4 10 15 22 39
5 4 10 15 25 45
5 4 10 15 27 55
5 4 10 15 30 44
6 4 10 15 36 42 47
5 4 10 15 38 48
5 4 10 15 40 60
6 4 10 15 52 58 63
6 4 10 16 29 34 53
5 4 10 16 34 41
6 4 10 16 34 45 57
6 4 10 16 34 47 59
5 4 10 16 34 60
5 4 10 16 34 61
5 4 10 16 34 62
5 4 10 16 34 63
5 4 10 17 24 37
6 4 10 17 30 44 57
5 4 10 17 46 53
5 4 10 17 47 48
5 4 10 18 33 40
5 4 10 18 36 42
5 4 10 18 39 48
5 4 10 18 43 62
5 4 10 18 45 53
6 4 10 19 24 39 53
6 4 10 19 30 44 59
6 4 10 19 35 52 58
5 4 10 19 36 42
5 4 10 19 40 49
5 4 10 19 45 48
6 4 10 20 26 32 50
5 4 10 20 26 35
5 4 10 20 26 39
6 4 10 20 26 43 53
6 4 10 20 26 46 60
5 4 10 20 26 47
5 4 10 20 26 48
5 4 10 20 26 49
5 4 10 20 26 51
5 4 10 20 26 56
5 4 10 20 26 59
5 4 10 20 26 61
5 4 10 20 26 62
5 4 10 20 26 63
8 4 10 21 31 37 47 52 58
6 4 10 21 36 42 57
5 4 10 21 39 51
6 4 10 22 27 33 55
5 4 10 22 29 41
5 4 10 22 31 43
5 4 10 22 32 48
5 4 10 23 28 48
7 4 10 23 30 43 44 50
5 4 10 23 36 42
5 4 10 24 35 49
5 4 10 24 46 62
5 4 10 24 47 61
8 4 10 25 27 36 42 53 55
5 4 10 25 30 44
5 4 10 25 47 56
6 4 10 27 28 55 62
5 4 10 27 37 55
5 4 10 27 41 55
6 4 10 27 45 55 56
5 4 10 27 55 60
5 4 10 28 33 57
5 4 10 28 35 59
5 4 10 28 36 42
5 4 10 28 38 45
5 4 10 28 43 61
5 4 10 29 32 57
5 4 10 29 35 48
5 4 10 29 43 56
6 4 10 30 33 44 53
5 4 10 30 37 44
5 4 10 30 39 44
5 4 10 30 44 48
5 4 10 30 44 49
5 4 10 30 44 51
5 4 10 31 32 59
5 4 10 31 33 48
5 4 10 31 36 42
5 4 10 31 38 63
5 4 10 31 41 56
5 4 10 31 45 60
5 4 10 35 40 50
5 4 10 36 42 48
5 4 10 36 42 49
5 4 10 36 42 50
5 4 10 36 42 51
5 4 10 36 42 54
5 4 10 36 42 56
5 4 10 36 42 59
5 4 10 36 42 60
5 4 10 36 42 61
5 4 10 36 42 62
5 4 10 36 42 63
6 4 10 38 43 54 59
5 4 10 39 40 54
5 4 10 40 47 62
6 4 11 12 16 35 48
6 4 11 12 18 33 56
6 4 11 12 20 27 28
5 4 11 12 21 29
5 4 11 12 22 30
8 4 11 12 23 31 36 43 44
5 4 11 12 37 45
5 4 11 12 38 46
5 4 11 12 39 47
6 4 11 12 52 59 60
5 4 11 12 53 61
5 4 11 12 54 62
5 4 11 12 55 63
6 4 11 15 16 35 51
6 4 11 15 17 34 55
5 4 11 15 18 48
8 4 11 15 20 27 31 40 44
6 4 11 15 22 41 45
8 4 11 15 23 39 52 59 63
5 4 11 15 24 28
5 4 11 15 25 29
5 4 11 15 26 30
6 4 11 15 36 43 47
5 4 11 15 42 46
5 4 11 15 56 60
5 4 11 15 57 61
5 4 11 15 58 62
5 4 11 16 22 35
6 4 11 16 25 35 37
6 4 11 16 29 35 53
6 4 11 16 30 35 54
5 4 11 16 35 40
5 4 11 16 35 41
5 4 11 16 35 42
6 4 11 16 35 45 57
6 4 11 16 35 46 58
5 4 11 16 35 60
5 4 11 16 35 63
6 4 11 17 31 44 57
6 4 11 17 33 52 59
5 4 11 17 36 43
6 4 11 17 39 54 56
5 4 11 17 47 53
6 4 11 18 31 44 58
6 4 11 18 34 52 59
5 4 11 18 36 43
5 4 11 18 39 53
5 4 11 18 47 54
5 4 11 19 24 39
5 4 11 19 34 41
5 4 11 19 36 43
5 4 11 19 45 53
5 4 11 19 46 54
6 4 11 20 27 32 51
5 4 11 20 27 33
5 4 11 20 27 34
5 4 11 20 27 45
5 4 11 20 27 46
6 4 11 20 27 47 60
5 4 11 20 27 48
5 4 11 20 27 49
5 4 11 20 27 50
5 4 11 20 27 53
5 4 11 20 27 58
5 4 11 20 27 61
5 4 11 20 27 62
5 4 11 20 27 63
5 4 11 21 36 43
6 4 11 21 37 52 59
5 4 11 21 39 50
6 4 11 22 31 42 44
5 4 11 22 36 43
5 4 11 22 37 56
5 4 11 22 39 49
5 4 11 23 28 40
5 4 11 23 32 48
5 4 11 23 53 56
5 4 11 24 47 63
5 4 11 24 55 58
5 4 11 25 31 44
5 4 11 25 36 43
5 4 11 25 40 62
5 4 11 25 42 55
5 4 11 26 36 43
5 4 11 26 40 61
6 4 11 26 42 52 59
5 4 11 28 33 57
5 4 11 28 34 58
5 4 11 28 36 43
5 4 11 28 38 45
5 4 11 29 32 57
5 4 11 29 36 43
5 4 11 29 40 58
6 4 11 29 45 52 59
5 4 11 30 32 58
5 4 11 30 36 43
6 4 11 30 40 55 57
6 4 11 30 46 52 59
6 4 11 31 33 44 53
6 4 11 31 34 44 54
5 4 11 31 37 44
5 4 11 31 38 44
5 4 11 31 39 44
5 4 11 31 44 48
5 4 11 31 44 51
5 4 11 32 41 54
5 4 11 36 43 48
5 4 11 36 43 49
5 4 11 36 43 50
5 4 11 36 43 51
5 4 11 36 43 54
5 4 11 36 43 57
5 4 11 36 43 60
5 4 11 36 43 61
5 4 11 36 43 62
5 4 11 36 43 63
5 4 11 38 47 57
8 4 12 16 21 29 48 53 61
8 4 12 16 22 30 48 54 62
8 4 12 16 25 37 45 48 57
8 4 12 16 27 39 47 48 59
5 4 12 16 41 48
5 4 12 16 42 48
5 4 12 16 43 48
7 4 12 17 23 31 53 61
6 4 12 17 24 37 45
5 4 12 17 26 50
5 4 12 17 35 41
5 4 12 18 21 29
6 4 12 18 34 52 60
5 4 12 18 37 45
5 4 12 18 53 61
5 4 12 18 54 62
5 4 12 19 21 29
5 4 12 19 22 30
6 4 12 19 24 39 47
5 4 12 19 34 57
6 4 12 19 35 52 60
6 4 12 19 36 44 59
5 4 12 19 37 45
5 4 12 19 38 46
5 4 12 19 53 61
5 4 12 19 54 62
7 4 12 20 28 33 51 57
6 4 12 20 28 34 58
6 4 12 20 28 35 59
6 4 12 20 28 39 47
5 4 12 20 28 42
5 4 12 20 28 43
5 4 12 20 28 49
5 4 12 20 28 50
6 4 12 20 28 53 61
8 4 12 20 28 54 55 62 63
6 4 12 21 29 32 57
5 4 12 21 29 33
5 4 12 21 29 35
8 4 12 21 29 37 45 52 60
6 4 12 21 29 39 47
5 4 12 21 29 40
5 4 12 21 29 43
5 4 12 21 29 49
5 4 12 21 29 50
6 4 12 21 29 54 62
5 4 12 21 29 56
5 4 12 21 29 58
6 4 12 22 23 30 31
5 4 12 22 24 30
6 4 12 22 30 32 58
5 4 12 22 30 33
5 4 12 22 30 34
5 4 12 22 30 35
6 4 12 22 30 37 45
6 4 12 22 30 39 47
5 4 12 22 30 40
6 4 12 22 30 43 51
5 4 12 22 30 49
5 4 12 22 30 50
6 4 12 22 30 55 63
5 4 12 22 30 56
5 4 12 22 30 57
5 4 12 22 30 59
5 4 12 23 24 31
5 4 12 23 25 31
5 4 12 23 26 31
6 4 12 23 31 32 59
5 4 12 23 31 33
5 4 12 23 31 34
5 4 12 23 31 35
8 4 12 23 31 39 47 52 60
5 4 12 23 31 40
5 4 12 23 31 41
5 4 12 23 31 42
5 4 12 23 31 49
6 4 12 23 31 54 62
5 4 12 23 31 56
5 4 12 23 31 57
5 4 12 23 31 58
5 4 12 24 33 50
5 4 12 24 53 61
5 4 12 24 54 62
6 4 12 24 55 58 63
5 4 12 25 36 44
5 4 12 25 39 47
6 4 12 25 41 52 60
5 4 12 25 53 61
5 4 12 25 54 62
5 4 12 26 39 47
6 4 12 26 42 52 60
5 4 12 26 53 61
5 4 12 26 54 62
5 4 12 26 55 63
5 4 12 27 34 49
5 4 12 27 36 44
5 4 12 27 37 45
6 4 12 27 38 40 46
5 4 12 27 53 61
5 4 12 32 37 45
5 4 12 32 38 46
6 4 12 32 49 55 63
5 4 12 32 53 61
5 4 12 32 54 62
5 4 12 33 39 47
5 4 12 34 37 45
5 4 12 34 53 61
5 4 12 35 37 45
5 4 12 35 38 46
5 4 12 35 54 62
5 4 12 36 44 49
6 4 12 36 44 50 51
5 4 12 37 45 49
5 4 12 37 45 50
6 4 12 37 45 51 58
6 4 12 37 45 53 61
6 4 12 37 45 54 62
6 4 12 37 45 55 63
5 4 12 37 45 56
5 4 12 37 45 59
6 4 12 38 39 46 47
5 4 12 38 46 49
5 4 12 38 46 50
6 4 12 38 46 54 62
5 4 12 38 46 56
5 4 12 39 40 47
5 4 12 39 41 47
5 4 12 39 42 47
5 4 12 39 47 49
5 4 12 39 47 50
5 4 12 39 47 51
6 4 12 39 47 53 61
6 4 12 39 47 54 62
5 4 12 39 47 56
6 4 12 40 51 53 61
5 4 12 40 54 62
6 4 12 40 55 57 63
5 4 12 41 53 61
5 4 12 41 54 62
5 4 12 41 55 63
5 4 12 42 53 61
5 4 12 42 54 62
5 4 12 43 53 61
5 4 12 50 53 61
5 4 12 51 54 62
5 4 12 54 56 62
5 4 12 55 56 63
6 4 13 15 16 49 51
5 4 13 15 17 19
6 4 13 15 18 25 27
6 4 13 15 20 29 31
5 4 13 15 21 23
5 4 13 15 24 46
5 4 13 15 28 60
5 4 13 15 30 38
5 4 13 15 33 35
6 4 13 15 34 41 43
8 4 13 15 36 45 47 53 55
5 4 13 15 37 39
5 4 13 15 44 48
6 4 13 15 50 57 59
6 4 13 15 52 61 63
6 4 13 16 21 42 49
5 4 13 16 22 49
6 4 13 16 23 49 60
8 4 13 16 24 36 45 49 57
5 4 13 16 40 49
5 4 13 16 41 49
5 4 13 17 32 54
5 4 13 17 36 45
5 4 13 17 50 59
6 4 13 18 19 26 27
5 4 13 18 21 27
7 4 13 18 27 28 33 57
5 4 13 18 27 32
8 4 13 18 27 34 43 52 61
5 4 13 18 27 35
6 4 13 18 27 36 45
5 4 13 18 27 40
6 4 13 18 27 44 58
5 4 13 18 27 46
5 4 13 18 27 48
6 4 13 18 27 50 59
5 4 13 18 27 53
5 4 13 18 27 54
5 4 13 18 27 56
5 4 13 18 27 60
5 4 13 18 27 62
5 4 13 18 27 63
5 4 13 19 24 39
5 4 13 19 30 38
5 4 13 19 34 43
5 4 13 19 36 45
6 4 13 20 29 32 57
5 4 13 20 29 33
6 4 13 20 29 34 43
5 4 13 20 29 35
5 4 13 20 29 39
8 4 13 20 29 46 47 54 55
5 4 13 20 29 48
6 4 13 20 29 50 59
5 4 13 20 29 51
5 4 13 20 29 56
5 4 13 20 29 58
5 4 13 20 29 60
5 4 13 20 29 62
5 4 13 21 34 43
5 4 13 21 36 45
5 4 13 21 41 44
5 4 13 21 46 62
5 4 13 21 50 59
5 4 13 22 33 62
5 4 13 22 36 45
5 4 13 22 42 44
5 4 13 22 50 59
5 4 13 23 28 53
7 4 13 23 34 43 44 54
5 4 13 23 36 45
6 4 13 23 39 52 61
5 4 13 23 50 59
5 4 13 24 31 33
6 4 13 24 47 55 58
5 4 13 24 50 59
5 4 13 24 51 53
6 4 13 25 33 50 59
6 4 13 25 36 45 56
6 4 13 25 41 52 61
6 4 13 25 42 47 55
5 4 13 26 28 41
5 4 13 26 34 43
6 4 13 26 42 52 61
5 4 13 26 47 55
5 4 13 26 50 59
6 4 13 28 34 43 58
5 4 13 28 39 54
6 4 13 30 31 38 39
6 4 13 30 32 38 58
5 4 13 30 35 38
5 4 13 30 38 40
5 4 13 30 38 48
6 4 13 30 38 50 59
5 4 13 30 38 51
5 4 13 30 38 56
5 4 13 30 38 57
5 4 13 30 38 62
5 4 13 30 38 63
6 4 13 31 34 37 43
6 4 13 31 36 45 54
5 4 13 31 40 58
6 4 13 32 37 48 53
5 4 13 33 44 53
6 4 13 34 35 42 43
5 4 13 34 43 48
6 4 13 34 43 50 59
5 4 13 34 43 51
5 4 13 34 43 53
5 4 13 34 43 56
5 4 13 34 43 57
5 4 13 34 43 60
5 4 13 34 43 62
5 4 13 34 43 63
5 4 13 36 45 48
6 4 13 36 45 50 59
5 4 13 36 45 51
5 4 13 36 45 58
5 4 13 36 45 60
5 4 13 36 45 62
5 4 13 36 45 63
5 4 13 37 50 59
5 4 13 39 50 59
6 4 13 40 47 55 57
5 4 13 40 50 59
5 4 13 41 47 55
5 4 13 41 50 59
5 4 13 42 50 59
5 4 13 46 50 59
5 4 13 47 48 55
5 4 13 47 55 60
6 4 13 50 51 58 59
5 4 13 50 53 59
5 4 13 50 59 60
7 4 14 16 22 31 50 55
12 4 14 16 24 29 31 36 46 50 53 55 58
9 4 14 16 25 31 37 42 50 55
9 4 14 16 31 40 45 50 55 57
7 4 14 16 31 50 55 60
6 4 14 17 19 25 27
7 4 14 17 27 28 36 46
6 4 14 17 27 32 47
6 4 14 17 27 40 45
6 4 14 17 27 44 57
6 4 14 17 27 48 63
6 4 14 17 27 49 59
5 4 14 17 27 51
6 4 14 17 27 53 58
6 4 14 17 27 56 61
6 4 14 18 21 23 26
5 4 14 18 23 25
5 4 14 18 23 28
6 4 14 18 23 32 47
9 4 14 18 23 33 43 44 53 58
8 4 14 18 23 34 39 52 62
6 4 14 18 23 36 46
6 4 14 18 23 40 45
6 4 14 18 23 49 59
5 4 14 18 23 51
5 4 14 18 23 54
6 4 14 18 23 56 61
5 4 14 18 23 57
5 4 14 18 23 60
5 4 14 19 21 26
7 4 14 19 24 29 34 39
5 4 14 19 33 43
5 4 14 19 36 46
5 4 14 19 37 42
5 4 14 19 40 45
5 4 14 19 48 63
5 4 14 19 53 58
9 4 14 20 30 32 41 47 53 58
8 4 14 20 30 33 35 41 43
7 4 14 20 30 34 39 41
7 4 14 20 30 41 48 63
7 4 14 20 30 41 49 59
7 4 14 20 30 41 56 61
6 4 14 20 30 41 60
5 4 14 21 26 28
6 4 14 21 26 32 47
6 4 14 21 26 34 39
5 4 14 21 26 35
8 4 14 21 26 36 46 56 61
8 4 14 21 26 37 42 52 62
6 4 14 21 26 48 63
6 4 14 21 26 49 59
5 4 14 21 26 51
6 4 14 21 26 53 58
5 4 14 21 26 54
5 4 14 21 26 57
5 4 14 21 26 60
5 4 14 22 24 29
5 4 14 22 32 47
7 4 14 22 33 43 49 59
5 4 14 22 34 39
5 4 14 22 36 46
6 4 14 22 37 42 44
5 4 14 22 40 45
5 4 14 22 48 63
5 4 14 22 56 61
7 4 14 24 29 32 47 57
5 4 14 24 29 35
6 4 14 24 29 49 59
5 4 14 24 29 51
5 4 14 24 29 54
6 4 14 24 29 56 61
5 4 14 24 29 60
5 4 14 25 32 47
5 4 14 25 33 43
5 4 14 25 40 45
5 4 14 25 48 63
5 4 14 25 49 59
5 4 14 25 53 58
5 4 14 25 56 61
6 4 14 28 33 43 57
7 4 14 28 34 39 53 58
5 4 14 28 37 42
6 4 14 28 38 40 45
5 4 14 28 48 63
8 4 14 32 38 47 48 54 63
6 4 14 32 40 45 47
5 4 14 32 47 51
5 4 14 32 47 60
6 4 14 33 43 48 63
5 4 14 33 43 51
6 4 14 33 43 56 61
6 4 14 34 37 39 42
6 4 14 34 39 44 54
6 4 14 34 39 48 63
6 4 14 34 39 49 59
5 4 14 34 39 51
6 4 14 34 39 56 61
5 4 14 34 39 57
5 4 14 34 39 60
5 4 14 35 37 42
7 4 14 35 40 45 53 58
5 4 14 35 48 63
6 4 14 36 46 48 63
6 4 14 36 46 49 59
5 4 14 36 46 51
5 4 14 36 46 60
6 4 14 37 42 48 63
6 4 14 37 42 49 59
5 4 14 37 42 51
6 4 14 37 42 53 58
5 4 14 37 42 54
6 4 14 37 42 56 61
5 4 14 37 42 57
5 4 14 37 42 60
5 4 14 38 49 59
5 4 14 38 56 61
6 4 14 40 45 49 59
5 4 14 40 45 51
5 4 14 40 45 54
6 4 14 40 45 56 61
5 4 14 40 45 60
6 4 14 48 56 61 63
5 4 14 48 57 63
6 4 14 49 51 57 59
5 4 14 49 59 60
5 4 14 51 53 58
5 4 14 51 56 61
5 4 14 53 58 60
5 4 14 54 56 61
5 4 15 16 21 51
5 4 15 16 22 51
8 4 15 16 24 36 47 51 59
6 4 15 16 25 37 51
6 4 15 16 29 51 53
5 4 15 16 40 51
5 4 15 16 42 51
5 4 15 16 43 51
6 4 15 16 45 51 57
6 4 15 16 46 51 58
5 4 15 16 51 61
5 4 15 16 51 62
5 4 15 17 24 37
6 4 15 17 33 52 63
6 4 15 18 33 59 60
6 4 15 18 34 52 63
5 4 15 19 33 58
5 4 15 19 34 45
6 4 15 19 35 52 63
5 4 15 19 36 47
5 4 15 19 44 59
5 4 15 19 49 60
6 4 15 20 31 32 59
5 4 15 20 31 33
5 4 15 20 31 34
5 4 15 20 31 35
5 4 15 20 31 49
5 4 15 20 31 53
5 4 15 20 31 56
5 4 15 20 31 62
5 4 15 21 36 47
6 4 15 21 37 52 63
5 4 15 21 41 44
6 4 15 21 43 48 54
5 4 15 22 36 47
5 4 15 22 37 60
5 4 15 22 42 44
5 4 15 23 34 48
5 4 15 23 36 47
5 4 15 23 43 44
5 4 15 23 53 60
5 4 15 24 55 58
5 4 15 25 36 47
6 4 15 25 41 52 63
5 4 15 25 42 55
5 4 15 26 36 47
5 4 15 26 41 60
6 4 15 26 42 52 63
5 4 15 27 33 50
6 4 15 27 36 47 56
5 4 15 27 42 45
5 4 15 27 57 60
5 4 15 28 33 57
5 4 15 28 34 58
5 4 15 28 35 59
5 4 15 28 36 47
5 4 15 28 39 40
5 4 15 28 55 62
5 4 15 29 32 57
5 4 15 29 36 47
5 4 15 29 39 41
5 4 15 29 46 55
5 4 15 30 32 58
5 4 15 30 36 47
5 4 15 30 39 42
5 4 15 30 40 61
6 4 15 30 46 52 63
5 4 15 33 44 53
5 4 15 34 44 54
5 4 15 35 50 60
5 4 15 36 47 48
5 4 15 36 47 49
5 4 15 36 47 50
5 4 15 36 47 54
5 4 15 36 47 61
5 4 15 39 54 60
5 4 15 40 55 57
5 4 15 43 58 60
5 4 15 46 48 57
5 4 16 21 24 36
5 4 16 21 27 39
5 4 16 21 30 54
5 4 16 21 45 57
5 4 16 21 46 58
5 4 16 21 47 59
5 4 16 22 24 36
5 4 16 22 27 39
5 4 16 22 46 58
5 4 16 22 47 59
5 4 16 23 24 36
5 4 16 23 30 54
5 4 16 23 45 57
5 4 16 23 46 58
5 4 16 23 47 59
6 4 16 24 30 36 54
5 4 16 24 36 61
5 4 16 24 36 62
5 4 16 24 36 63
6 4 16 25 27 37 39
6 4 16 25 29 37 53
8 4 16 25 30 37 47 54 59
5 4 16 25 37 40
5 4 16 25 37 43
5 4 16 25 37 60
5 4 16 25 37 61
5 4 16 25 37 62
5 4 16 25 37 63
5 4 16 27 39 40
5 4 16 27 39 41
5 4 16 27 39 42
6 4 16 27 39 46 58
5 4 16 27 39 60
5 4 16 27 39 61
5 4 16 27 39 62
5 4 16 27 39 63
6 4 16 29 47 53 59
5 4 16 29 53 60
5 4 16 29 53 62
5 4 16 30 54 60
5 4 16 30 54 61
5 4 16 30 54 63
5 4 16 40 46 58
5 4 16 40 47 59
6 4 16 41 45 57 61
5 4 16 41 46 58
5 4 16 41 47 59
6 4 16 42 46 58 62
5 4 16 42 47 59
6 4 16 43 47 59 63
6 4 16 45 47 57 59
5 4 16 45 57 60
5 4 16 45 57 62
5 4 16 45 57 63
6 4 16 46 47 58 59
5 4 16 46 58 60
5 4 16 46 58 61
5 4 16 46 58 63
5 4 16 47 59 60
7 4 17 19 24 37 39 46
6 4 17 19 33 35 52
5 4 17 19 41 43
6 4 17 19 44 57 59
5 4 17 19 45 47
5 4 17 19 49 51
5 4 17 19 61 63
6 4 17 23 33 39 52
5 4 17 23 40 46
6 4 17 23 43 44 57
5 4 17 23 47 54
5 4 17 23 56 62
9 4 17 24 28 34 37 55 58 62
5 4 17 24 31 37
5 4 17 24 32 37
5 4 17 24 35 37
5 4 17 24 37 47
6 4 17 24 37 49 56
6 4 17 24 37 51 54
5 4 17 24 37 53
5 4 17 24 37 59
5 4 17 24 37 60
5 4 17 24 37 61
5 4 17 24 37 63
5 4 17 25 32 40
6 4 17 25 33 41 52
5 4 17 25 35 43
6 4 17 25 44 49 57
5 4 17 25 48 56
5 4 17 25 50 58
6 4 17 26 30 34 55
5 4 17 26 31 35
5 4 17 26 43 51
5 4 17 26 49 58
5 4 17 28 35 59
5 4 17 28 49 60
6 4 17 30 32 58 60
6 4 17 30 33 46 52
5 4 17 30 47 51
5 4 17 30 49 62
5 4 17 31 32 59
6 4 17 31 33 47 52
5 4 17 31 49 63
5 4 17 32 39 63
5 4 17 32 46 61
6 4 17 34 41 45 55
5 4 17 34 48 55
6 4 17 34 55 56 60
5 4 17 35 58 63
5 4 17 36 54 59
5 4 17 39 53 62
5 4 17 40 50 60
5 4 17 41 50 61
5 4 17 41 51 58
5 4 17 43 50 63
5 4 17 44 48 57
5 4 17 44 51 57
5 4 17 45 51 62
5 4 18 19 33 49
6 4 18 19 34 35 52
7 4 18 19 37 44 58 59
5 4 18 19 42 43
5 4 18 19 46 47
5 4 18 19 50 51
5 4 18 19 62 63
6 4 18 21 34 37 52
5 4 18 21 36 48
5 4 18 21 39 42
5 4 18 21 43 47
5 4 18 21 50 53
5 4 18 21 51 57
6 4 18 25 28 35 59
6 4 18 25 42 45 55
5 4 18 25 44 58
5 4 18 25 50 57
6 4 18 26 29 46 55
5 4 18 26 32 40
6 4 18 26 34 42 52
5 4 18 26 35 43
5 4 18 26 48 56
5 4 18 26 49 57
5 4 18 26 51 59
5 4 18 28 37 47
5 4 18 28 50 60
5 4 18 29 32 57
6 4 18 29 34 45 52
5 4 18 29 50 61
5 4 18 31 32 59
7 4 18 31 33 39 54 61
6 4 18 31 34 47 52
5 4 18 32 39 60
5 4 18 32 49 55
5 4 18 33 35 50
5 4 18 33 47 62
5 4 18 35 37 54
5 4 18 35 45 62
5 4 18 35 57 60
6 4 18 36 53 55 56
6 4 18 37 40 55 57
5 4 18 42 48 57
5 4 18 43 49 60
5 4 18 44 49 58
5 4 18 44 51 58
5 4 18 46 48 61
5 4 19 21 24 39
6 4 19 21 35 37 52
6 4 19 21 41 44 59
5 4 19 21 51 53
5 4 19 22 24 39
5 4 19 22 37 49
6 4 19 22 42 44 59
5 4 19 22 51 54
6 4 19 24 30 33 39
5 4 19 24 32 39
5 4 19 24 39 50
6 4 19 24 39 51 56
5 4 19 24 39 60
5 4 19 24 39 61
5 4 19 24 39 62
5 4 19 24 39 63
5 4 19 25 44 59
5 4 19 25 50 53
5 4 19 25 51 57
5 4 19 26 29 47
6 4 19 26 35 42 52
5 4 19 26 41 49
5 4 19 26 51 58
5 4 19 27 32 40
5 4 19 27 33 41
5 4 19 27 34 42
6 4 19 27 35 43 52
6 4 19 27 44 51 59
5 4 19 27 48 56
5 4 19 27 49 57
5 4 19 27 50 58
5 4 19 29 32 57
6 4 19 29 35 45 52
5 4 19 29 51 61
5 4 19 30 32 58
6 4 19 30 35 46 52
5 4 19 30 45 49
5 4 19 30 51 62
6 4 19 33 44 53 59
6 4 19 34 44 54 59
5 4 19 37 54 56
5 4 19 38 44 59
5 4 19 43 49 58
5 4 19 44 48 59
5 4 20 33 39 42
7 4 20 33 40 44 50 53
5 4 20 34 53 56
5 4 20 39 40 44
5 4 20 39 58 61
5 4 20 39 59 60
5 4 20 40 44 49
5 4 20 40 44 51
5 4 20 42 47 57
5 4 20 42 48 53
5 4 20 42 56 62
5 4 20 43 56 63
5 4 20 45 53 62
5 4 20 48 54 55
5 4 20 54 55 56
5 4 21 23 24 46
5 4 21 23 33 35
6 4 21 23 41 43 44
5 4 21 23 45 47
5 4 21 23 49 51
5 4 21 23 57 59
5 4 21 23 61 63
5 4 21 24 34 57
5 4 21 24 53 56
5 4 21 24 54 60
5 4 21 27 33 51
6 4 21 27 37 43 52
5 4 21 27 41 44
5 4 21 27 47 61
5 4 21 27 53 59
5 4 21 28 33 57
5 4 21 28 34 58
5 4 21 28 35 59
5 4 21 28 46 47
5 4 21 28 53 60
5 4 21 30 36 60
6 4 21 30 37 46 52
5 4 21 30 53 62
6 4 21 31 32 54 59
5 4 21 31 53 63
5 4 21 31 57 62
6 4 21 33 41 44 53
5 4 21 33 42 54
5 4 21 33 58 62
6 4 21 34 41 44 54
5 4 21 35 54 56
5 4 21 36 58 63
5 4 21 39 41 44
5 4 21 40 51 54
5 4 21 41 44 48
5 4 21 41 44 49
5 4 21 41 44 50
5 4 21 41 44 51
5 4 22 23 24 45
5 4 22 23 34 35
6 4 22 23 41 62 63
6 4 22 23 42 43 44
5 4 22 23 46 47
5 4 22 23 50 51
5 4 22 23 58 59
5 4 22 24 54 56
5 4 22 24 55 58
5 4 22 27 34 51
7 4 22 27 37 47 57 62
5 4 22 27 41 46
5 4 22 27 42 44
5 4 22 27 54 59
6 4 22 28 34 58 61
5 4 22 28 35 59
5 4 22 28 54 60
5 4 22 29 46 55
5 4 22 29 54 61
5 4 22 31 32 59
5 4 22 31 37 61
5 4 22 31 54 63
5 4 22 32 49 55
5 4 22 33 39 50
6 4 22 34 42 44 54
5 4 22 35 37 50
6 4 22 35 41 51 57
5 4 22 36 56 62
5 4 22 36 57 60
5 4 22 37 43 58
5 4 22 39 41 58
5 4 22 39 42 44
5 4 22 40 55 57
5 4 22 42 44 48
5 4 22 42 44 49
5 4 22 42 44 50
5 4 22 42 44 51
5 4 23 25 35 49
6 4 23 25 39 41 52
5 4 23 25 43 44
5 4 23 25 45 63
7 4 23 26 35 41 50 53
6 4 23 26 39 42 52
5 4 23 26 46 63
5 4 23 26 51 57
5 4 23 28 33 57
5 4 23 28 34 58
5 4 23 28 35 59
5 4 23 30 32 58
5 4 23 30 33 40
6 4 23 30 39 46 52
5 4 23 30 45 53
5 4 23 30 49 56
5 4 23 33 54 56
5 4 23 35 42 54
5 4 23 36 56 63
5 4 23 36 58 61
5 4 23 41 48 54
5 4 23 43 44 48
5 4 23 43 44 49
5 4 23 43 44 51
5 4 23 47 53 62
6 4 24 28 33 57 61
6 4 24 28 35 59 63
7 4 24 30 32 49 55 58
5 4 24 30 56 62
5 4 24 31 32 59
5 4 24 31 56 63
5 4 24 33 35 46
5 4 24 33 51 62
5 4 24 34 35 45
5 4 24 34 51 61
5 4 24 45 50 51
5 4 24 46 49 51
5 4 24 46 57 59
5 4 24 46 61 63
5 4 24 55 58 60
5 4 25 27 33 35
6 4 25 27 41 43 52
5 4 25 27 49 51
5 4 25 27 57 59
5 4 25 27 61 63
6 4 25 28 33 57 60
6 4 25 28 42 55 62
6 4 25 29 32 57 61
6 4 25 29 41 45 52
5 4 25 29 43 47
5 4 25 29 56 60
5 4 25 29 58 62
5 4 25 30 32 58
6 4 25 30 33 42 55
5 4 25 30 40 60
5 4 25 30 53 63
5 4 25 31 32 59
6 4 25 31 41 47 52
5 4 25 31 57 63
5 4 25 33 44 53
5 4 25 36 51 54
5 4 25 42 48 55
5 4 25 42 55 56
5 4 25 42 55 60
5 4 26 27 34 35
6 4 26 27 37 50 51
5 4 26 27 41 57
6 4 26 27 42 43 52
5 4 26 27 58 59
5 4 26 27 62 63
6 4 26 28 34 58 60
5 4 26 28 35 59
5 4 26 28 55 62
5 4 26 29 37 40
5 4 26 29 54 60
5 4 26 29 58 61
6 4 26 30 32 58 62
6 4 26 30 37 56 60
6 4 26 30 42 46 52
5 4 26 30 43 47
5 4 26 30 57 61
5 4 26 30 59 63
5 4 26 31 32 59
5 4 26 31 41 61
6 4 26 31 42 47 52
5 4 26 31 58 63
6 4 26 32 37 49 55
5 4 26 34 49 56
6 4 26 36 48 53 55
5 4 26 37 43 54
5 4 26 37 46 57
6 4 26 37 47 53 63
5 4 26 39 41 54
5 4 26 39 46 59
5 4 26 40 55 57
5 4 26 41 43 58
5 4 26 41 47 62
5 4 27 28 34 58
6 4 27 28 35 59 60
5 4 27 28 38 45
6 4 27 31 32 59 63
5 4 27 31 41 45
5 4 27 31 42 46
6 4 27 31 43 47 52
5 4 27 31 56 60
5 4 27 31 58 62
5 4 27 33 44 53
5 4 27 34 44 54
5 4 27 35 50 57
5 4 27 37 48 54
5 4 27 38 47 58
5 4 27 38 56 62
5 4 27 41 51 53
5 4 27 42 51 54
6 4 28 33 35 57 59
5 4 28 33 39 57
7 4 28 33 40 55 57 62
6 4 28 33 41 49 57
5 4 28 33 46 57
5 4 28 33 47 57
5 4 28 33 48 57
5 4 28 33 50 57
5 4 28 33 57 63
6 4 28 34 35 58 59
5 4 28 34 41 58
6 4 28 34 42 50 58
5 4 28 34 47 58
5 4 28 34 49 58
5 4 28 34 51 58
5 4 28 34 58 63
5 4 28 35 37 59
6 4 28 35 38 45 59
5 4 28 35 40 59
5 4 28 35 41 59
5 4 28 35 42 59
6 4 28 35 43 51 59
5 4 28 35 46 59
5 4 28 35 48 59
5 4 28 35 53 59
5 4 28 35 54 59
6 4 28 36 53 55 62
5 4 28 38 45 47
5 4 28 38 45 48
5 4 28 38 45 49
5 4 28 38 45 50
5 4 28 38 45 51
6 4 28 38 45 54 61
5 4 28 38 45 60
5 4 28 38 45 63
5 4 28 41 55 62
5 4 28 48 55 62
6 4 29 31 32 57 59
5 4 29 31 33 35
5 4 29 31 37 39
5 4 29 31 41 43
6 4 29 31 45 47 52
5 4 29 31 49 51
5 4 29 32 37 57
5 4 29 32 39 57
8 4 29 32 40 46 49 55 57
6 4 29 32 41 48 57
5 4 29 32 43 57
5 4 29 32 50 57
5 4 29 32 51 57
5 4 29 32 57 60
5 4 29 32 57 62
6 4 29 33 41 46 55
5 4 29 37 46 55
5 4 29 41 49 62
5 4 29 43 51 62
6 4 29 46 48 55 56
5 4 29 46 55 60
5 4 29 47 51 58
6 4 30 31 32 58 59
5 4 30 31 34 35
5 4 30 31 42 43
6 4 30 31 46 47 52
5 4 30 31 62 63
5 4 30 32 37 58
5 4 30 32 39 58
6 4 30 32 40 50 58
5 4 30 32 51 58
5 4 30 32 58 61
5 4 30 32 58 63
5 4 30 33 47 50
5 4 30 34 49 60
5 4 30 35 45 50
5 4 30 36 53 55
5 4 30 42 57 60
5 4 30 43 48 61
5 4 30 45 47 62
5 4 30 47 48 57
5 4 31 32 37 59
5 4 31 32 38 59
5 4 31 32 39 59
6 4 31 32 40 51 59
5 4 31 32 41 59
6 4 31 32 43 48 59
5 4 31 32 45 59
5 4 31 32 46 59
5 4 31 32 53 59
5 4 31 32 59 60
5 4 31 43 58 61
6 4 32 38 39 50 51
5 4 32 41 49 55
5 4 32 43 50 53
5 4 32 45 48 61
5 4 32 46 48 62
5 4 32 49 55 60
5 4 33 35 49 51
5 4 33 39 44 53
5 4 33 39 56 62
5 4 33 40 47 58
5 4 33 40 49 56
5 4 33 41 48 56
5 4 33 41 50 58
5 4 33 41 51 59
5 4 33 42 49 58
5 4 33 44 48 53
5 4 33 44 51 53
5 4 33 46 49 62
5 4 33 47 49 63
5 4 34 35 50 51
5 4 34 35 62 63
5 4 34 37 44 54
5 4 34 37 50 53
5 4 34 37 51 57
5 4 34 41 50 57
5 4 34 42 48 56
5 4 34 42 49 57
5 4 34 44 48 54
5 4 34 44 51 54
5 4 34 45 50 61
5 4 34 47 50 63
5 4 35 37 51 53
5 4 35 40 51 56
5 4 35 42 51 58
5 4 35 43 48 56
5 4 35 43 49 57
5 4 35 43 50 58
5 4 35 46 51 62
5 4 36 53 55 60
5 4 37 39 49 51
5 4 37 39 57 59
5 4 37 39 61 63
5 4 37 40 53 56
5 4 37 40 54 60
5 4 37 40 58 61
5 4 37 43 53 59
5 4 37 46 53 62
6 4 38 39 40 58 59
5 4 38 40 54 56
5 4 38 40 61 63
5 4 38 43 57 62
5 4 39 42 50 53
5 4 39 42 51 57
5 4 39 46 49 56
5 4 40 46 56 62
5 4 40 47 56 63
5 4 40 55 57 60
5 4 41 43 49 51
5 4 41 43 57 59
5 4 41 43 61 63
5 4 41 45 56 60
5 4 41 45 58 62
5 4 41 45 59 63
5 4 41 46 53 63
5 4 41 46 54 59
5 4 41 47 57 63
5 4 42 43 50 51
5 4 42 43 58 59
5 4 42 43 62 63
5 4 42 45 54 60
5 4 42 45 58 61
5 4 42 46 56 60
5 4 42 46 57 61
5 4 42 47 58 63
5 4 43 47 56 60
5 4 43 47 57 61
5 4 43 47 58 62
5 4 45 47 49 51
5 4 45 47 61 63
5 4 46 47 50 51
5 4 46 47 62 63
8 5 6 8 11 12 15 16 19
12 5 6 8 11 12 15 17 18 32 35 48 51
16 5 6 8 11 12 15 20 23 36 39 53 54 56 59 60 63
16 5 6 8 11 12 15 21 22 24 27 28 31 41 42 45 46
10 5 6 8 11 12 15 25 26 29 30
8 5 6 8 11 12 15 33 34
12 5 6 8 11 12 15 37 38 40 43 44 47
8 5 6 8 11 12 15 49 50
8 5 6 8 11 12 15 52 55
10 5 6 8 11 12 15 57 58 61 62
8 5 6 9 10 16 19 28 31
24 5 6 9 10 17 18 20 23 24 27 29 30 33 34 36 39 40 43 45 46 53 54 57 58
8 5 6 9 10 21 22 25 26
8 5 6 9 10 32 35 44 47
8 5 6 9 10 37 38 41 42
8 5 6 9 10 48 51 60 63
12 5 6 9 10 49 50 52 55 56 59 61 62
6 5 6 13 14 16 19
8 5 6 13 14 17 18 49 50
16 5 6 13 14 20 23 28 31 36 39 44 47 53 54 61 62
8 5 6 13 14 21 22 29 30
10 5 6 13 14 24 27 37 38 45 46
6 5 6 13 14 25 26
6 5 6 13 14 32 35
6 5 6 13 14 33 34
6 5 6 13 14 40 43
6 5 6 13 14 41 42
6 5 6 13 14 48 51
8 5 6 13 14 52 55 60 63
6 5 6 13 14 56 59
6 5 6 13 14 57 58
12 5 6 16 19 24 27 45 46 48 51 56 59
6 5 6 16 19 29 30
6 5 6 16 19 37 38
8 5 6 16 19 40 43 52 55
6 5 6 16 19 44 47
6 5 6 16 19 57 58
6 5 6 16 19 60 63
6 5 6 16 19 61 62
8 5 6 17 18 25 26 37 38
8 5 6 17 18 28 31 52 55
6 5 6 17 18 41 42
8 5 6 17 18 44 47 56 59
6 5 6 17 18 60 63
6 5 6 17 18 61 62
6 5 6 21 22 32 35
8 5 6 21 22 40 43 61 62
6 5 6 21 22 44 47
6 5 6 21 22 48 51
6 5 6 21 22 49 50
6 5 6 21 22 56 59
6 5 6 21 22 57 58
6 5 6 21 22 60 63
10 5 6 24 27 32 35 45 46 52 55
8 5 6 24 27 45 46 49 50
6 5 6 25 26 28 31
6 5 6 25 26 33 34
6 5 6 25 26 48 51
6 5 6 25 26 52 55
6 5 6 25 26 57 58
6 5 6 25 26 60 63
6 5 6 25 26 61 62
6 5 6 28 31 32 35
8 5 6 28 31 33 34 56 59
6 5 6 28 31 37 38
6 5 6 28 31 40 43
6 5 6 28 31 48 51
6 5 6 28 31 49 50
6 5 6 28 31 57 58
6 5 6 28 31 60 63
8 5 6 29 30 32 35 56 59
6 5 6 29 30 37 38
6 5 6 29 30 41 42
8 5 6 29 30 44 47 60 63
6 5 6 29 30 48 51
6 5 6 29 30 49 50
6 5 6 29 30 52 55
6 5 6 29 30 61 62
6 5 6 32 35 40 43
6 5 6 32 35 57 58
6 5 6 32 35 60 63
6 5 6 32 35 61 62
6 5 6 33 34 41 42
6 5 6 33 34 44 47
6 5 6 33 34 48 51
6 5 6 33 34 49 50
6 5 6 33 34 52 55
6 5 6 33 34 60 63
6 5 6 33 34 61 62
6 5 6 37 38 48 51
6 5 6 37 38 49 50
6 5 6 37 38 56 59
6 5 6 37 38 57 58
6 5 6 37 38 60 63
6 5 6 37 38 61 62
6 5 6 40 43 48 51
6 5 6 40 43 49 50
6 5 6 40 43 60 63
6 5 6 41 42 44 47
6 5 6 41 42 48 51
6 5 6 41 42 52 55
6 5 6 41 42 56 59
6 5 6 41 42 57 58
6 5 6 41 42 60 63
6 5 6 41 42 61 62
6 5 6 44 47 48 51
6 5 6 44 47 49 50
6 5 6 44 47 52 55
6 5 6 44 47 57 58
6 5 6 48 51 61 62
6 5 6 49 50 57 58
6 5 6 49 50 60 63
6 5 6 57 58 60 63
6 5 7 8 17 19 32
6 5 7 8 20 34 52
6 5 7 8 21 23 24
8 5 7 8 22 28 42 45 47
5 5 7 8 25 27
6 5 7 8 26 29 31
5 5 7 8 33 35
8 5 7 8 37 39 40 57 59
5 5 7 8 38 44
5 5 7 8 41 43
5 5 7 8 49 51
6 5 7 8 53 55 56
5 5 7 8 54 60
6 5 7 8 58 61 63
6 5 7 9 11 16 28
16 5 7 9 11 17 19 29 31 33 35 45 47 53 55 57 59
10 5 7 9 11 18 30 37 39 41 43
8 5 7 9 11 20 24 52 56
8 5 7 9 11 21 23 25 27
6 5 7 9 11 22 26
6 5 7 9 11 32 44
6 5 7 9 11 34 46
6 5 7 9 11 36 40
6 5 7 9 11 38 42
6 5 7 9 11 48 60
8 5 7 9 11 49 51 61 63
6 5 7 9 11 50 62
6 5 7 9 11 54 58
6 5 7 12 17 19 48
6 5 7 12 18 49 51
5 5 7 12 20 52
6 5 7 12 21 23 28
5 5 7 12 22 46
5 5 7 12 24 38
5 5 7 12 25 27
5 5 7 12 29 31
5 5 7 12 33 35
8 5 7 12 37 39 44 61 63
5 5 7 12 41 43
5 5 7 12 45 47
6 5 7 12 53 55 60
5 5 7 12 57 59
5 5 7 13 15 16
12 5 7 13 15 17 19 20 28 49 51 52 60
12 5 7 13 15 18 24 34 40 53 55 61 63
9 5 7 13 15 21 23 29 31 42
8 5 7 13 15 22 25 27 30
5 5 7 13 15 26
6 5 7 13 15 32 48
8 5 7 13 15 33 35 36 44
8 5 7 13 15 37 39 45 47
8 5 7 13 15 38 41 43 46
6 5 7 13 15 50 56
8 5 7 13 15 54 57 59 62
5 5 7 13 15 58
8 5 7 14 17 19 24 36 50
7 5 7 14 18 45 47 58
6 5 7 14 20 44 52
6 5 7 14 21 23 30
5 5 7 14 25 27
8 5 7 14 29 31 37 39 46
6 5 7 14 33 35 40
5 5 7 14 41 43
6 5 7 14 49 51 56
6 5 7 14 53 55 62
5 5 7 14 57 59
5 5 7 14 61 63
6 5 7 16 22 33 35
7 5 7 16 25 27 36 58
8 5 7 16 26 32 42 53 55
6 5 7 16 37 39 50
5 5 7 16 41 43
6 5 7 16 45 47 56
5 5 7 16 49 51
5 5 7 16 57 59
5 5 7 16 61 63
5 5 7 17 19 22
6 5 7 17 19 26 38
6 5 7 17 19 30 54
5 5 7 17 19 40
6 5 7 17 19 41 43
6 5 7 17 19 44 56
6 5 7 17 19 46 58
6 5 7 17 19 61 63
5 5 7 17 19 62
8 5 7 18 20 33 35 50 52
6 5 7 18 25 27 38
5 5 7 18 29 31
5 5 7 18 36 56
5 5 7 18 57 59
8 5 7 20 25 27 52 57 59
8 5 7 20 26 41 43 52 58
8 5 7 20 29 31 52 61 63
5 5 7 20 46 52
6 5 7 21 23 32 50
6 5 7 21 23 33 35
5 5 7 21 23 34
6 5 7 21 23 40 58
8 5 7 21 23 41 43 45 47
6 5 7 21 23 44 62
5 5 7 21 23 46
5 5 7 21 23 48
6 5 7 21 23 49 51
5 5 7 21 23 56
6 5 7 21 23 57 59
5 5 7 21 23 60
6 5 7 21 23 61 63
6 5 7 22 24 41 43
5 5 7 22 29 31
5 5 7 22 40 60
5 5 7 22 49 51
5 5 7 22 57 59
5 5 7 22 61 63
8 5 7 24 28 37 39 58 62
5 5 7 24 33 35
5 5 7 24 49 51
5 5 7 24 57 59
5 5 7 25 27 28
6 5 7 25 27 29 31
5 5 7 25 27 32
6 5 7 25 27 33 35
5 5 7 25 27 48
5 5 7 25 27 50
5 5 7 25 27 54
5 5 7 25 27 56
5 5 7 25 27 60
6 5 7 25 27 61 63
5 5 7 25 27 62
5 5 7 26 36 48
5 5 7 26 49 51
5 5 7 26 57 59
5 5 7 26 61 63
6 5 7 28 33 35 56
5 5 7 28 40 54
5 5 7 28 41 43
6 5 7 28 44 53 55
5 5 7 28 57 59
5 5 7 28 61 63
6 5 7 29 31 32 56
6 5 7 29 31 34 58
6 5 7 29 31 36 62
5 5 7 29 31 38
5 5 7 29 31 40
6 5 7 29 31 41 43
5 5 7 29 31 44
5 5 7 29 31 48
6 5 7 29 31 49 51
5 5 7 29 31 50
5 5 7 29 31 54
5 5 7 29 31 60
6 5 7 30 33 35 58
6 5 7 30 46 53 55
5 5 7 30 49 51
5 5 7 30 57 59
5 5 7 30 61 63
5 5 7 32 41 43
5 5 7 32 57 59
5 5 7 32 61 63
5 5 7 33 35 38
5 5 7 33 35 42
5 5 7 33 35 46
5 5 7 33 35 48
6 5 7 33 35 49 51
5 5 7 33 35 54
5 5 7 33 35 60
6 5 7 33 35 61 63
5 5 7 33 35 62
5 5 7 34 41 43
6 5 7 34 45 47 54
5 5 7 34 49 51
5 5 7 34 57 59
5 5 7 36 41 43
7 5 7 36 45 47 49 51
5 5 7 36 57 59
5 5 7 36 61 63
5 5 7 37 39 48
5 5 7 37 39 56
5 5 7 37 39 60
5 5 7 38 45 47
5 5 7 38 49 51
5 5 7 38 57 59
5 5 7 38 61 63
5 5 7 40 49 51
5 5 7 41 43 44
5 5 7 41 43 48
5 5 7 41 43 50
5 5 7 41 43 54
5 5 7 41 43 56
6 5 7 41 43 57 59
5 5 7 41 43 60
6 5 7 41 43 61 63
5 5 7 41 43 62
5 5 7 42 49 51
5 5 7 42 57 59
5 5 7 42 61 63
5 5 7 44 49 51
5 5 7 44 57 59
5 5 7 45 47 48
5 5 7 45 47 50
5 5 7 46 49 51
5 5 7 46 57 59
5 5 7 46 61 63
5 5 7 48 57 59
5 5 7 49 51 54
5 5 7 49 51 58
5 5 7 49 51 62
5 5 7 50 57 59
5 5 7 50 61 63
5 5 7 54 61 63
5 5 7 57 59 60
6 5 7 57 59 61 63
8 5 8 10 13 16 18 23 31
12 5 8 10 13 17 27 32 34 39 47 49 59
5 5 8 10 13 19
12 5 8 10 13 20 22 28 30 37 40 42 45
8 5 8 10 13 21 24 26 29
5 5 8 10 13 25
6 5 8 10 13 33 43
5 5 8 10 13 35
8 5 8 10 13 36 38 44 46
5 5 8 10 13 41
8 5 8 10 13 48 50 55 63
5 5 8 10 13 51
8 5 8 10 13 52 54 60 62
8 5 8 10 13 53 56 58 61
5 5 8 10 13 57
7 5 8 14 17 23 32 50
6 5 8 14 20 38 44
6 5 8 14 21 24 30
7 5 8 14 22 28 42 45
5 5 8 14 26 29
8 5 8 14 27 43 53 56 62
7 5 8 14 31 33 39 59
6 5 8 14 37 40 46
5 5 8 14 49 55
5 5 8 14 54 60
5 5 8 14 58 61
5 5 8 16 25 36
5 5 8 16 27 63
5 5 8 16 30 49
5 5 8 16 34 48
5 5 8 16 37 40
6 5 8 16 39 50 59
6 5 8 16 46 54 60
5 5 8 16 47 55
5 5 8 16 58 61
7 5 8 17 30 32 54 60
6 5 8 17 31 32 55
5 5 8 17 32 41
5 5 8 17 32 43
7 5 8 17 32 46 58 61
5 5 8 17 32 62
5 5 8 17 32 63
7 5 8 18 19 20 33 49
8 5 8 18 25 38 44 54 60
5 5 8 18 36 52
5 5 8 18 41 57
5 5 8 18 46 62
5 5 8 18 47 63
5 5 8 19 26 29
5 5 8 19 34 51
6 5 8 19 35 53 56
5 5 8 19 36 50
5 5 8 19 37 40
6 5 8 19 38 44 55
5 5 8 19 46 63
5 5 8 19 58 61
6 5 8 20 26 29 41
5 5 8 20 27 57
7 5 8 20 31 43 58 61
5 5 8 20 35 50
5 5 8 20 47 62
6 5 8 21 24 33 48
5 5 8 21 24 35
10 5 8 21 24 38 39 44 58 59 61
5 5 8 21 24 43
5 5 8 21 24 47
5 5 8 21 24 49
5 5 8 21 24 51
5 5 8 21 24 52
6 5 8 21 24 55 57
5 5 8 21 24 62
5 5 8 21 24 63
8 5 8 22 23 28 42 43 45
8 5 8 22 28 35 42 45 55
7 5 8 22 28 36 42 45
7 5 8 22 28 42 45 48
7 5 8 22 28 42 45 49
7 5 8 22 28 42 45 50
7 5 8 22 28 42 45 51
5 5 8 23 25 46
5 5 8 23 34 55
7 5 8 23 37 40 58 61
6 5 8 23 38 44 62
5 5 8 25 34 57
5 5 8 25 58 61
5 5 8 26 27 29
7 5 8 26 29 34 58 61
5 5 8 26 29 36
6 5 8 26 29 37 40
6 5 8 26 29 43 63
5 5 8 26 29 48
5 5 8 26 29 49
5 5 8 26 29 50
5 5 8 26 29 51
6 5 8 26 29 54 60
5 5 8 26 29 55
5 5 8 26 29 62
6 5 8 27 36 58 61
5 5 8 27 37 40
5 5 8 27 38 44
5 5 8 27 54 60
6 5 8 30 33 58 61
5 5 8 30 34 62
5 5 8 30 35 63
5 5 8 30 38 44
6 5 8 30 46 53 56
5 5 8 31 34 63
5 5 8 31 36 62
5 5 8 31 37 40
5 5 8 31 38 44
6 5 8 31 47 53 56
5 5 8 31 54 60
5 5 8 33 54 60
5 5 8 34 35 36
5 5 8 35 54 60
5 5 8 35 58 61
5 5 8 37 40 48
5 5 8 37 40 49
5 5 8 37 40 51
5 5 8 37 40 52
6 5 8 37 40 54 60
5 5 8 37 40 55
5 5 8 37 40 62
5 5 8 37 40 63
5 5 8 38 44 48
5 5 8 38 44 49
5 5 8 38 44 50
5 5 8 38 44 51
5 5 8 38 44 63
5 5 8 39 41 59
5 5 8 39 48 59
5 5 8 39 52 59
5 5 8 41 54 60
5 5 8 41 58 61
5 5 8 43 54 60
5 5 8 47 54 60
5 5 8 47 58 61
5 5 8 50 51 52
5 5 8 51 58 61
5 5 8 52 58 61
5 5 8 54 55 60
12 5 9 16 18 28 30 39 43 48 50 60 62
6 5 9 16 23 27 28
8 5 9 16 28 34 46 49 61
6 5 9 16 28 35 47
6 5 9 16 28 37 41
6 5 9 16 28 51 63
6 5 9 16 28 54 58
6 5 9 16 28 55 59
10 5 9 18 30 32 39 43 44 49 61
8 5 9 18 30 39 43 52 56
8 5 9 19 20 24 31 49 61
6 5 9 19 22 26 31
6 5 9 19 31 32 44
6 5 9 19 31 34 46
8 5 9 19 31 36 40 50 62
6 5 9 19 31 37 41
6 5 9 19 31 48 60
6 5 9 19 31 51 63
6 5 9 19 31 52 56
6 5 9 19 31 54 58
8 5 9 20 22 24 26 37 41
8 5 9 20 24 35 47 50 62
6 5 9 20 24 38 42
6 5 9 20 24 51 63
6 5 9 20 24 55 59
6 5 9 21 25 32 44
8 5 9 21 25 34 46 55 59
6 5 9 21 25 35 47
6 5 9 21 25 48 60
6 5 9 21 25 50 62
6 5 9 21 25 51 63
6 5 9 21 25 52 56
6 5 9 21 25 54 58
6 5 9 22 26 36 40
6 5 9 22 26 48 60
6 5 9 22 26 49 61
6 5 9 22 26 51 63
6 5 9 22 26 54 58
6 5 9 22 26 55 59
8 5 9 23 27 32 44 50 62
8 5 9 23 27 35 47 51 63
6 5 9 23 27 37 41
6 5 9 23 27 38 42
6 5 9 23 27 48 60
6 5 9 23 27 49 61
6 5 9 23 27 52 56
6 5 9 23 27 55 59
6 5 9 32 34 44 46
6 5 9 32 44 51 63
6 5 9 32 44 54 58
6 5 9 32 44 55 59
6 5 9 34 46 48 60
6 5 9 34 46 51 63
6 5 9 34 46 52 56
6 5 9 35 36 40 47
6 5 9 35 38 42 47
6 5 9 35 47 48 60
6 5 9 35 47 49 61
6 5 9 35 47 52 56
6 5 9 35 47 54 58
6 5 9 36 38 40 42
6 5 9 36 40 48 60
6 5 9 36 40 49 61
6 5 9 36 40 51 63
6 5 9 36 40 52 56
6 5 9 36 40 55 59
6 5 9 37 41 48 60
6 5 9 37 41 50 62
6 5 9 37 41 51 63
6 5 9 37 41 52 56
6 5 9 37 41 54 58
6 5 9 37 41 55 59
6 5 9 38 42 48 60
6 5 9 38 42 49 61
6 5 9 38 42 50 62
6 5 9 38 42 51 63
6 5 9 38 42 54 58
6 5 9 38 42 55 59
6 5 9 48 55 59 60
6 5 9 51 52 56 63
6 5 9 51 54 58 63
6 5 9 52 54 56 58
5 5 10 12 16 31
9 5 10 12 17 27 34 39 48 63
6 5 10 12 18 23 51
7 5 10 12 20 30 40 45
6 5 10 12 21 26 28
6 5 10 12 22 36 46
5 5 10 12 24 29
5 5 10 12 32 47
5 5 10 12 33 43
6 5 10 12 37 42 44
5 5 10 12 49 59
5 5 10 12 50 55
5 5 10 12 52 62
6 5 10 12 53 58 60
5 5 10 12 56 61
9 5 10 16 22 31 33 43 49 59
9 5 10 16 25 31 36 46 52 62
6 5 10 16 31 35 51
6 5 10 16 31 38 54
6 5 10 16 31 41 57
6 5 10 16 31 44 60
9 5 10 17 27 28 34 39 52 62
7 5 10 17 27 34 39 41
9 5 10 17 27 34 39 44 56 61
7 5 10 17 27 34 39 60
6 5 10 18 23 25 38
7 5 10 18 23 28 49 59
8 5 10 18 23 32 47 50 55
6 5 10 18 23 37 42
5 5 10 18 23 41
7 5 10 18 23 44 52 62
6 5 10 18 23 48 63
6 5 10 18 23 56 61
5 5 10 18 23 60
9 5 10 19 20 30 40 45 49 59
7 5 10 19 24 29 52 62
6 5 10 19 32 47 51
5 5 10 19 33 43
6 5 10 19 35 53 58
7 5 10 19 36 46 50 55
6 5 10 19 44 48 63
5 5 10 19 56 61
9 5 10 20 30 35 40 45 50 55
7 5 10 20 30 38 40 45
7 5 10 20 30 40 45 51
8 5 10 21 26 33 43 50 55
8 5 10 21 26 36 46 56 61
6 5 10 21 26 49 59
5 5 10 21 26 51
6 5 10 21 26 52 62
5 5 10 21 26 54
5 5 10 21 26 57
5 5 10 21 26 60
6 5 10 22 24 29 41
6 5 10 22 32 47 54
5 5 10 22 48 63
5 5 10 22 50 55
5 5 10 22 56 61
8 5 10 24 29 32 47 56 61
7 5 10 24 29 35 49 59
6 5 10 24 29 37 42
5 5 10 24 29 38
6 5 10 24 29 48 63
6 5 10 24 29 50 55
5 5 10 24 29 51
6 5 10 25 32 47 57
5 5 10 25 48 63
5 5 10 25 50 55
5 5 10 25 56 61
6 5 10 28 32 47 60
7 5 10 28 33 43 56 61
6 5 10 28 35 48 63
5 5 10 28 36 46
6 5 10 28 44 53 58
5 5 10 28 50 55
5 5 10 32 38 47
5 5 10 32 41 47
5 5 10 33 43 44
6 5 10 33 43 48 63
5 5 10 33 43 51
6 5 10 33 43 52 62
5 5 10 33 43 60
5 5 10 35 36 46
5 5 10 35 52 62
5 5 10 35 56 61
6 5 10 36 46 48 63
6 5 10 36 46 49 59
5 5 10 36 46 51
5 5 10 36 46 60
6 5 10 37 42 49 59
6 5 10 37 42 50 55
5 5 10 37 42 51
6 5 10 37 42 52 62
5 5 10 37 42 54
6 5 10 37 42 56 61
5 5 10 37 42 57
5 5 10 37 42 60
5 5 10 38 48 63
5 5 10 38 49 59
5 5 10 38 50 55
5 5 10 38 56 61
5 5 10 41 48 63
5 5 10 41 50 55
5 5 10 41 52 62
5 5 10 41 56 61
5 5 10 44 49 59
5 5 10 44 50 55
5 5 10 48 54 63
5 5 10 48 57 63
5 5 10 49 59 60
5 5 10 50 55 57
5 5 10 50 55 60
5 5 10 51 52 62
5 5 10 51 56 61
5 5 10 54 56 61
6 5 11 13 17 35 49
8 5 11 13 18 20 28 33 56
6 5 11 13 21 27 29
5 5 11 13 22 30
8 5 11 13 23 31 37 43 45
7 5 11 13 24 39 47 58
6 5 11 13 34 36 44
5 5 11 13 38 46
6 5 11 13 50 52 60
6 5 11 13 53 59 61
5 5 11 13 54 62
5 5 11 13 55 63
9 5 11 14 17 20 35 44 50 56
10 5 11 14 18 24 34 40 53 59 62
5 5 11 14 19 28
6 5 11 14 21 27 30
5 5 11 14 22 25
7 5 11 14 23 29 38 41
6 5 11 14 31 39 45
5 5 11 14 33 36
6 5 11 14 37 43 46
5 5 11 14 49 52
5 5 11 14 51 60
5 5 11 14 54 57
5 5 11 14 55 61
5 5 11 16 25 36
8 5 11 16 26 32 42 53 59
5 5 11 16 34 51
5 5 11 16 37 43
5 5 11 16 38 55
5 5 11 16 41 48
5 5 11 16 46 63
5 5 11 16 47 52
5 5 11 17 22 35
7 5 11 17 24 35 36 61
6 5 11 17 28 35 52
6 5 11 17 30 35 54
5 5 11 17 35 40
5 5 11 17 35 42
6 5 11 17 35 46 58
5 5 11 17 35 60
5 5 11 17 35 62
5 5 11 17 35 63
5 5 11 18 25 38
6 5 11 18 31 45 58
5 5 11 18 36 55
5 5 11 18 44 63
5 5 11 18 47 54
6 5 11 19 20 49 56
5 5 11 19 24 63
5 5 11 19 34 41
5 5 11 19 36 50
5 5 11 19 37 43
5 5 11 19 44 52
5 5 11 19 46 54
8 5 11 20 22 37 43 56 58
6 5 11 20 25 46 56
6 5 11 20 34 55 56
5 5 11 20 38 56
5 5 11 20 42 56
5 5 11 20 51 56
5 5 11 21 27 32
6 5 11 21 27 33 51
6 5 11 21 27 36 58
5 5 11 21 27 40
5 5 11 21 27 44
6 5 11 21 27 47 61
5 5 11 21 27 48
5 5 11 21 27 49
5 5 11 21 27 50
5 5 11 21 27 52
5 5 11 21 27 55
5 5 11 21 27 60
5 5 11 21 27 62
5 5 11 21 27 63
5 5 11 22 32 55
6 5 11 23 28 40 58
5 5 11 23 30 42
5 5 11 23 32 50
5 5 11 23 33 49
5 5 11 23 44 62
5 5 11 24 37 43
5 5 11 25 47 63
6 5 11 26 37 43 54
5 5 11 26 40 60
5 5 11 28 34 63
5 5 11 28 37 43
5 5 11 28 39 62
6 5 11 28 44 53 59
5 5 11 29 34 58
5 5 11 29 36 49
5 5 11 29 37 43
5 5 11 29 39 46
5 5 11 29 40 63
5 5 11 30 32 63
5 5 11 30 33 58
6 5 11 31 32 45 52
6 5 11 31 34 45 54
5 5 11 31 38 45
5 5 11 31 45 48
5 5 11 31 45 49
5 5 11 31 45 50
5 5 11 31 45 51
5 5 11 32 39 49
6 5 11 36 41 52 57
5 5 11 37 43 48
5 5 11 37 43 49
5 5 11 37 43 50
5 5 11 37 43 51
5 5 11 37 43 52
5 5 11 37 43 55
5 5 11 37 43 57
5 5 11 37 43 60
5 5 11 37 43 61
5 5 11 37 43 62
5 5 11 37 43 63
5 5 11 39 40 57
5 5 11 39 44 61
6 5 12 14 16 18 51
6 5 12 14 17 48 50
8 5 12 14 20 22 37 44 46
6 5 12 14 21 28 30
5 5 12 14 24 26
5 5 12 14 27 47
6 5 12 14 31 39 63
5 5 12 14 32 34
6 5 12 14 36 38 57
5 5 12 14 40 42
5 5 12 14 52 54
6 5 12 14 53 60 62
5 5 12 14 56 58
6 5 12 16 22 33 46
8 5 12 16 26 32 42 53 60
5 5 12 16 34 59
5 5 12 16 37 44
6 5 12 16 39 50 63
5 5 12 16 45 56
7 5 12 17 22 46 48 58
5 5 12 17 23 48
8 5 12 17 25 37 44 48 56
6 5 12 17 26 38 48
6 5 12 17 30 48 54
6 5 12 17 31 48 55
5 5 12 17 40 48
5 5 12 17 41 48
6 5 12 17 42 48 61
5 5 12 17 43 48
6 5 12 17 47 48 59
5 5 12 17 48 62
7 5 12 18 19 36 50 51
6 5 12 18 20 33 51
6 5 12 18 26 51 59
5 5 12 18 29 51
5 5 12 18 31 51
6 5 12 18 37 44 51
6 5 12 18 41 51 61
6 5 12 18 42 51 62
5 5 12 18 47 51
5 5 12 18 51 52
5 5 12 18 51 54
5 5 12 18 51 56
5 5 12 19 20 49
5 5 12 19 22 46
5 5 12 19 34 56
6 5 12 19 35 53 60
5 5 12 19 37 44
5 5 12 19 45 59
5 5 12 20 26 41
5 5 12 20 27 57
5 5 12 20 31 61
5 5 12 20 35 50
5 5 12 20 43 58
5 5 12 20 47 62
5 5 12 21 28 32
6 5 12 21 28 33 56
5 5 12 21 28 34
5 5 12 21 28 35
8 5 12 21 28 38 39 62 63
5 5 12 21 28 43
5 5 12 21 28 47
5 5 12 21 28 49
5 5 12 21 28 50
5 5 12 21 28 54
5 5 12 21 28 58
5 5 12 21 28 59
6 5 12 22 23 46 47
5 5 12 22 32 46
5 5 12 22 35 46
5 5 12 22 40 46
5 5 12 22 46 49
5 5 12 22 46 54
5 5 12 22 46 56
5 5 12 22 46 57
5 5 12 22 46 59
5 5 12 23 32 50
6 5 12 23 37 44 62
5 5 12 23 40 58
5 5 12 23 43 45
6 5 12 24 37 44 57
6 5 12 24 39 58 63
5 5 12 25 34 61
5 5 12 26 33 61
5 5 12 27 36 58
5 5 12 27 37 44
6 5 12 27 43 53 60
5 5 12 29 32 56
5 5 12 29 34 58
5 5 12 29 35 59
5 5 12 29 36 41
5 5 12 29 37 44
5 5 12 29 38 54
5 5 12 30 33 58
5 5 12 30 36 42
5 5 12 30 37 44
5 5 12 31 33 59
6 5 12 31 36 43 62
5 5 12 31 37 44
6 5 12 31 47 53 60
6 5 12 32 39 49 63
5 5 12 32 45 52
5 5 12 33 39 63
5 5 12 34 45 54
5 5 12 34 49 55
5 5 12 35 45 55
5 5 12 37 44 49
5 5 12 37 44 50
5 5 12 37 44 52
5 5 12 37 44 54
5 5 12 37 44 55
5 5 12 37 44 58
5 5 12 37 44 59
6 5 12 39 40 57 63
5 5 12 39 41 63
5 5 12 39 52 63
7 5 13 16 22 30 33 58
6 5 13 16 25 36 44
8 5 13 16 26 32 42 53 61
6 5 13 16 37 45 56
5 5 13 16 38 46
6 5 13 16 39 47 50
5 5 13 16 52 60
5 5 13 16 54 62
5 5 13 16 55 63
8 5 13 17 22 30 49 54 62
8 5 13 17 23 31 49 55 63
8 5 13 17 24 36 44 49 56
8 5 13 17 26 38 46 49 58
5 5 13 17 43 49
8 5 13 18 19 37 45 58 59
6 5 13 18 25 38 46
5 5 13 18 36 44
5 5 13 18 52 60
5 5 13 18 54 62
5 5 13 19 22 30
5 5 13 19 34 57
6 5 13 19 35 53 61
6 5 13 19 36 44 50
5 5 13 19 38 46
5 5 13 19 54 62
5 5 13 19 55 63
5 5 13 20 25 28
6 5 13 20 26 28 41
6 5 13 20 27 28 57
5 5 13 20 28 34
6 5 13 20 28 35 50
6 5 13 20 28 38 46
6 5 13 20 28 43 58
6 5 13 20 28 55 63
5 5 13 20 28 59
6 5 13 21 29 32 56
6 5 13 21 29 34 58
6 5 13 21 29 35 59
6 5 13 21 29 36 44
8 5 13 21 29 38 39 46 47
5 5 13 21 29 40
5 5 13 21 29 43
5 5 13 21 29 48
5 5 13 21 29 50
5 5 13 21 29 51
6 5 13 21 29 52 60
6 5 13 21 29 54 62
6 5 13 21 29 55 63
6 5 13 22 23 30 31
6 5 13 22 24 30 41
5 5 13 22 30 32
6 5 13 22 30 36 44
5 5 13 22 30 48
5 5 13 22 30 50
5 5 13 22 30 51
6 5 13 22 30 55 63
5 5 13 22 30 56
5 5 13 22 30 57
5 5 13 22 30 59
5 5 13 23 24 31
5 5 13 23 25 31
6 5 13 23 31 32 50
6 5 13 23 31 33 59
5 5 13 23 31 34
5 5 13 23 31 35
6 5 13 23 31 38 46
6 5 13 23 31 40 58
5 5 13 23 31 41
5 5 13 23 31 48
5 5 13 23 31 51
6 5 13 23 31 52 60
5 5 13 23 31 56
5 5 13 23 31 57
5 5 13 24 33 50
5 5 13 24 54 62
5 5 13 25 34 51
5 5 13 25 52 60
5 5 13 25 54 62
5 5 13 25 55 63
5 5 13 26 33 48
5 5 13 26 52 60
5 5 13 26 54 62
5 5 13 26 55 63
6 5 13 27 36 44 58
6 5 13 27 43 53 61
5 5 13 27 52 60
5 5 13 27 54 62
5 5 13 27 55 63
5 5 13 32 38 46
5 5 13 32 54 62
5 5 13 32 55 63
5 5 13 33 38 46
7 5 13 33 39 47 52 60
5 5 13 33 54 62
5 5 13 33 55 63
5 5 13 34 52 60
5 5 13 35 38 46
5 5 13 35 52 60
5 5 13 35 54 62
5 5 13 36 41 44
5 5 13 36 42 44
5 5 13 36 43 44
5 5 13 36 44 48
5 5 13 36 44 51
6 5 13 36 44 52 60
6 5 13 36 44 55 63
5 5 13 36 44 57
5 5 13 36 44 59
5 5 13 37 45 48
5 5 13 37 45 50
5 5 13 37 45 51
5 5 13 38 40 46
5 5 13 38 46 48
5 5 13 38 46 50
5 5 13 38 46 51
6 5 13 38 46 54 62
6 5 13 38 46 55 63
5 5 13 38 46 56
5 5 13 38 46 57
5 5 13 38 46 59
6 5 13 39 40 47 57
5 5 13 39 41 47
5 5 13 39 47 48
5 5 13 39 47 56
5 5 13 40 52 60
5 5 13 40 54 62
5 5 13 41 52 60
5 5 13 41 54 62
5 5 13 41 55 63
5 5 13 42 52 60
5 5 13 42 54 62
5 5 13 42 55 63
5 5 13 43 52 60
5 5 13 43 54 62
5 5 13 43 55 63
5 5 13 48 54 62
5 5 13 51 54 62
5 5 13 52 57 60
5 5 13 52 58 60
5 5 13 52 59 60
6 5 13 54 55 62 63
5 5 13 54 56 62
5 5 13 55 56 63
5 5 13 55 57 63
5 5 14 16 22 33
8 5 14 16 26 32 42 53 62
5 5 14 16 37 46
5 5 14 16 38 48
5 5 14 16 40 60
5 5 14 16 41 61
5 5 14 16 43 63
5 5 14 16 47 49
6 5 14 17 22 43 50
8 5 14 17 25 37 46 50 58
6 5 14 17 28 50 52
6 5 14 17 40 50 61
5 5 14 17 41 50
5 5 14 17 42 50
5 5 14 17 50 60
7 5 14 18 20 33 44 55
5 5 14 18 28 63
5 5 14 18 37 46
6 5 14 19 20 44 49
6 5 14 19 29 34 58
6 5 14 19 35 53 62
5 5 14 19 37 46
5 5 14 19 40 63
5 5 14 19 45 59
5 5 14 20 25 44
6 5 14 20 27 44 57
5 5 14 20 34 44
5 5 14 20 42 44
6 5 14 20 43 44 58
5 5 14 20 44 51
5 5 14 20 44 59
5 5 14 20 44 63
5 5 14 21 30 32
6 5 14 21 30 33 58
5 5 14 21 30 34
5 5 14 21 30 35
6 5 14 21 30 36 60
6 5 14 21 30 47 55
5 5 14 21 30 48
5 5 14 21 30 49
5 5 14 21 30 51
5 5 14 21 30 52
5 5 14 21 30 56
5 5 14 21 30 59
5 5 14 21 30 61
5 5 14 21 30 63
5 5 14 22 24 41
5 5 14 22 47 63
5 5 14 23 33 52
5 5 14 23 34 63
5 5 14 23 37 46
5 5 14 23 40 58
5 5 14 23 43 45
6 5 14 24 31 39 58
5 5 14 24 33 61
5 5 14 24 35 63
5 5 14 24 47 57
5 5 14 25 32 61
5 5 14 26 34 51
6 5 14 26 37 46 57
5 5 14 27 29 42
5 5 14 27 32 63
5 5 14 27 36 58
5 5 14 28 33 56
5 5 14 28 35 49
5 5 14 28 37 46
5 5 14 28 38 40
5 5 14 28 43 57
5 5 14 29 32 56
5 5 14 29 35 59
5 5 14 29 36 52
6 5 14 31 32 39 49
6 5 14 31 39 40 57
5 5 14 31 39 41
5 5 14 31 39 48
5 5 14 31 39 52
5 5 14 31 39 56
5 5 14 31 39 60
5 5 14 32 45 52
6 5 14 33 38 49 54
5 5 14 34 45 54
5 5 14 35 45 55
5 5 14 37 46 48
5 5 14 37 46 49
5 5 14 37 46 51
5 5 14 37 46 52
5 5 14 37 46 54
5 5 14 37 46 55
5 5 14 37 46 56
5 5 14 37 46 59
5 5 14 37 46 60
5 5 14 37 46 61
5 5 14 37 46 63
6 5 15 16 22 27 33
6 5 15 16 25 30 36
5 5 15 16 38 43
5 5 15 16 39 50
5 5 15 16 41 46
5 5 15 16 45 56
5 5 15 16 54 59
5 5 15 16 57 62
6 5 15 17 24 36 51
10 5 15 17 25 30 37 47 51 54 59
7 5 15 17 26 38 43 51
5 5 15 17 40 51
7 5 15 17 41 46 51 58
6 5 15 17 44 51 56
5 5 15 17 51 61
6 5 15 18 20 33 60
5 5 15 18 28 36
6 5 15 18 29 37 47
5 5 15 18 41 46
5 5 15 18 45 58
5 5 15 18 54 59
5 5 15 18 57 62
5 5 15 19 22 27
5 5 15 19 24 33
5 5 15 19 32 48
7 5 15 19 34 45 54 59
6 5 15 19 35 53 63
5 5 15 19 36 50
5 5 15 19 37 47
5 5 15 19 41 46
5 5 15 19 57 62
10 5 15 20 22 27 37 47 57 60 62
7 5 15 20 26 41 46 60
5 5 15 20 34 60
6 5 15 20 35 50 60
7 5 15 20 38 43 58 60
5 5 15 20 55 60
8 5 15 21 31 33 42 54 59
6 5 15 21 31 34 42
6 5 15 21 31 35 42
8 5 15 21 31 36 42 57 62
6 5 15 21 31 40 42
6 5 15 21 31 42 44
6 5 15 21 31 42 49
6 5 15 21 31 42 50
6 5 15 21 31 42 52
6 5 15 21 31 42 56
5 5 15 22 27 29
6 5 15 22 27 32 48
5 5 15 22 27 35
6 5 15 22 27 36 58
5 5 15 22 27 40
5 5 15 22 27 44
5 5 15 22 27 49
5 5 15 22 27 50
6 5 15 22 27 54 59
5 5 15 22 27 55
5 5 15 22 27 56
5 5 15 22 27 61
6 5 15 23 24 37 47
5 5 15 23 25 30
7 5 15 23 32 34 48 50
6 5 15 23 38 43 45
5 5 15 23 40 58
5 5 15 23 41 46
6 5 15 23 44 57 62
5 5 15 24 38 43
5 5 15 24 39 58
5 5 15 24 54 59
5 5 15 24 57 62
5 5 15 25 28 30
6 5 15 25 30 32 48
6 5 15 25 30 33 58
5 5 15 25 30 34
5 5 15 25 30 35
5 5 15 25 30 44
5 5 15 25 30 50
5 5 15 25 30 52
5 5 15 25 30 55
5 5 15 25 30 56
6 5 15 25 30 57 62
5 5 15 25 30 61
5 5 15 26 54 59
5 5 15 26 57 62
5 5 15 28 32 48
5 5 15 28 33 56
5 5 15 28 37 47
5 5 15 28 38 43
7 5 15 28 39 40 57 62
6 5 15 28 44 53 63
5 5 15 28 54 59
7 5 15 29 32 40 48 56
5 5 15 29 34 58
6 5 15 29 35 54 59
5 5 15 29 38 43
6 5 15 29 39 41 46
8 5 15 32 38 43 48 54 59
8 5 15 32 41 46 48 57 62
5 5 15 33 41 46
5 5 15 34 57 62
5 5 15 35 38 43
5 5 15 35 45 55
5 5 15 35 57 62
5 5 15 36 38 43
5 5 15 37 47 49
5 5 15 37 47 50
5 5 15 37 47 52
5 5 15 37 47 55
5 5 15 37 47 56
5 5 15 37 47 61
5 5 15 38 43 49
5 5 15 38 43 50
5 5 15 38 43 55
5 5 15 38 43 56
6 5 15 38 43 57 62
5 5 15 38 43 61
5 5 15 39 44 61
5 5 15 40 54 59
5 5 15 41 44 46
5 5 15 41 46 50
5 5 15 41 46 52
6 5 15 41 46 54 59
5 5 15 41 46 55
5 5 15 41 46 56
5 5 15 41 46 61
5 5 15 44 54 59
5 5 15 49 57 62
5 5 15 52 54 59
5 5 15 54 59 61
5 5 15 55 57 62
10 5 16 18 24 26 32 34 40 42 53
6 5 16 18 25 36 38
5 5 16 18 27 47
5 5 16 18 44 46
7 5 16 18 45 49 56 58
5 5 16 18 52 54
5 5 16 22 23 33
6 5 16 22 24 33 41
6 5 16 22 25 33 36
5 5 16 22 33 40
5 5 16 22 33 47
6 5 16 22 33 48 54
5 5 16 22 33 51
5 5 16 22 33 55
5 5 16 22 33 60
5 5 16 22 33 61
5 5 16 22 33 62
5 5 16 22 33 63
7 5 16 23 29 48 55 61
5 5 16 23 30 59
5 5 16 23 40 58
6 5 16 23 43 45 56
5 5 16 23 44 62
5 5 16 24 30 47
5 5 16 24 35 43
7 5 16 24 39 50 52 58
5 5 16 24 49 57
5 5 16 25 29 36
5 5 16 25 34 36
5 5 16 25 36 47
6 5 16 25 36 48 57
5 5 16 25 36 51
5 5 16 25 36 55
5 5 16 25 36 59
5 5 16 25 36 60
5 5 16 25 36 61
5 5 16 25 36 63
8 5 16 26 27 32 42 43 53
8 5 16 26 30 32 42 46 53
5 5 16 27 29 62
6 5 16 27 30 35 44
5 5 16 29 34 58
5 5 16 29 35 59
6 5 16 29 39 46 50
6 5 16 34 45 54 56
6 5 16 35 45 55 56
6 5 16 39 40 50 57
6 5 16 39 44 50 61
6 5 16 39 45 50 56
6 5 17 20 22 25 37
6 5 17 20 26 38 41
6 5 17 20 31 55 61
6 5 17 20 47 59 62
6 5 17 22 24 36 41
5 5 17 22 31 55
5 5 17 22 47 59
5 5 17 23 25 37
5 5 17 23 28 52
6 5 17 23 44 56 62
5 5 17 23 47 59
6 5 17 24 26 36 38
7 5 17 24 31 36 55 62
5 5 17 24 36 42
6 5 17 24 36 47 59
5 5 17 24 36 63
6 5 17 25 28 37 52
6 5 17 25 31 37 55
5 5 17 25 37 60
5 5 17 25 37 62
5 5 17 25 37 63
6 5 17 26 31 38 55
5 5 17 26 38 40
5 5 17 26 38 60
5 5 17 26 38 61
5 5 17 26 38 62
5 5 17 26 38 63
6 5 17 28 30 52 54
5 5 17 28 41 52
5 5 17 28 43 52
6 5 17 28 46 52 58
6 5 17 28 47 52 59
5 5 17 28 52 61
5 5 17 28 52 63
7 5 17 30 31 41 54 55
6 5 17 30 44 54 56
5 5 17 30 54 61
5 5 17 30 54 63
5 5 17 31 40 55
6 5 17 31 44 55 56
5 5 17 31 55 60
6 5 17 40 44 56 60
5 5 17 40 47 59
5 5 17 41 44 56
5 5 17 41 47 59
6 5 17 42 46 58 62
5 5 17 42 47 59
5 5 17 43 44 56
6 5 17 43 47 59 63
6 5 17 44 46 56 58
5 5 17 44 56 63
6 5 17 46 47 58 59
5 5 17 46 58 60
5 5 17 46 58 63
5 5 17 47 59 60
5 5 17 47 59 61
10 5 18 19 24 28 34 35 40 44 53
5 5 18 19 26 27
5 5 18 19 29 41
5 5 18 19 46 47
5 5 18 19 54 55
5 5 18 19 62 63
6 5 18 20 25 33 38
6 5 18 20 26 33 41
7 5 18 20 31 33 59 61
5 5 18 20 33 42
6 5 18 20 33 47 62
5 5 18 20 33 63
8 5 18 24 31 34 40 47 53
5 5 18 25 28 38
8 5 18 25 29 35 38 59 63
5 5 18 25 32 38
5 5 18 25 38 47
6 5 18 25 38 50 57
5 5 18 25 38 55
5 5 18 25 38 56
5 5 18 25 38 61
5 5 18 25 38 62
6 5 18 26 48 54 56
5 5 18 26 49 57
5 5 18 27 28 32
5 5 18 27 31 35
5 5 18 27 48 55
5 5 18 27 50 59
5 5 18 27 52 61
5 5 18 29 32 56
5 5 18 29 44 48
5 5 18 29 50 61
5 5 18 31 36 62
5 5 18 31 50 63
6 5 18 32 45 52 58
5 5 18 32 59 60
5 5 18 35 42 46
5 5 18 35 56 60
5 5 18 35 57 61
5 5 18 42 48 57
5 5 18 45 48 58
5 5 18 46 48 61
5 5 18 49 55 60
6 5 19 20 22 37 49
6 5 19 20 27 49 57
5 5 19 20 29 49
5 5 19 20 38 49
6 5 19 20 43 49 58
5 5 19 20 46 49
6 5 19 20 47 49 62
5 5 19 20 49 55
5 5 19 20 49 63
5 5 19 22 24 41
5 5 19 22 36 50
5 5 19 22 40 56
5 5 19 22 51 54
5 5 19 24 30 32
6 5 19 26 28 43 46
5 5 19 26 51 58
5 5 19 26 55 56
6 5 19 27 28 30 47
5 5 19 27 32 40
5 5 19 27 33 41
6 5 19 27 35 43 53
6 5 19 27 36 50 58
7 5 19 28 33 36 50 56
6 5 19 28 37 54 57
6 5 19 28 38 41 58
5 5 19 29 32 56
5 5 19 29 36 50
5 5 19 29 51 61
5 5 19 30 33 58
6 5 19 30 35 46 53
5 5 19 30 36 50
5 5 19 30 51 62
6 5 19 32 45 52 59
5 5 19 33 40 61
6 5 19 34 36 50 52
5 5 19 34 55 62
6 5 19 36 38 48 50
5 5 19 36 43 50
6 5 19 36 45 50 59
5 5 19 36 47 50
5 5 19 36 50 57
5 5 19 36 50 60
5 5 19 36 50 61
5 5 19 36 50 63
5 5 19 38 45 59
5 5 20 22 29 37
6 5 20 22 31 37 61
5 5 20 22 37 51
5 5 20 22 37 59
5 5 20 22 37 63
5 5 20 25 31 61
5 5 20 25 47 62
6 5 20 26 31 41 61
5 5 20 26 34 41
5 5 20 26 41 51
5 5 20 26 41 55
5 5 20 26 41 59
5 5 20 26 41 63
7 5 20 27 31 38 57 61
6 5 20 27 35 50 57
5 5 20 27 55 57
5 5 20 27 57 63
6 5 20 29 35 50 59
5 5 20 29 47 62
5 5 20 31 34 61
6 5 20 31 35 50 61
5 5 20 31 51 61
6 5 20 34 35 50 51
5 5 20 34 47 62
5 5 20 35 38 50
6 5 20 35 43 50 58
5 5 20 35 46 50
5 5 20 35 50 63
5 5 20 38 47 62
6 5 20 42 43 58 59
5 5 20 42 47 62
6 5 20 43 47 58 62
5 5 20 43 51 58
5 5 20 43 58 63
6 5 20 46 47 62 63
5 5 20 47 51 62
5 5 20 47 55 62
6 5 21 32 38 39 49
6 5 21 32 41 45 52
5 5 21 33 38 39
5 5 21 33 40 52
5 5 21 34 36 49
7 5 21 34 41 45 51 54
6 5 21 35 44 54 57
5 5 21 36 41 45
7 5 21 38 39 40 57 60
6 5 21 38 39 41 45
5 5 21 38 39 48
5 5 21 38 39 56
5 5 21 41 45 48
5 5 21 41 45 50
5 5 21 43 49 54
5 5 21 43 57 63
5 5 21 46 52 57
5 5 21 46 54 63
8 5 22 23 24 41 44 62 63
5 5 22 23 25 29
6 5 22 23 32 50 51
6 5 22 23 40 58 59
5 5 22 24 32 41
5 5 22 24 41 47
5 5 22 24 41 50
6 5 22 24 41 54 56
5 5 22 24 41 55
5 5 22 24 41 59
5 5 22 24 41 61
6 5 22 25 35 44 58
5 5 22 25 50 56
5 5 22 25 51 60
5 5 22 25 54 57
5 5 22 25 55 61
5 5 22 29 35 59
5 5 22 29 54 61
6 5 22 31 36 56 62
5 5 22 31 54 63
5 5 22 36 57 61
5 5 23 24 28 38
5 5 23 24 32 50
5 5 23 24 35 48
5 5 23 24 55 56
5 5 23 25 44 62
5 5 23 25 55 57
5 5 23 28 32 50
5 5 23 28 33 56
5 5 23 28 55 60
6 5 23 29 32 50 56
7 5 23 29 35 44 59 62
5 5 23 29 49 52
5 5 23 29 51 60
5 5 23 30 32 50
6 5 23 30 44 55 62
5 5 23 30 49 56
5 5 23 32 38 50
6 5 23 32 40 50 58
7 5 23 32 43 45 50 52
5 5 23 32 46 50
5 5 23 32 50 57
5 5 23 32 50 59
5 5 23 32 50 60
5 5 23 32 50 61
5 5 23 32 50 63
5 5 23 33 44 62
5 5 23 34 44 62
5 5 23 34 52 59
6 5 23 35 40 52 58
6 5 23 35 43 45 55
5 5 23 37 57 63
6 5 23 38 40 58 63
6 5 23 40 42 56 58
6 5 23 40 44 58 62
5 5 23 40 47 58
5 5 23 40 48 58
5 5 23 40 49 58
5 5 23 40 51 58
5 5 23 40 58 60
5 5 23 42 44 62
5 5 23 42 51 52
5 5 23 43 45 48
5 5 23 43 45 49
5 5 23 43 45 51
6 5 23 44 46 60 62
5 5 23 44 48 62
5 5 23 44 49 62
5 5 23 44 51 62
5 5 24 26 28 30
6 5 24 26 48 50 57
5 5 24 26 52 54
5 5 24 28 43 47
5 5 24 28 57 61
5 5 24 28 59 63
5 5 24 30 31 44
5 5 24 30 48 61
5 5 24 30 49 55
5 5 24 30 56 62
5 5 24 31 33 59
5 5 24 31 56 63
6 5 24 32 39 49 58
5 5 24 32 51 62
5 5 24 39 48 58
5 5 24 42 43 44
5 5 24 42 48 54
5 5 24 43 48 55
5 5 24 44 50 51
5 5 24 44 54 55
5 5 24 51 52 61
5 5 25 28 33 56
5 5 25 28 34 50
5 5 25 28 57 60
6 5 25 29 32 56 60
6 5 25 29 34 58 62
6 5 25 31 33 50 59
5 5 25 31 57 63
5 5 25 33 54 55
5 5 26 27 30 31
6 5 26 27 36 58 59
6 5 26 27 37 50 51
5 5 26 27 54 55
5 5 26 27 62 63
5 5 26 28 50 61
5 5 26 28 58 60
6 5 26 30 33 58 62
6 5 26 30 37 56 60
5 5 26 30 57 61
5 5 26 30 59 63
5 5 26 31 33 59
5 5 26 31 34 43
5 5 26 31 36 62
5 5 26 31 40 46
5 5 26 34 49 56
5 5 26 40 50 52
5 5 27 28 33 56
5 5 27 28 36 58
6 5 27 28 43 44 53
5 5 27 28 59 60
5 5 27 29 32 56
6 5 27 29 35 59 61
5 5 27 29 50 52
5 5 27 30 38 41
5 5 27 30 49 52
5 5 27 30 50 56
5 5 27 30 51 60
5 5 27 30 55 61
5 5 27 30 59 62
6 5 27 31 33 59 63
6 5 27 31 36 58 62
5 5 27 31 40 44
6 5 27 31 43 47 53
5 5 27 31 56 60
5 5 27 33 38 50
5 5 27 35 36 58
5 5 27 35 48 62
7 5 27 36 38 47 56 58
6 5 27 36 41 48 58
6 5 27 36 42 52 58
5 5 27 36 49 58
5 5 27 36 51 58
5 5 27 36 58 60
5 5 27 36 58 63
5 5 27 37 49 54
5 5 27 40 42 47
5 5 27 40 51 52
5 5 27 42 51 54
5 5 27 42 56 63
5 5 27 47 48 50
5 5 27 47 52 54
5 5 28 30 32 34
6 5 28 30 33 56 58
5 5 28 30 36 38
6 5 28 30 44 46 53
6 5 28 32 39 49 62
6 5 28 33 39 56 62
6 5 28 33 40 49 56
6 5 28 33 41 48 56
5 5 28 33 46 56
5 5 28 33 47 56
5 5 28 33 51 56
5 5 28 33 54 56
5 5 28 33 55 56
5 5 28 33 56 63
5 5 28 34 36 55
5 5 28 39 41 62
5 5 28 40 59 61
6 5 29 32 34 56 58
7 5 29 32 39 46 49 56
5 5 29 32 41 56
5 5 29 32 43 56
5 5 29 32 51 56
5 5 29 32 54 56
5 5 29 32 55 56
5 5 29 32 56 62
5 5 29 32 56 63
6 5 29 34 35 58 59
6 5 29 34 41 58 63
6 5 29 34 42 50 58
6 5 29 34 44 49 58
5 5 29 34 47 58
5 5 29 34 48 58
5 5 29 34 51 58
5 5 29 34 52 58
5 5 29 34 58 60
5 5 29 35 36 59
5 5 29 35 40 59
5 5 29 35 42 59
6 5 29 35 43 51 59
5 5 29 35 48 59
5 5 29 35 52 59
5 5 29 35 59 60
5 5 29 37 54 63
6 5 29 39 44 46 61
5 5 29 39 46 48
5 5 29 39 46 52
5 5 29 39 46 60
5 5 29 40 49 62
5 5 29 42 49 60
6 5 30 31 33 58 59
5 5 30 31 34 35
6 5 30 31 36 62 63
6 5 30 31 46 47 53
5 5 30 31 50 51
6 5 30 33 38 48 58
7 5 30 33 41 47 50 58
6 5 30 33 42 49 58
5 5 30 33 44 58
5 5 30 33 51 58
5 5 30 33 52 58
5 5 30 33 58 60
5 5 30 33 58 63
5 5 30 34 42 47
5 5 30 34 49 60
5 5 30 36 41 56
5 5 30 37 52 57
5 5 30 42 50 63
5 5 30 42 57 60
5 5 30 44 48 59
5 5 30 47 48 56
5 5 30 47 49 57
6 5 31 33 36 59 62
5 5 31 33 38 59
5 5 31 33 40 59
6 5 31 33 41 51 59
5 5 31 33 44 59
5 5 31 33 48 59
5 5 31 33 52 59
5 5 31 33 59 60
5 5 31 34 36 62
5 5 31 35 36 62
6 5 31 36 38 60 62
5 5 31 36 41 62
5 5 31 36 48 62
5 5 31 36 49 62
5 5 31 36 51 62
6 5 32 34 45 52 54
5 5 32 34 60 62
6 5 32 39 40 49 57
6 5 32 39 45 49 52
5 5 32 39 49 60
5 5 32 40 51 59
5 5 32 45 51 52
5 5 33 36 38 41
5 5 33 36 51 60
5 5 33 36 55 61
5 5 33 39 44 61
5 5 33 40 55 62
5 5 33 44 49 60
5 5 33 46 49 62
5 5 33 47 49 63
5 5 34 35 42 43
6 5 34 35 45 54 55
5 5 34 35 62 63
5 5 34 36 59 61
7 5 34 41 44 50 57 60
5 5 34 42 48 56
5 5 34 42 49 57
5 5 34 42 51 59
5 5 34 43 50 59
5 5 34 43 52 61
5 5 34 45 48 54
5 5 34 45 49 54
5 5 34 47 50 63
5 5 35 36 45 55
5 5 35 36 51 52
7 5 35 38 40 51 54 56
5 5 35 38 45 55
5 5 35 42 51 58
5 5 35 43 44 46
5 5 35 43 48 56
5 5 35 43 49 57
6 5 35 44 49 52 63
5 5 35 45 48 55
5 5 35 45 49 55
5 5 35 46 51 62
5 5 36 43 52 59
5 5 36 47 52 63
5 5 38 41 50 56
5 5 38 41 51 60
5 5 38 41 54 57
5 5 38 41 55 61
5 5 38 41 59 62
5 5 38 47 54 63
6 5 39 40 44 57 61
5 5 39 40 48 57
5 5 39 40 52 57
5 5 39 41 44 61
5 5 39 44 48 61
5 5 39 44 52 61
5 5 40 42 44 46
5 5 40 42 48 50
5 5 40 42 52 54
5 5 40 42 60 62
5 5 40 44 59 63
5 5 40 46 49 55
5 5 40 46 56 62
5 5 40 47 56 63
5 5 41 47 57 63
5 5 42 43 46 47
5 5 42 43 50 51
5 5 42 43 54 55
5 5 42 43 62 63
5 5 42 44 58 60
5 5 42 46 56 60
5 5 42 46 57 61
5 5 42 46 59 63
5 5 43 44 59 60
5 5 43 46 49 52
5 5 43 46 50 56
5 5 43 46 51 60
5 5 43 46 55 61
5 5 43 46 59 62
5 5 43 47 56 60
5 5 43 47 57 61
5 5 44 46 48 50
5 5 44 46 52 54
5 5 46 47 50 51
5 5 46 47 54 55
5 5 48 50 56 58
5 5 49 52 54 57
5 5 50 51 56 60
5 5 50 51 58 59
5 5 51 59 60 62
5 5 54 55 57 61
5 5 56 58 60 62
5 5 58 59 62 63
6 6 7 8 18 19 32
5 6 7 8 20 33
8 6 7 8 21 37 54 55 56
8 6 7 8 22 23 24 58 59
7 6 7 8 25 28 46 47
5 6 7 8 26 27
5 6 7 8 30 31
5 6 7 8 34 35
5 6 7 8 36 52
6 6 7 8 38 39 40
5 6 7 8 41 44
5 6 7 8 42 43
5 6 7 8 50 51
5 6 7 8 57 60
5 6 7 8 62 63
5 6 7 9 13 16
7 6 7 9 13 17 20 32
12 6 7 9 13 18 19 24 28 33 36 49 52
10 6 7 9 13 21 37 54 55 57 61
12 6 7 9 13 22 23 25 29 42 43 46 47
8 6 7 9 13 26 27 30 31
8 6 7 9 13 34 35 40 44
8 6 7 9 13 38 39 41 45
5 6 7 9 13 48
8 6 7 9 13 50 51 56 60
5 6 7 9 13 53
8 6 7 9 13 58 59 62 63
6 6 7 10 11 16 28
10 6 7 10 11 17 29 36 40 52 56
20 6 7 10 11 18 19 21 25 30 31 34 35 37 41 46 47 54 55 58 59
6 6 7 10 11 20 24
8 6 7 10 11 22 23 26 27
6 6 7 10 11 32 44
6 6 7 10 11 33 45
8 6 7 10 11 38 39 42 43
6 6 7 10 11 48 60
6 6 7 10 11 49 61
10 6 7 10 11 50 51 53 57 62 63
7 6 7 12 18 19 20 48
10 6 7 12 21 24 37 40 54 55 60
9 6 7 12 22 23 28 41 62 63
6 6 7 12 25 46 47
6 6 7 12 26 27 29
5 6 7 12 30 31
9 6 7 12 34 35 36 50 51 52
6 6 7 12 38 39 44
6 6 7 12 42 43 45
5 6 7 12 53 56
6 6 7 12 58 59 61
5 6 7 14 15 16
7 6 7 14 15 17 24 48
8 6 7 14 15 18 19 50 51
6 6 7 14 15 20 28
12 6 7 14 15 21 29 37 45 54 55 62 63
8 6 7 14 15 22 23 30 31
9 6 7 14 15 25 38 39 46 47
6 6 7 14 15 26 27
5 6 7 14 15 32
6 6 7 14 15 33 40
6 6 7 14 15 34 35
8 6 7 14 15 36 44 52 60
5 6 7 14 15 41
6 6 7 14 15 42 43
6 6 7 14 15 49 56
6 6 7 14 15 53 61
5 6 7 14 15 57
6 6 7 14 15 58 59
8 6 7 16 21 32 37 54 55
7 6 7 16 25 46 47 56
5 6 7 16 34 35
6 6 7 16 38 39 49
5 6 7 16 42 43
5 6 7 16 58 59
5 6 7 16 62 63
8 6 7 17 25 46 47 49 57
5 6 7 17 30 31
5 6 7 17 38 39
5 6 7 17 41 53
5 6 7 17 58 59
5 6 7 17 62 63
8 6 7 18 19 26 27 38 39
6 6 7 18 19 29 53
5 6 7 18 19 40
6 6 7 18 19 42 43
6 6 7 18 19 44 56
6 6 7 18 19 45 57
5 6 7 18 19 60
5 6 7 18 19 61
6 6 7 18 19 62 63
6 6 7 20 26 27 56
5 6 7 20 29 44
6 6 7 20 34 35 49
6 6 7 20 42 43 57
5 6 7 20 50 51
5 6 7 20 58 59
5 6 7 20 62 63
8 6 7 21 28 37 44 54 55
6 6 7 22 23 32 49
5 6 7 22 23 33
6 6 7 22 23 40 57
6 6 7 22 23 44 61
5 6 7 22 23 45
5 6 7 22 23 48
5 6 7 22 23 56
5 6 7 22 23 60
5 6 7 24 34 35
6 6 7 24 38 39 57
5 6 7 24 41 61
7 6 7 24 42 43 62 63
5 6 7 24 50 51
7 6 7 25 33 46 47 53
7 6 7 25 46 47 50 51
5 6 7 26 27 28
5 6 7 26 27 32
6 6 7 26 27 34 35
5 6 7 26 27 48
5 6 7 26 27 49
5 6 7 26 27 53
6 6 7 26 27 58 59
5 6 7 26 27 60
5 6 7 26 27 61
6 6 7 28 34 35 56
6 6 7 28 38 39 61
5 6 7 28 40 53
5 6 7 28 42 43
5 6 7 28 50 51
5 6 7 28 58 59
6 6 7 29 34 35 57
5 6 7 29 38 39
5 6 7 29 50 51
5 6 7 29 58 59
6 6 7 30 31 32 56
6 6 7 30 31 33 57
8 6 7 30 31 36 45 52 61
6 6 7 30 31 38 39
5 6 7 30 31 40
6 6 7 30 31 42 43
5 6 7 30 31 44
5 6 7 30 31 48
5 6 7 30 31 49
6 6 7 30 31 50 51
5 6 7 30 31 53
6 6 7 30 31 62 63
5 6 7 32 50 51
5 6 7 32 58 59
5 6 7 33 58 59
5 6 7 33 62 63
6 6 7 34 35 42 43
5 6 7 34 35 45
5 6 7 34 35 48
5 6 7 34 35 53
5 6 7 34 35 60
5 6 7 34 35 61
6 6 7 34 35 62 63
8 6 7 36 42 43 52 58 59
5 6 7 38 39 48
6 6 7 38 39 50 51
5 6 7 38 39 56
6 6 7 38 39 58 59
5 6 7 38 39 60
6 6 7 38 39 62 63
5 6 7 40 50 51
5 6 7 40 58 59
5 6 7 41 50 51
5 6 7 42 43 44
5 6 7 42 43 48
5 6 7 42 43 49
5 6 7 42 43 53
5 6 7 42 43 56
5 6 7 42 43 60
5 6 7 42 43 61
5 6 7 44 50 51
5 6 7 44 58 59
5 6 7 44 62 63
5 6 7 45 50 51
5 6 7 45 58 59
5 6 7 49 62 63
6 6 7 50 51 58 59
5 6 7 50 51 61
5 6 7 58 59 60
5 6 8 13 16 31
10 6 8 13 17 27 33 43 54 56 61
9 6 8 13 18 23 32 47 49 59
7 6 8 13 20 30 37 42
5 6 8 13 21 26
6 6 8 13 22 24 29
6 6 8 13 28 36 46
5 6 8 13 34 39
6 6 8 13 38 40 45
5 6 8 13 48 63
5 6 8 13 50 55
5 6 8 13 52 62
5 6 8 13 53 58
8 6 8 14 17 23 31 34 59
6 6 8 14 18 32 50
8 6 8 14 20 28 38 40 46
5 6 8 14 21 29
6 6 8 14 22 24 30
7 6 8 14 27 36 44 57
6 6 8 14 33 39 47
5 6 8 14 37 45
6 6 8 14 49 55 63
5 6 8 14 52 60
5 6 8 14 53 61
6 6 8 14 54 56 62
6 6 8 16 23 50 59
5 6 8 16 27 60
5 6 8 16 33 42
5 6 8 16 38 40
5 6 8 16 39 49
5 6 8 16 45 53
5 6 8 16 47 55
5 6 8 17 26 37
6 6 8 17 28 46 57
5 6 8 17 39 52
5 6 8 17 44 53
5 6 8 17 47 60
5 6 8 18 21 32
7 6 8 18 27 32 39 62
6 6 8 18 29 32 53
6 6 8 18 31 32 55
5 6 8 18 32 41
5 6 8 18 32 43
6 6 8 18 32 45 57
5 6 8 18 32 60
5 6 8 18 32 61
5 6 8 18 32 63
8 6 8 19 25 35 41 54 56
5 6 8 19 26 39
5 6 8 19 33 48
5 6 8 19 37 52
5 6 8 19 38 40
5 6 8 19 42 51
5 6 8 19 44 55
5 6 8 19 45 60
5 6 8 20 29 41
6 6 8 20 31 43 57
5 6 8 20 34 50
5 6 8 20 35 49
5 6 8 20 47 61
8 6 8 21 23 38 40 57 59
5 6 8 21 35 52
6 6 8 22 24 34 48
5 6 8 22 24 35
6 6 8 22 24 39 57
5 6 8 22 24 43
6 6 8 22 24 44 62
5 6 8 22 24 47
5 6 8 22 24 49
5 6 8 22 24 50
5 6 8 22 24 51
5 6 8 22 24 52
5 6 8 22 24 55
5 6 8 22 24 60
5 6 8 22 24 61
5 6 8 22 24 63
6 6 8 23 26 45 59
6 6 8 23 33 52 59
5 6 8 23 37 59
5 6 8 23 41 59
5 6 8 23 48 59
6 6 8 25 38 40 53
5 6 8 25 43 63
5 6 8 26 44 60
5 6 8 27 38 40
6 6 8 28 33 46 53
6 6 8 28 35 46 55
5 6 8 28 37 46
5 6 8 28 46 48
5 6 8 28 46 49
5 6 8 28 46 50
5 6 8 28 46 51
5 6 8 29 34 57
5 6 8 29 35 60
5 6 8 30 33 57
5 6 8 30 36 45
5 6 8 30 38 40
5 6 8 30 39 50
5 6 8 30 43 60
5 6 8 31 33 60
5 6 8 31 36 61
5 6 8 31 38 40
6 6 8 31 47 54 56
5 6 8 35 36 50
5 6 8 36 43 58
5 6 8 36 47 62
5 6 8 38 40 48
5 6 8 38 40 49
5 6 8 38 40 50
5 6 8 38 40 51
5 6 8 38 40 52
5 6 8 38 40 55
5 6 8 38 40 58
5 6 8 38 40 60
5 6 8 38 40 61
5 6 8 38 40 62
5 6 8 38 40 63
6 6 8 39 42 55 58
5 6 9 11 14 16
8 6 9 11 14 17 19 20 28
12 6 9 11 14 18 24 33 35 36 44 50 56
12 6 9 11 14 21 23 29 31 38 41 43 46
8 6 9 11 14 22 25 27 30
5 6 9 11 14 26
5 6 9 11 14 32
6 6 9 11 14 34 40
8 6 9 11 14 37 39 45 47
5 6 9 11 14 42
5 6 9 11 14 48
8 6 9 11 14 49 51 52 60
8 6 9 11 14 53 55 61 63
8 6 9 11 14 54 57 59 62
5 6 9 11 14 58
6 6 9 15 17 20 48
9 6 9 15 18 24 33 36 51 60
5 6 9 15 19 28
6 6 9 15 21 39 45
6 6 9 15 22 25 31
7 6 9 15 23 29 43 46
5 6 9 15 27 30
5 6 9 15 34 40
5 6 9 15 35 44
6 6 9 15 38 41 47
5 6 9 15 49 52
5 6 9 15 50 56
6 6 9 15 54 57 63
5 6 9 15 55 61
5 6 9 15 59 62
9 6 9 16 23 29 43 46 50 56
7 6 9 16 27 30 55 61
6 6 9 16 32 54 57
5 6 9 16 34 40
6 6 9 16 35 44 48
7 6 9 16 39 45 49 52
6 6 9 16 47 51 60
5 6 9 16 59 62
6 6 9 17 20 26 37
7 6 9 17 20 31 50 56
8 6 9 17 20 35 44 49 52
6 6 9 17 20 38 41
5 6 9 17 20 42
7 6 9 17 20 47 55 61
6 6 9 17 20 51 60
6 6 9 17 20 59 62
5 6 9 17 20 63
9 6 9 18 24 31 33 36 55 61
7 6 9 18 24 33 36 42
9 6 9 18 24 33 36 47 59 62
7 6 9 18 24 33 36 63
9 6 9 19 21 28 34 40 50 56
9 6 9 19 26 28 39 45 55 61
6 6 9 19 28 32 48
6 6 9 19 28 37 53
6 6 9 19 28 42 58
6 6 9 19 28 47 63
6 6 9 21 27 30 42
6 6 9 21 35 44 53
5 6 9 21 49 52
5 6 9 21 51 60
5 6 9 21 59 62
8 6 9 22 25 34 40 49 52
8 6 9 22 25 39 45 59 62
5 6 9 22 25 48
6 6 9 22 25 50 56
5 6 9 22 25 53
6 6 9 22 25 55 61
5 6 9 22 25 58
5 6 9 22 25 63
9 6 9 23 29 32 43 46 49 52
7 6 9 23 29 37 43 46
7 6 9 23 29 43 46 48
6 6 9 26 35 44 58
5 6 9 26 49 52
5 6 9 26 51 60
5 6 9 26 59 62
7 6 9 27 30 32 50 56
8 6 9 27 30 35 44 59 62
5 6 9 27 30 37
6 6 9 27 30 38 41
5 6 9 27 30 48
6 6 9 27 30 49 52
6 6 9 27 30 51 60
6 6 9 31 32 51 60
7 6 9 31 34 40 59 62
6 6 9 31 35 44 63
5 6 9 31 39 45
6 6 9 31 47 54 57
5 6 9 31 49 52
5 6 9 32 39 45
5 6 9 32 55 61
5 6 9 32 59 62
5 6 9 34 40 47
5 6 9 34 40 48
6 6 9 34 40 51 60
6 6 9 34 40 55 61
5 6 9 34 40 63
5 6 9 35 37 44
5 6 9 35 42 44
5 6 9 37 49 52
5 6 9 37 50 56
5 6 9 37 51 60
5 6 9 37 59 62
5 6 9 38 41 48
6 6 9 38 41 49 52
6 6 9 38 41 50 56
5 6 9 38 41 53
6 6 9 38 41 55 61
5 6 9 38 41 58
6 6 9 38 41 59 62
5 6 9 38 41 63
5 6 9 39 45 48
6 6 9 39 45 50 56
6 6 9 39 45 51 60
5 6 9 39 45 63
5 6 9 42 49 52
5 6 9 42 51 60
5 6 9 42 55 61
5 6 9 42 59 62
5 6 9 47 49 52
5 6 9 47 50 56
5 6 9 48 55 61
5 6 9 48 59 62
5 6 9 49 52 58
5 6 9 49 52 63
5 6 9 50 56 63
5 6 9 51 53 60
5 6 9 51 58 60
5 6 9 53 59 62
6 6 10 16 21 25 28
8 6 10 16 23 27 28 50 62
6 6 10 16 28 33 45
6 6 10 16 28 35 47
6 6 10 16 28 38 42
8 6 10 16 28 39 43 49 61
6 6 10 16 28 48 60
6 6 10 16 28 51 63
6 6 10 16 28 53 57
6 6 10 16 28 55 59
12 6 10 17 19 29 31 36 40 49 51 61 63
10 6 10 17 29 35 36 40 47 50 62
8 6 10 17 29 36 40 55 59
6 6 10 19 20 24 31
6 6 10 19 31 32 44
8 6 10 19 31 33 45 50 62
6 6 10 19 31 38 42
6 6 10 19 31 48 60
6 6 10 19 31 52 56
6 6 10 19 31 53 57
8 6 10 20 24 32 44 48 60
8 6 10 20 24 35 47 49 61
6 6 10 20 24 37 41
6 6 10 20 24 38 42
6 6 10 20 24 50 62
6 6 10 20 24 51 63
6 6 10 20 24 52 56
6 6 10 20 24 55 59
8 6 10 21 23 25 27 38 42
6 6 10 21 25 39 43
6 6 10 21 25 48 60
6 6 10 21 25 50 62
6 6 10 21 25 51 63
6 6 10 21 25 52 56
6 6 10 21 25 53 57
6 6 10 22 26 32 44
8 6 10 22 26 33 45 52 56
6 6 10 22 26 35 47
6 6 10 22 26 48 60
6 6 10 22 26 49 61
6 6 10 22 26 51 63
6 6 10 22 26 53 57
6 6 10 22 26 55 59
8 6 10 23 27 32 44 49 61
6 6 10 23 27 37 41
6 6 10 23 27 48 60
6 6 10 23 27 52 56
6 6 10 32 37 41 44
6 6 10 32 39 43 44
6 6 10 32 44 50 62
6 6 10 32 44 51 63
6 6 10 32 44 53 57
6 6 10 32 44 55 59
6 6 10 33 35 45 47
6 6 10 33 45 48 60
6 6 10 33 45 51 63
6 6 10 33 45 55 59
6 6 10 35 47 48 60
6 6 10 35 47 52 56
6 6 10 35 47 53 57
6 6 10 37 39 41 43
6 6 10 37 41 48 60
6 6 10 37 41 49 61
6 6 10 37 41 50 62
6 6 10 37 41 51 63
6 6 10 37 41 52 56
6 6 10 37 41 53 57
6 6 10 38 42 48 60
6 6 10 38 42 49 61
6 6 10 38 42 51 63
6 6 10 38 42 52 56
6 6 10 38 42 53 57
6 6 10 38 42 55 59
6 6 10 39 43 48 60
6 6 10 39 43 50 62
6 6 10 39 43 51 63
6 6 10 39 43 52 56
6 6 10 39 43 55 59
6 6 10 48 53 57 60
6 6 10 48 55 59 60
6 6 10 51 52 56 63
6 6 10 53 55 57 59
7 6 11 13 18 20 35 49
7 6 11 13 21 31 41 46
6 6 11 13 22 27 29
6 6 11 13 23 37 47
8 6 11 13 24 40 54 59 61
5 6 11 13 25 30
7 6 11 13 28 34 36 56
6 6 11 13 38 43 45
5 6 11 13 50 52
5 6 11 13 53 63
5 6 11 13 57 62
7 6 11 16 17 23 34 50
5 6 11 16 25 30
6 6 11 16 32 54 59
5 6 11 16 33 48
6 6 11 16 37 47 52
5 6 11 16 38 43
5 6 11 16 39 49
5 6 11 16 45 60
5 6 11 16 57 62
8 6 11 17 26 37 47 53 63
5 6 11 17 39 55
5 6 11 17 42 58
5 6 11 17 44 60
5 6 11 17 45 61
6 6 11 18 28 35 52
7 6 11 18 29 35 53 63
5 6 11 18 35 40
5 6 11 18 35 42
7 6 11 18 35 45 57 62
5 6 11 18 35 60
5 6 11 18 35 61
5 6 11 19 24 60
5 6 11 19 26 39
5 6 11 19 29 50
5 6 11 19 33 51
6 6 11 19 36 49 56
5 6 11 19 38 43
5 6 11 19 44 52
6 6 11 19 45 53 63
5 6 11 19 57 62
8 6 11 20 21 31 40 41 46
5 6 11 20 26 45
5 6 11 20 33 52
6 6 11 20 37 47 61
7 6 11 20 38 43 57 62
8 6 11 21 31 32 41 46 52
7 6 11 21 31 39 41 46
7 6 11 21 31 41 46 48
7 6 11 21 31 41 46 49
7 6 11 21 31 41 46 50
7 6 11 21 31 41 46 51
5 6 11 22 27 32
6 6 11 22 27 34 51
10 6 11 22 27 36 37 47 56 57 62
5 6 11 22 27 40
5 6 11 22 27 44
5 6 11 22 27 48
5 6 11 22 27 50
6 6 11 22 27 52 58
5 6 11 22 27 55
5 6 11 22 27 60
5 6 11 22 27 61
5 6 11 23 24 58
6 6 11 23 25 30 42
7 6 11 23 28 40 57 62
5 6 11 23 32 49
5 6 11 23 44 61
5 6 11 24 25 30
5 6 11 24 37 47
5 6 11 24 38 43
6 6 11 24 39 57 62
5 6 11 24 53 63
7 6 11 25 30 33 57 62
6 6 11 25 30 38 43
5 6 11 25 30 39
6 6 11 25 30 40 60
5 6 11 25 30 48
5 6 11 25 30 49
5 6 11 25 30 50
5 6 11 25 30 51
5 6 11 25 30 52
6 6 11 25 30 53 63
5 6 11 25 30 61
5 6 11 26 33 58
5 6 11 26 57 62
5 6 11 28 33 60
5 6 11 28 37 47
5 6 11 28 38 43
5 6 11 28 39 61
6 6 11 28 44 54 59
5 6 11 28 53 63
5 6 11 29 32 60
5 6 11 29 33 61
6 6 11 29 34 57 62
5 6 11 29 37 47
6 6 11 29 45 54 59
5 6 11 32 33 39
5 6 11 32 53 63
5 6 11 32 57 62
5 6 11 34 53 63
5 6 11 36 42 56
5 6 11 36 51 56
5 6 11 36 55 56
5 6 11 37 47 48
5 6 11 37 47 49
5 6 11 37 47 50
5 6 11 37 47 51
5 6 11 37 47 60
5 6 11 38 43 48
5 6 11 38 43 50
5 6 11 38 43 51
5 6 11 38 43 52
6 6 11 38 43 53 63
5 6 11 38 43 55
5 6 11 38 43 60
5 6 11 38 43 61
5 6 11 40 53 63
5 6 11 42 53 63
5 6 11 42 57 62
5 6 11 44 53 63
5 6 11 44 57 62
5 6 11 48 49 55
5 6 11 48 57 62
5 6 11 52 53 63
5 6 11 55 57 62
5 6 12 16 21 24
5 6 12 16 27 34
6 6 12 16 32 54 60
7 6 12 16 33 46 53 56
5 6 12 16 35 51
5 6 12 16 38 44
5 6 12 16 39 49
5 6 12 16 42 45
5 6 12 16 58 61
6 6 12 17 23 34 63
6 6 12 17 30 38 44
5 6 12 17 31 39
5 6 12 17 42 45
5 6 12 17 46 57
5 6 12 17 53 56
5 6 12 17 58 61
7 6 12 18 25 37 40 48
10 6 12 18 26 29 38 44 48 53 56
6 6 12 18 27 39 48
7 6 12 18 42 45 48 57
5 6 12 18 43 48
6 6 12 18 47 48 59
5 6 12 18 48 62
6 6 12 19 21 24 34
6 6 12 19 26 29 39
5 6 12 19 36 49
5 6 12 19 37 40
5 6 12 19 42 45
5 6 12 19 46 59
5 6 12 19 53 56
5 6 12 19 58 61
5 6 12 20 26 29
6 6 12 20 27 38 44
7 6 12 20 33 35 49 51
6 6 12 20 37 40 46
5 6 12 20 42 45
5 6 12 20 43 57
6 6 12 20 47 58 61
10 6 12 21 23 24 38 44 58 61 63
5 6 12 21 24 30
5 6 12 21 24 32
6 6 12 21 24 35 51
6 6 12 21 24 39 57
5 6 12 21 24 43
5 6 12 21 24 47
5 6 12 21 24 49
5 6 12 21 24 50
5 6 12 21 24 52
6 6 12 21 24 53 56
5 6 12 21 24 59
5 6 12 21 24 62
6 6 12 22 28 32 41
6 6 12 22 28 33 41
8 6 12 22 28 34 41 53 56
8 6 12 22 28 39 41 58 61
6 6 12 22 28 41 43
6 6 12 22 28 41 47
6 6 12 22 28 41 49
6 6 12 22 28 41 50
6 6 12 22 28 41 55
6 6 12 22 28 41 59
7 6 12 23 25 42 45 63
6 6 12 23 32 49 63
5 6 12 23 33 63
7 6 12 23 37 40 57 63
5 6 12 23 52 63
5 6 12 25 53 56
5 6 12 25 58 61
5 6 12 26 29 31
5 6 12 26 29 32
5 6 12 26 29 33
6 6 12 26 29 34 57
6 6 12 26 29 35 51
5 6 12 26 29 47
5 6 12 26 29 49
5 6 12 26 29 52
5 6 12 26 29 55
6 6 12 26 29 58 61
5 6 12 26 29 59
5 6 12 26 29 62
5 6 12 27 36 57
5 6 12 27 37 40
5 6 12 27 53 56
5 6 12 27 58 61
6 6 12 30 32 53 56
5 6 12 30 33 57
7 6 12 30 35 43 51 59
6 6 12 30 36 42 45
5 6 12 30 37 40
5 6 12 31 34 59
5 6 12 31 35 51
7 6 12 31 36 43 58 61
5 6 12 31 37 40
5 6 12 31 38 44
6 6 12 31 47 54 60
5 6 12 31 53 56
5 6 12 32 37 40
5 6 12 32 46 52
5 6 12 32 58 61
5 6 12 33 58 61
5 6 12 34 42 45
8 6 12 35 37 40 51 53 56
8 6 12 35 42 45 51 58 61
5 6 12 36 47 62
5 6 12 37 39 40
5 6 12 37 40 49
5 6 12 37 40 50
5 6 12 37 40 52
6 6 12 37 40 58 61
5 6 12 37 40 59
5 6 12 37 40 62
5 6 12 38 44 49
5 6 12 38 44 50
5 6 12 38 44 52
5 6 12 38 44 55
5 6 12 38 44 59
5 6 12 38 44 62
5 6 12 42 45 47
5 6 12 42 45 49
5 6 12 42 45 52
6 6 12 42 45 53 56
5 6 12 42 45 55
5 6 12 42 45 59
5 6 12 42 45 62
5 6 12 43 53 56
5 6 12 47 53 56
5 6 12 50 58 61
5 6 12 52 58 61
5 6 12 53 55 56
5 6 12 53 56 62
6 6 13 15 17 19 48
6 6 13 15 18 49 51
8 6 13 15 21 23 38 45 47
6 6 13 15 22 29 31
5 6 13 15 24 44
5 6 13 15 25 27
6 6 13 15 28 36 60
5 6 13 15 33 35
6 6 13 15 37 39 58
5 6 13 15 41 43
5 6 13 15 53 55
6 6 13 15 54 61 63
5 6 13 15 57 59
6 6 13 16 23 47 50
6 6 13 16 30 33 57
6 6 13 16 32 54 61
5 6 13 16 38 45
5 6 13 16 43 60
5 6 13 16 46 56
7 6 13 17 23 34 47 52
5 6 13 17 31 60
5 6 13 17 38 45
6 6 13 18 21 40 49
8 6 13 18 26 38 45 49 57
6 6 13 18 31 49 55
5 6 13 18 41 49
5 6 13 18 42 49
6 6 13 18 43 49 62
5 6 13 18 49 63
5 6 13 19 21 34
8 6 13 19 25 35 41 54 61
5 6 13 19 37 51
5 6 13 19 38 45
5 6 13 19 40 60
5 6 13 19 42 62
5 6 13 19 43 63
5 6 13 19 44 50
5 6 13 20 33 60
5 6 13 20 34 55
5 6 13 20 38 45
5 6 13 20 40 46
5 6 13 20 43 57
5 6 13 21 27 42
5 6 13 21 44 60
5 6 13 22 29 32
5 6 13 22 29 33
6 6 13 22 29 34 57
5 6 13 22 29 35
6 6 13 22 29 39 63
6 6 13 22 29 44 52
5 6 13 22 29 48
5 6 13 22 29 50
5 6 13 22 29 51
5 6 13 22 29 55
5 6 13 22 29 56
5 6 13 22 29 59
5 6 13 22 29 60
5 6 13 22 29 62
6 6 13 23 24 47 58
5 6 13 23 26 47
5 6 13 23 33 47
6 6 13 23 40 47 57
5 6 13 23 41 47
5 6 13 23 47 48
5 6 13 23 47 56
5 6 13 23 47 60
5 6 13 24 30 41
5 6 13 24 35 60
5 6 13 24 39 57
5 6 13 25 33 48
6 6 13 25 38 45 58
5 6 13 26 35 62
6 6 13 27 28 36 57
5 6 13 27 32 60
5 6 13 27 34 62
5 6 13 27 44 58
6 6 13 28 35 36 50
5 6 13 28 36 42
6 6 13 28 36 43 58
5 6 13 28 36 51
5 6 13 28 36 55
5 6 13 28 36 59
5 6 13 28 36 63
5 6 13 30 32 56
5 6 13 30 35 59
5 6 13 30 39 55
5 6 13 31 32 50
5 6 13 31 34 59
5 6 13 31 37 43
5 6 13 31 38 45
5 6 13 31 40 58
5 6 13 32 46 52
5 6 13 33 46 53
6 6 13 34 37 50 53
5 6 13 35 46 55
5 6 13 38 45 48
5 6 13 38 45 50
5 6 13 38 45 51
5 6 13 38 45 52
5 6 13 38 45 53
5 6 13 38 45 55
5 6 13 38 45 56
5 6 13 38 45 59
5 6 13 38 45 60
5 6 13 38 45 62
5 6 13 38 45 63
8 6 14 16 17 38 46 56 57
5 6 14 16 21 29
6 6 14 16 32 54 62
5 6 14 16 33 58
5 6 14 16 37 45
6 6 14 16 39 47 49
5 6 14 16 52 60
5 6 14 16 53 61
6 6 14 17 26 37 45
5 6 14 17 39 47
5 6 14 17 53 61
5 6 14 17 55 63
8 6 14 18 20 28 50 52 60
8 6 14 18 21 29 50 53 61
8 6 14 18 25 37 45 50 57
8 6 14 18 27 39 47 50 59
5 6 14 18 40 50
7 6 14 19 21 29 34 57
8 6 14 19 25 35 41 54 62
6 6 14 19 26 39 47
6 6 14 19 36 44 49
5 6 14 19 37 45
6 6 14 19 38 46 59
5 6 14 19 52 60
5 6 14 19 53 61
5 6 14 19 55 63
6 6 14 20 21 28 29
5 6 14 20 26 28
5 6 14 20 27 28
5 6 14 20 28 32
5 6 14 20 28 33
6 6 14 20 28 34 56
6 6 14 20 28 35 49
6 6 14 20 28 37 45
5 6 14 20 28 42
6 6 14 20 28 43 57
5 6 14 20 28 48
5 6 14 20 28 51
6 6 14 20 28 55 63
5 6 14 20 28 58
5 6 14 20 28 59
6 6 14 21 27 29 42
5 6 14 21 29 35
6 6 14 21 29 39 47
5 6 14 21 29 48
5 6 14 21 29 49
5 6 14 21 29 51
6 6 14 21 29 52 60
5 6 14 21 29 56
5 6 14 21 29 58
5 6 14 21 29 59
6 6 14 22 30 32 56
6 6 14 22 30 33 57
6 6 14 22 30 35 59
8 6 14 22 30 36 37 44 45
6 6 14 22 30 39 47
5 6 14 22 30 40
5 6 14 22 30 43
5 6 14 22 30 48
5 6 14 22 30 49
5 6 14 22 30 51
6 6 14 22 30 52 60
6 6 14 22 30 53 61
6 6 14 22 30 55 63
6 6 14 23 24 31 58
6 6 14 23 25 31 42
5 6 14 23 26 31
6 6 14 23 31 32 49
5 6 14 23 31 33
6 6 14 23 31 37 45
6 6 14 23 31 40 57
6 6 14 23 31 52 60
5 6 14 23 31 56
6 6 14 24 39 47 57
6 6 14 24 40 54 62
5 6 14 24 52 60
5 6 14 24 53 61
5 6 14 24 55 63
5 6 14 25 34 51
5 6 14 25 52 60
5 6 14 25 53 61
5 6 14 25 55 63
5 6 14 26 33 48
5 6 14 26 52 60
5 6 14 26 53 61
5 6 14 26 55 63
5 6 14 27 34 49
5 6 14 27 53 61
5 6 14 32 37 45
5 6 14 32 53 61
5 6 14 32 55 63
5 6 14 33 55 63
7 6 14 34 36 44 55 63
5 6 14 34 37 45
5 6 14 34 52 60
5 6 14 34 53 61
5 6 14 35 37 45
5 6 14 35 52 60
5 6 14 35 53 61
5 6 14 36 42 44
6 6 14 36 43 44 58
5 6 14 36 44 51
5 6 14 36 44 59
5 6 14 37 43 45
5 6 14 37 45 48
5 6 14 37 45 49
5 6 14 37 45 51
6 6 14 37 45 52 60
6 6 14 37 45 53 61
5 6 14 37 45 56
5 6 14 37 45 58
5 6 14 37 45 59
5 6 14 38 46 48
5 6 14 38 46 49
5 6 14 38 46 51
5 6 14 39 40 47
5 6 14 39 41 47
5 6 14 39 42 47
5 6 14 39 47 48
5 6 14 39 47 51
6 6 14 39 47 52 60
6 6 14 39 47 55 63
5 6 14 39 47 56
5 6 14 39 47 58
5 6 14 40 52 60
5 6 14 40 53 61
5 6 14 40 55 63
5 6 14 41 52 60
5 6 14 41 53 61
5 6 14 41 55 63
5 6 14 42 52 60
5 6 14 42 53 61
5 6 14 42 55 63
5 6 14 43 53 61
5 6 14 43 55 63
5 6 14 48 53 61
5 6 14 51 53 61
6 6 14 52 53 60 61
5 6 14 52 58 60
5 6 14 52 59 60
5 6 14 53 59 61
5 6 14 55 56 63
5 6 14 55 57 63
5 6 14 55 58 63
7 6 15 16 17 39 48 49
5 6 15 16 21 45
5 6 15 16 23 50
6 6 15 16 32 54 63
5 6 15 16 33 59
5 6 15 16 38 47
5 6 15 16 46 56
6 6 15 17 23 34 48
6 6 15 17 25 48 56
5 6 15 17 28 48
5 6 15 17 30 48
6 6 15 17 38 47 48
6 6 15 17 41 48 61
6 6 15 17 42 48 62
5 6 15 17 44 48
5 6 15 17 48 53
5 6 15 17 48 55
5 6 15 17 48 59
5 6 15 18 20 51
7 6 15 18 21 45 51 57
6 6 15 18 25 37 51
8 6 15 18 26 38 47 51 59
6 6 15 18 28 51 52
6 6 15 18 29 51 53
5 6 15 18 40 51
6 6 15 18 41 51 62
5 6 15 18 42 51
5 6 15 18 43 51
6 6 15 18 44 51 56
5 6 15 18 51 61
6 6 15 19 21 34 45
8 6 15 19 25 35 41 54 63
5 6 15 19 33 56
6 6 15 19 36 49 60
5 6 15 19 38 47
5 6 15 19 46 59
6 6 15 20 21 44 45
5 6 15 20 35 49
6 6 15 20 38 47 61
5 6 15 20 40 46
5 6 15 20 43 57
5 6 15 21 32 45
5 6 15 21 35 45
5 6 15 21 43 45
5 6 15 21 45 50
5 6 15 21 45 53
5 6 15 21 45 56
5 6 15 21 45 58
5 6 15 21 45 59
5 6 15 22 31 32
5 6 15 22 31 33
6 6 15 22 31 34 59
5 6 15 22 31 35
8 6 15 22 31 36 37 60 61
5 6 15 22 31 40
5 6 15 22 31 44
5 6 15 22 31 49
5 6 15 22 31 50
5 6 15 22 31 53
5 6 15 22 31 56
5 6 15 22 31 57
5 6 15 23 24 58
5 6 15 23 25 42
5 6 15 23 28 62
5 6 15 23 32 49
5 6 15 23 40 57
5 6 15 23 44 61
5 6 15 24 38 47
5 6 15 24 39 57
6 6 15 24 40 54 63
5 6 15 25 34 62
5 6 15 26 33 62
6 6 15 27 36 57 60
6 6 15 27 38 47 58
5 6 15 28 34 56
5 6 15 28 38 47
6 6 15 28 39 40 61
6 6 15 28 44 54 63
5 6 15 29 34 57
5 6 15 29 38 47
5 6 15 29 39 41
5 6 15 30 32 56
5 6 15 30 33 57
5 6 15 30 35 59
5 6 15 30 37 53
5 6 15 30 38 47
5 6 15 30 39 42
5 6 15 32 46 52
5 6 15 33 46 53
5 6 15 33 50 52
5 6 15 34 36 60
6 6 15 35 36 50 60
5 6 15 35 46 55
5 6 15 36 42 60
6 6 15 36 43 58 60
5 6 15 36 55 60
5 6 15 38 47 49
5 6 15 38 47 50
5 6 15 38 47 52
5 6 15 38 47 53
5 6 15 38 47 55
5 6 15 38 47 56
5 6 15 38 47 57
5 6 16 17 24 25
10 6 16 17 27 31 32 33 43 47 54
5 6 16 17 30 42
5 6 16 17 44 45
5 6 16 17 52 53
5 6 16 17 60 61
6 6 16 21 23 38 50
5 6 16 21 27 42
5 6 16 21 39 49
5 6 16 21 43 59
5 6 16 21 48 53
6 6 16 23 24 50 58
5 6 16 23 30 50
5 6 16 23 37 50
6 6 16 23 40 50 57
6 6 16 23 44 50 61
5 6 16 23 45 50
5 6 16 23 50 52
5 6 16 23 50 60
6 6 16 24 29 31 44
6 6 16 24 32 40 54
5 6 16 24 34 42
5 6 16 24 35 43
6 6 16 24 39 49 57
6 6 16 25 31 40 45
5 6 16 25 48 57
5 6 16 25 52 59
5 6 16 27 29 35
6 6 16 29 32 45 54
5 6 16 29 34 57
5 6 16 29 39 49
5 6 16 29 48 61
5 6 16 30 35 59
5 6 16 30 39 49
5 6 16 30 48 62
7 6 16 31 34 39 49 59
6 6 16 31 37 42 57
6 6 16 31 38 53 58
6 6 16 33 39 49 55
5 6 16 33 52 61
5 6 16 34 43 62
6 6 16 35 46 55 56
6 6 16 37 39 49 51
5 6 16 37 46 56
5 6 16 39 40 49
5 6 16 39 44 49
6 6 16 39 46 49 56
5 6 16 39 49 58
5 6 16 39 49 60
5 6 16 39 49 62
5 6 16 39 49 63
5 6 17 19 24 44
10 6 17 19 25 27 33 35 41 43 54
6 6 17 19 26 37 39
5 6 17 19 45 47
7 6 17 19 46 50 57 59
5 6 17 19 53 55
6 6 17 23 25 34 42
6 6 17 23 26 34 37
7 6 17 23 28 34 56 62
5 6 17 23 34 41
6 6 17 23 34 44 61
5 6 17 23 34 60
5 6 17 24 28 32
5 6 17 24 31 35
5 6 17 24 49 56
5 6 17 24 51 52
5 6 17 24 55 62
5 6 17 25 50 58
6 6 17 25 51 53 59
8 6 17 26 30 32 37 56 60
5 6 17 26 31 37
5 6 17 26 35 37
5 6 17 26 37 44
6 6 17 26 37 49 58
5 6 17 26 37 52
5 6 17 26 37 59
5 6 17 26 37 61
5 6 17 26 37 62
8 6 17 27 28 33 43 44 54
5 6 17 28 39 61
5 6 17 28 49 60
5 6 17 30 35 59
5 6 17 30 47 51
5 6 17 30 49 62
5 6 17 32 41 45
5 6 17 32 58 62
5 6 17 32 59 63
6 6 17 35 46 55 57
5 6 17 35 56 63
5 6 17 41 51 58
5 6 17 45 51 62
5 6 17 46 51 57
5 6 17 50 52 63
5 6 18 20 26 38
5 6 18 20 31 55
5 6 18 20 44 56
6 6 18 20 47 59 61
6 6 18 21 23 26 38
6 6 18 21 27 39 42
5 6 18 21 28 52
5 6 18 21 44 56
6 6 18 23 25 37 42
6 6 18 23 28 52 62
6 6 18 23 44 56 61
6 6 18 25 27 37 39
6 6 18 25 28 37 52
5 6 18 25 37 43
5 6 18 25 37 60
5 6 18 25 37 61
5 6 18 25 37 62
5 6 18 25 37 63
6 6 18 26 28 38 52
6 6 18 26 31 38 55
5 6 18 26 38 60
5 6 18 26 38 61
5 6 18 26 38 63
7 6 18 27 28 39 52 61
5 6 18 27 39 41
6 6 18 27 39 44 56
5 6 18 27 39 60
7 6 18 28 29 42 52 53
5 6 18 28 43 52
6 6 18 28 47 52 59
5 6 18 28 52 63
6 6 18 29 31 53 55
6 6 18 29 47 53 59
5 6 18 29 53 60
5 6 18 29 53 62
5 6 18 31 40 55
5 6 18 31 42 55
6 6 18 31 44 55 56
6 6 18 31 45 55 57
5 6 18 31 55 60
5 6 18 31 55 62
6 6 18 40 44 56 60
5 6 18 40 47 59
5 6 18 41 44 56
6 6 18 41 45 57 61
5 6 18 42 44 56
5 6 18 42 47 59
5 6 18 43 44 56
6 6 18 43 47 59 63
6 6 18 44 45 56 57
5 6 18 44 56 62
5 6 18 44 56 63
6 6 18 45 47 57 59
5 6 18 45 57 60
5 6 18 45 57 63
5 6 18 47 59 60
5 6 19 20 21 34
5 6 19 20 29 56
7 6 19 20 30 51 52 62
6 6 19 20 40 46 59
5 6 19 20 43 57
5 6 19 20 47 61
6 6 19 21 26 34 39
6 6 19 21 27 34 42
5 6 19 21 34 43
5 6 19 21 34 44
5 6 19 21 34 48
6 6 19 21 34 51 53
5 6 19 21 34 52
5 6 19 21 34 60
5 6 19 21 34 61
5 6 19 21 34 62
5 6 19 21 34 63
8 6 19 24 25 35 40 41 54
6 6 19 24 29 32 47
5 6 19 24 30 61
8 6 19 25 29 35 41 45 54
5 6 19 26 30 39
5 6 19 26 33 39
5 6 19 26 39 44
5 6 19 26 39 48
6 6 19 26 39 51 58
5 6 19 26 39 52
5 6 19 26 39 56
5 6 19 26 39 60
5 6 19 26 39 62
5 6 19 26 39 63
5 6 19 27 29 44
5 6 19 27 32 40
7 6 19 27 36 49 55 57
5 6 19 27 50 58
5 6 19 30 32 56
5 6 19 30 33 57
6 6 19 30 36 45 49
6 6 19 32 46 52 59
6 6 19 33 46 53 59
6 6 19 36 43 49 58
6 6 19 36 46 49 59
6 6 19 36 47 49 62
5 6 20 21 26 30
8 6 20 21 27 42 47 60 61
6 6 20 21 35 48 49
6 6 20 21 43 56 57
5 6 20 26 47 61
5 6 20 26 52 58
5 6 20 27 31 37
5 6 20 27 32 51
5 6 20 27 35 49
5 6 20 27 52 59
5 6 20 29 35 49
6 6 20 29 47 52 61
5 6 20 29 50 59
7 6 20 30 32 47 56 61
6 6 20 30 35 49 59
5 6 20 30 48 63
5 6 20 30 50 55
5 6 20 31 34 59
5 6 20 31 35 49
5 6 20 31 52 63
6 6 20 32 40 46 52
6 6 20 32 43 55 57
5 6 20 33 47 61
5 6 20 33 55 56
5 6 20 34 47 61
5 6 20 35 37 49
7 6 20 35 40 46 49 55
6 6 20 35 43 49 57
5 6 20 35 45 49
5 6 20 35 49 56
5 6 20 35 49 58
5 6 20 35 49 60
5 6 20 35 49 62
5 6 20 35 49 63
6 6 20 37 43 57 60
5 6 20 38 58 60
5 6 20 40 46 48
5 6 20 40 46 50
5 6 20 40 46 51
6 6 20 41 43 57 59
5 6 20 41 47 61
5 6 20 41 48 55
5 6 20 43 44 57
6 6 20 43 47 57 61
5 6 20 43 48 57
5 6 20 43 50 57
5 6 20 43 51 57
5 6 20 43 57 63
6 6 20 45 47 61 63
5 6 20 47 48 61
5 6 20 47 50 61
5 6 20 47 51 61
6 6 21 23 28 38 62
5 6 21 23 30 38
5 6 21 23 38 48
5 6 21 23 38 56
5 6 21 23 38 60
6 6 21 26 32 47 57
5 6 21 26 48 63
5 6 21 26 49 59
5 6 21 26 52 62
5 6 21 26 53 58
5 6 21 27 35 42
5 6 21 27 42 44
5 6 21 27 42 49
5 6 21 27 42 52
6 6 21 27 42 53 59
5 6 21 27 42 56
5 6 21 27 42 62
6 6 21 28 39 59 61
5 6 21 28 53 60
5 6 21 30 32 56
5 6 21 30 53 62
5 6 21 39 58 62
6 6 22 32 47 53 58
5 6 22 33 39 50
7 6 22 33 42 46 48 53
5 6 22 34 36 37
5 6 22 34 43 55
6 6 22 35 36 37 50
6 6 22 35 42 46 55
6 6 22 36 37 42 46
7 6 22 36 37 43 58 63
5 6 22 36 37 51
5 6 22 36 37 59
5 6 22 39 42 46
5 6 22 40 50 53
5 6 22 40 58 60
5 6 22 42 46 49
5 6 22 42 46 51
5 6 22 45 53 60
5 6 22 45 55 58
7 6 23 24 28 37 58 62
6 6 23 24 32 49 58
5 6 23 24 52 58
5 6 23 24 58 60
6 6 23 25 28 42 62
5 6 23 25 33 42
5 6 23 25 42 48
5 6 23 25 42 52
5 6 23 25 42 56
5 6 23 25 42 60
5 6 23 26 28 62
5 6 23 26 44 61
6 6 23 28 32 49 62
5 6 23 28 33 62
5 6 23 28 48 62
6 6 23 30 32 49 56
5 6 23 30 44 61
6 6 23 32 33 48 49
5 6 23 32 37 49
6 6 23 32 40 49 57
5 6 23 32 45 49
5 6 23 32 49 60
5 6 23 33 44 61
5 6 23 37 44 61
6 6 23 40 41 56 57
6 6 23 40 44 57 61
5 6 23 40 48 57
5 6 23 40 57 60
5 6 23 41 44 61
6 6 23 44 45 60 61
5 6 23 44 48 61
5 6 23 44 52 61
5 6 24 25 28 29
6 6 24 25 38 48 49
6 6 24 25 39 56 57
5 6 24 25 52 53
5 6 24 25 60 61
6 6 24 28 34 56 60
6 6 24 28 39 57 61
6 6 24 28 40 44 54
5 6 24 28 43 47
5 6 24 28 59 63
5 6 24 29 37 42
5 6 24 29 48 63
5 6 24 29 49 59
5 6 24 29 50 55
5 6 24 29 52 62
5 6 24 29 56 61
6 6 24 30 32 56 62
5 6 24 30 35 59
5 6 24 30 49 55
5 6 24 31 34 59
5 6 24 31 39 57
6 6 24 31 40 47 54
5 6 24 31 56 63
5 6 24 32 39 57
5 6 24 32 51 61
5 6 24 34 37 49
7 6 24 37 39 44 57 59
5 6 24 38 50 53
6 6 24 39 41 55 57
6 6 24 39 42 51 57
5 6 24 39 48 57
5 6 24 39 50 57
5 6 24 39 57 60
5 6 24 39 57 63
5 6 24 41 43 44
5 6 24 41 48 53
5 6 24 41 59 60
5 6 24 43 48 55
5 6 24 44 49 51
5 6 24 44 53 55
5 6 25 27 29 31
6 6 25 27 49 51 58
5 6 25 27 53 55
5 6 25 28 33 40
5 6 25 28 34 56
5 6 25 28 39 61
5 6 25 28 43 45
6 6 25 29 34 57 61
6 6 25 29 38 59 63
5 6 25 29 56 60
5 6 25 29 58 62
5 6 25 31 49 62
5 6 25 31 57 63
5 6 25 33 50 59
5 6 25 43 49 55
6 6 26 28 34 49 56
5 6 26 28 58 60
6 6 26 30 33 57 61
6 6 26 30 35 59 63
5 6 26 31 33 49
5 6 26 31 34 59
5 6 26 31 58 63
5 6 26 34 52 53
5 6 27 28 29 47
5 6 27 28 34 56
5 6 27 28 59 60
5 6 27 29 50 52
5 6 27 29 51 62
5 6 27 29 59 61
5 6 27 31 40 44
5 6 27 31 56 60
5 6 27 31 58 62
6 6 27 35 36 50 57
5 6 27 35 48 61
5 6 27 36 51 57
5 6 27 40 41 47
5 6 27 40 51 52
5 6 27 41 51 53
5 6 27 47 48 49
5 6 27 47 52 53
5 6 27 48 55 62
5 6 28 29 32 33
6 6 28 29 34 56 57
6 6 28 29 39 60 61
6 6 28 29 44 45 54
5 6 28 29 48 49
5 6 28 32 39 61
5 6 28 33 39 61
5 6 28 34 37 56
6 6 28 34 39 56 61
6 6 28 34 42 48 56
5 6 28 34 43 56
5 6 28 34 47 56
5 6 28 34 51 56
5 6 28 34 55 56
5 6 28 34 56 63
6 6 28 37 39 61 63
5 6 28 39 42 61
5 6 28 39 48 61
5 6 28 39 50 61
5 6 28 39 51 61
5 6 29 31 33 35
6 6 29 31 34 57 59
5 6 29 31 37 39
6 6 29 31 45 47 54
5 6 29 33 41 44
5 6 29 33 50 63
6 6 29 34 37 51 57
6 6 29 34 41 50 57
7 6 29 34 42 44 49 57
5 6 29 34 47 57
5 6 29 34 48 57
5 6 29 34 55 57
5 6 29 34 57 60
5 6 29 34 57 63
5 6 29 38 55 58
5 6 29 39 42 59
5 6 29 41 49 60
5 6 29 41 58 63
5 6 29 44 50 58
5 6 29 44 51 59
5 6 29 47 51 56
6 6 30 32 33 56 57
5 6 30 32 39 56
6 6 30 32 40 48 56
5 6 30 32 41 56
5 6 30 32 43 56
5 6 30 32 51 56
5 6 30 32 55 56
5 6 30 32 56 63
6 6 30 33 35 57 59
6 6 30 33 41 49 57
6 6 30 33 42 57 60
5 6 30 33 44 57
6 6 30 33 47 50 57
5 6 30 33 48 57
5 6 30 33 51 57
5 6 30 33 55 57
5 6 30 33 57 63
7 6 30 35 36 45 50 59
5 6 30 35 40 59
5 6 30 35 42 59
5 6 30 35 48 59
5 6 30 35 52 59
5 6 30 35 53 59
5 6 30 35 59 60
5 6 30 35 59 61
6 6 30 36 45 47 62
5 6 30 36 45 51
5 6 30 36 45 55
5 6 30 36 45 63
5 6 30 38 53 60
5 6 30 41 50 63
5 6 30 43 50 61
5 6 31 33 39 52
6 6 31 34 36 59 61
6 6 31 34 42 51 59
6 6 31 34 43 50 59
5 6 31 34 44 59
5 6 31 34 45 59
5 6 31 34 48 59
5 6 31 34 52 59
5 6 31 34 53 59
5 6 31 34 59 60
6 6 31 35 36 50 61
5 6 31 36 42 61
5 6 31 43 56 62
5 6 32 33 40 41
6 6 32 33 46 52 53
5 6 32 33 60 61
7 6 32 37 43 48 53 59
5 6 32 37 46 52
5 6 32 39 46 52
5 6 32 39 48 55
5 6 32 40 45 47
5 6 32 40 50 58
5 6 32 40 51 59
5 6 32 41 48 57
5 6 32 45 48 61
5 6 32 46 50 52
5 6 32 46 51 52
6 6 32 47 50 55 60
6 6 33 35 46 53 55
5 6 33 35 61 63
5 6 33 39 56 62
5 6 33 40 49 56
5 6 33 40 55 62
5 6 33 41 48 56
5 6 33 41 50 58
5 6 33 41 51 59
7 6 33 42 47 49 58 63
5 6 33 44 49 60
5 6 33 46 50 53
5 6 33 46 51 53
5 6 34 36 47 62
5 6 34 37 39 42
5 6 34 39 48 63
5 6 34 39 52 62
5 6 34 43 52 61
5 6 34 44 50 60
5 6 34 45 50 61
5 6 34 47 50 63
6 6 35 36 43 50 58
6 6 35 36 46 50 55
5 6 35 36 50 63
5 6 35 43 48 56
5 6 35 46 48 55
5 6 36 42 47 62
6 6 36 43 47 58 62
5 6 36 43 51 58
5 6 36 43 55 58
5 6 36 47 51 62
5 6 36 47 55 62
5 6 37 42 48 63
5 6 37 42 49 59
5 6 37 42 52 62
5 6 37 42 53 58
5 6 37 42 56 61
5 6 37 44 53 60
5 6 39 40 55 56
5 6 39 44 55 60
5 6 40 41 44 45
5 6 40 41 48 49
5 6 40 41 52 53
5 6 40 41 60 61
5 6 40 44 58 62
5 6 40 44 59 63
5 6 40 45 48 63
5 6 40 45 49 59
5 6 40 45 50 55
5 6 40 45 52 62
5 6 40 45 56 61
5 6 40 47 56 63
5 6 41 43 45 47
5 6 41 43 49 51
5 6 41 43 53 55
5 6 41 43 61 63
5 6 41 45 56 60
5 6 41 45 58 62
5 6 41 45 59 63
5 6 41 47 57 63
5 6 42 44 58 60
5 6 43 44 59 60
5 6 43 45 50 52
5 6 43 45 59 61
5 6 43 47 56 60
5 6 44 45 48 49
5 6 44 45 52 53
5 6 45 47 49 51
5 6 45 47 53 55
5 6 48 49 56 57
5 6 48 49 59 63
5 6 48 56 61 63
5 6 49 51 57 59
5 6 50 53 55 58
5 6 52 53 58 62
5 6 56 57 60 61
5 6 57 59 61 63
5 7 8 9 16 17
7 7 8 9 19 22 32 33
5 7 8 9 20 21
8 7 8 9 23 24 25 52 53
8 7 8 9 26 42 55 56 57
5 7 8 9 27 46
6 7 8 9 28 29 47
5 7 8 9 35 38
5 7 8 9 36 37
6 7 8 9 39 40 41
5 7 8 9 43 59
5 7 8 9 44 45
5 7 8 9 48 49
5 7 8 9 51 54
5 7 8 9 60 61
6 7 8 10 16 18 21
8 7 8 10 19 25 32 34 37
5 7 8 10 20 22
6 7 8 10 23 24 26
6 7 8 10 27 45 59
6 7 8 10 28 30 47
5 7 8 10 35 41
5 7 8 10 36 38
8 7 8 10 39 40 42 52 54
5 7 8 10 44 46
6 7 8 10 48 50 53
5 7 8 10 51 57
6 7 8 10 55 56 58
5 7 8 10 60 62
5 7 8 12 17 51
6 7 8 12 18 33 52
6 7 8 12 19 32 48
8 7 8 12 20 36 55 56 60
6 7 8 12 21 42 46
8 7 8 12 23 24 28 43 47
5 7 8 12 25 29
5 7 8 12 26 30
5 7 8 12 27 31
6 7 8 12 39 40 44
5 7 8 12 41 45
5 7 8 12 57 61
5 7 8 12 58 62
5 7 8 12 59 63
6 7 8 15 17 34 59
6 7 8 15 19 32 51
8 7 8 15 20 28 39 40 47
5 7 8 15 21 29
5 7 8 15 22 30
6 7 8 15 23 24 31
5 7 8 15 36 44
5 7 8 15 37 45
5 7 8 15 38 46
5 7 8 15 52 60
5 7 8 15 53 61
5 7 8 15 54 62
6 7 8 15 55 56 63
5 7 8 16 27 36
5 7 8 16 33 42
5 7 8 16 39 40
5 7 8 16 45 53
5 7 8 16 46 54
6 7 8 17 28 47 57
6 7 8 17 33 55 56
5 7 8 17 36 54
5 7 8 17 39 40
5 7 8 17 44 53
6 7 8 18 28 47 58
6 7 8 18 34 55 56
6 7 8 18 36 53 59
5 7 8 18 39 40
5 7 8 18 44 54
5 7 8 19 21 32
6 7 8 19 26 32 38
6 7 8 19 29 32 53
6 7 8 19 30 32 54
5 7 8 19 32 41
5 7 8 19 32 42
5 7 8 19 32 43
6 7 8 19 32 45 57
6 7 8 19 32 46 58
5 7 8 19 32 60
5 7 8 19 32 63
5 7 8 20 31 43
5 7 8 20 35 51
5 7 8 20 54 59
6 7 8 21 28 41 47
5 7 8 21 36 50
5 7 8 21 38 59
5 7 8 21 39 40
5 7 8 22 36 49
6 7 8 22 38 55 56
5 7 8 22 39 40
5 7 8 23 24 33
5 7 8 23 24 34
6 7 8 23 24 35 48
6 7 8 23 24 44 63
5 7 8 23 24 45
5 7 8 23 24 46
5 7 8 23 24 49
5 7 8 23 24 50
5 7 8 23 24 51
5 7 8 23 24 54
5 7 8 23 24 57
5 7 8 23 24 60
5 7 8 23 24 61
5 7 8 23 24 62
5 7 8 25 39 40
6 7 8 25 41 55 56
5 7 8 25 43 62
5 7 8 26 28 47
5 7 8 26 39 40
5 7 8 26 41 52
5 7 8 26 43 61
5 7 8 27 44 60
5 7 8 27 52 57
6 7 8 28 33 47 53
6 7 8 28 34 47 54
5 7 8 28 36 47
5 7 8 28 37 47
5 7 8 28 38 47
5 7 8 28 47 48
5 7 8 28 47 51
5 7 8 29 35 57
5 7 8 29 39 40
6 7 8 29 43 52 58
6 7 8 29 45 55 56
5 7 8 30 35 58
5 7 8 30 39 40
5 7 8 30 43 57
6 7 8 30 46 55 56
5 7 8 31 33 57
5 7 8 31 34 58
5 7 8 31 37 46
5 7 8 31 39 40
5 7 8 35 42 53
5 7 8 37 44 58
5 7 8 39 40 48
5 7 8 39 40 49
5 7 8 39 40 50
5 7 8 39 40 51
5 7 8 39 40 53
5 7 8 39 40 58
5 7 8 39 40 60
5 7 8 39 40 61
5 7 8 39 40 62
5 7 8 39 40 63
5 7 9 12 18 32
6 7 9 12 19 33 48
5 7 9 12 21 36
7 7 9 12 23 25 28 58
5 7 9 12 24 52
5 7 9 12 26 46
5 7 9 12 29 47
5 7 9 12 37 51
6 7 9 12 39 41 44
5 7 9 12 43 63
6 7 9 12 55 57 60
7 7 9 14 17 24 44 52
8 7 9 14 18 34 55 57 62
7 7 9 14 19 33 40 50
7 7 9 14 21 31 38 43
5 7 9 14 22 27
6 7 9 14 23 25 30
6 7 9 14 29 37 47
6 7 9 14 39 41 46
5 7 9 14 49 56
5 7 9 14 53 63
5 7 9 14 54 59
5 7 9 15 18 35
6 7 9 15 19 33 51
6 7 9 15 20 28 48
8 7 9 15 21 29 39 41 47
5 7 9 15 22 30
6 7 9 15 23 25 31
6 7 9 15 24 52 60
5 7 9 15 36 44
6 7 9 15 37 45 58
5 7 9 15 38 46
5 7 9 15 53 61
5 7 9 15 54 62
6 7 9 15 55 57 63
6 7 9 16 27 36 54
6 7 9 16 29 47 56
6 7 9 16 32 55 57
5 7 9 16 39 41
5 7 9 16 43 50
5 7 9 16 46 51
5 7 9 17 34 43
5 7 9 17 36 51
5 7 9 17 39 41
5 7 9 17 40 61
5 7 9 17 46 54
5 7 9 18 27 38
6 7 9 18 29 47 58
5 7 9 18 44 51
5 7 9 18 45 54
6 7 9 19 30 33 54
5 7 9 19 33 42
6 7 9 19 33 44 56
6 7 9 19 33 46 58
5 7 9 19 33 60
5 7 9 19 33 61
5 7 9 19 33 62
5 7 9 19 33 63
7 7 9 20 29 40 47 49
5 7 9 20 31 51
5 7 9 20 39 41
6 7 9 21 24 34 52
5 7 9 21 28 40
5 7 9 21 30 42
5 7 9 21 35 51
8 7 9 22 28 38 44 55 57
5 7 9 22 36 48
6 7 9 22 39 41 58
5 7 9 23 25 32
6 7 9 23 25 35 49
5 7 9 23 25 36
6 7 9 23 25 40 54
5 7 9 23 25 44
6 7 9 23 25 45 63
5 7 9 23 25 48
5 7 9 23 25 50
5 7 9 23 25 51
5 7 9 23 25 56
5 7 9 23 25 59
5 7 9 23 25 60
5 7 9 23 25 61
5 7 9 23 25 62
8 7 9 24 26 39 41 52 54
6 7 9 24 31 52 61
5 7 9 24 38 52
5 7 9 24 42 52
6 7 9 24 46 52 59
5 7 9 24 52 63
5 7 9 26 29 47
5 7 9 26 44 59
5 7 9 27 32 50
5 7 9 27 44 62
5 7 9 27 45 61
5 7 9 28 34 51
5 7 9 28 35 56
5 7 9 28 37 60
5 7 9 28 39 41
5 7 9 28 42 59
5 7 9 28 46 63
6 7 9 29 34 47 54
5 7 9 29 36 47
5 7 9 29 38 47
5 7 9 29 47 48
5 7 9 29 47 50
5 7 9 29 47 51
5 7 9 30 32 51
5 7 9 30 35 58
5 7 9 30 40 59
5 7 9 31 32 56
5 7 9 31 34 58
5 7 9 31 37 46
5 7 9 31 39 41
5 7 9 31 40 62
5 7 9 32 43 49
5 7 9 36 43 53
6 7 9 37 40 53 56
5 7 9 39 41 48
5 7 9 39 41 49
5 7 9 39 41 50
5 7 9 39 41 51
5 7 9 39 41 53
5 7 9 39 41 56
5 7 9 39 41 59
5 7 9 39 41 60
5 7 9 39 41 61
5 7 9 39 41 62
5 7 9 39 41 63
5 7 9 43 44 61
5 7 10 12 18 21
8 7 10 12 19 25 34 37 48
5 7 10 12 22 36
8 7 10 12 23 26 28 51 57
5 7 10 12 27 63
5 7 10 12 30 47
5 7 10 12 35 41
6 7 10 12 39 42 44
5 7 10 12 40 52
5 7 10 12 50 53
6 7 10 12 55 58 60
6 7 10 14 17 24 28
9 7 10 14 18 21 33 40 44 52
10 7 10 14 19 25 29 34 37 50 53
8 7 10 14 22 38 55 58 62
8 7 10 14 23 26 30 43 47
5 7 10 14 27 31
6 7 10 14 35 41 45
6 7 10 14 39 42 46
6 7 10 14 49 56 60
6 7 10 14 51 57 61
5 7 10 14 59 63
5 7 10 15 17 32
6 7 10 15 18 21 29
10 7 10 15 19 25 34 37 45 51 57
5 7 10 15 20 28
8 7 10 15 22 30 39 42 47
6 7 10 15 23 26 31
5 7 10 15 35 41
5 7 10 15 36 44
5 7 10 15 38 46
6 7 10 15 40 52 60
6 7 10 15 50 53 61
5 7 10 15 54 62
6 7 10 15 55 58 63
7 7 10 16 27 36 50 53
6 7 10 16 30 47 56
6 7 10 16 32 55 58
5 7 10 16 35 41
5 7 10 16 39 42
5 7 10 16 43 49
5 7 10 16 45 48
5 7 10 16 51 57
7 7 10 17 30 47 51 57
5 7 10 17 31 62
6 7 10 17 33 55 58
5 7 10 17 35 41
5 7 10 17 44 48
5 7 10 17 45 49
6 7 10 17 46 50 53
5 7 10 18 20 21
6 7 10 18 21 27 38
5 7 10 18 21 28
6 7 10 18 21 36 48
6 7 10 18 21 39 42
5 7 10 18 21 43
7 7 10 18 21 45 50 53
5 7 10 18 21 49
6 7 10 18 21 51 57
5 7 10 18 21 56
5 7 10 18 21 60
5 7 10 18 21 61
5 7 10 18 21 62
5 7 10 18 21 63
8 7 10 19 24 25 34 36 37
7 7 10 19 25 34 37 43
8 7 10 19 25 34 37 44 56
7 7 10 19 25 34 37 60
7 7 10 19 25 34 37 61
7 7 10 19 25 34 37 62
7 7 10 19 25 34 37 63
5 7 10 20 27 54
5 7 10 20 31 48
5 7 10 20 35 41
5 7 10 20 39 42
6 7 10 20 43 50 53
5 7 10 20 51 57
5 7 10 22 24 33
8 7 10 22 29 35 41 51 57
5 7 10 22 31 43
5 7 10 22 45 54
5 7 10 22 50 53
5 7 10 23 26 32
10 7 10 23 26 35 40 41 50 52 53
5 7 10 23 26 36
5 7 10 23 26 44
6 7 10 23 26 46 63
5 7 10 23 26 48
5 7 10 23 26 49
6 7 10 23 26 54 56
5 7 10 23 26 59
5 7 10 23 26 60
5 7 10 23 26 62
6 7 10 24 35 41 49
7 7 10 24 39 42 50 53
5 7 10 24 45 56
7 7 10 27 28 29 46 62
5 7 10 27 32 49
5 7 10 27 44 61
5 7 10 28 33 48
6 7 10 28 35 41 56
5 7 10 28 39 42
5 7 10 28 43 61
6 7 10 28 44 55 58
5 7 10 28 45 60
5 7 10 28 50 53
5 7 10 29 32 48
5 7 10 29 33 49
5 7 10 29 38 54
5 7 10 29 43 59
7 7 10 30 33 47 50 53
5 7 10 30 36 47
5 7 10 30 38 47
5 7 10 30 47 48
5 7 10 30 47 49
5 7 10 31 32 56
6 7 10 31 33 51 57
5 7 10 31 39 42
6 7 10 31 40 52 61
5 7 10 31 45 63
5 7 10 31 50 53
5 7 10 32 50 53
5 7 10 32 51 57
5 7 10 35 41 48
5 7 10 35 41 60
5 7 10 35 41 61
5 7 10 35 41 62
5 7 10 35 41 63
5 7 10 36 51 57
5 7 10 38 40 52
5 7 10 38 50 53
5 7 10 38 51 57
5 7 10 39 42 48
5 7 10 39 42 49
6 7 10 39 42 51 57
5 7 10 39 42 56
5 7 10 39 42 59
5 7 10 39 42 60
5 7 10 39 42 62
5 7 10 39 42 63
5 7 10 40 52 59
5 7 10 40 52 63
5 7 10 43 44 45
5 7 10 44 50 53
5 7 10 44 51 57
5 7 10 46 51 57
5 7 10 50 53 59
5 7 10 50 53 60
5 7 10 51 56 57
5 7 10 59 60 61
8 7 11 16 17 22 26 28 29
8 7 11 16 18 28 30 37 41
6 7 11 16 21 25 28
6 7 11 16 28 33 45
6 7 11 16 28 34 46
6 7 11 16 28 38 42
6 7 11 16 28 39 43
6 7 11 16 28 48 60
6 7 11 16 28 51 63
6 7 11 16 28 53 57
6 7 11 16 28 54 58
6 7 11 17 29 32 44
6 7 11 17 29 34 46
6 7 11 17 29 39 43
6 7 11 17 29 48 60
6 7 11 17 29 49 61
6 7 11 17 29 50 62
6 7 11 17 29 51 63
6 7 11 17 29 54 58
8 7 11 18 30 32 37 41 44
8 7 11 18 30 36 37 40 41
8 7 11 18 30 37 41 49 61
8 7 11 18 30 37 41 50 62
8 7 11 18 30 37 41 51 63
8 7 11 18 30 37 41 53 57
12 7 11 19 20 24 31 35 36 40 47 55 59
12 7 11 19 22 26 31 35 38 42 47 55 59
6 7 11 20 21 24 25
6 7 11 20 22 24 26
8 7 11 20 24 32 44 48 60
8 7 11 20 24 33 45 54 58
6 7 11 20 24 34 46
6 7 11 20 24 39 43
6 7 11 20 24 49 61
6 7 11 20 24 50 62
6 7 11 20 24 51 63
6 7 11 20 24 53 57
6 7 11 21 25 32 44
8 7 11 21 25 33 45 49 61
6 7 11 21 25 36 40
6 7 11 21 25 38 42
6 7 11 21 25 39 43
6 7 11 21 25 48 60
6 7 11 21 25 50 62
6 7 11 21 25 51 63
6 7 11 21 25 52 56
6 7 11 21 25 53 57
6 7 11 22 26 32 44
8 7 11 22 26 34 46 50 62
6 7 11 22 26 36 40
6 7 11 22 26 39 43
6 7 11 22 26 49 61
6 7 11 22 26 51 63
6 7 11 22 26 53 57
6 7 11 22 26 54 58
6 7 11 23 27 32 44
6 7 11 23 27 33 45
10 7 11 23 27 34 46 52 53 56 57
6 7 11 23 27 48 60
6 7 11 23 27 49 61
6 7 11 23 27 50 62
6 7 11 23 27 54 58
8 7 11 32 33 38 42 44 45
6 7 11 32 34 44 46
6 7 11 32 44 51 63
6 7 11 32 44 53 57
6 7 11 32 44 54 58
6 7 11 33 45 50 62
6 7 11 33 45 51 63
6 7 11 34 46 48 60
6 7 11 34 46 49 61
6 7 11 34 46 51 63
6 7 11 36 38 40 42
6 7 11 36 40 48 60
6 7 11 36 40 49 61
6 7 11 36 40 50 62
6 7 11 36 40 51 63
6 7 11 36 40 53 57
6 7 11 36 40 54 58
6 7 11 38 42 48 60
6 7 11 38 42 49 61
6 7 11 38 42 50 62
6 7 11 38 42 51 63
6 7 11 38 42 52 56
6 7 11 38 42 53 57
6 7 11 38 42 54 58
6 7 11 39 43 48 60
6 7 11 39 43 49 61
6 7 11 39 43 50 62
8 7 11 39 43 52 54 56 58
6 7 11 39 43 53 57
8 7 11 48 49 54 58 60 61
6 7 11 48 50 60 62
6 7 11 48 53 57 60
6 7 11 51 52 56 63
6 7 11 51 54 58 63
5 7 12 14 16 18
6 7 12 14 17 24 26
6 7 12 14 19 48 50
5 7 12 14 20 22
6 7 12 14 23 28 30
5 7 12 14 27 45
5 7 12 14 29 37
5 7 12 14 31 63
5 7 12 14 32 34
6 7 12 14 33 40 42
5 7 12 14 36 38
8 7 12 14 39 44 46 52 54
5 7 12 14 47 51
6 7 12 14 49 56 58
6 7 12 14 55 60 62
6 7 12 16 32 55 60
5 7 12 16 33 46
5 7 12 16 34 57
5 7 12 16 39 44
5 7 12 16 47 56
5 7 12 16 50 63
6 7 12 17 33 55 60
6 7 12 17 34 56 63
5 7 12 18 27 38
6 7 12 18 34 55 60
5 7 12 19 21 48
5 7 12 19 22 48
6 7 12 19 26 38 48
8 7 12 19 27 39 44 48 56
6 7 12 19 30 48 54
5 7 12 19 40 48
5 7 12 19 41 48
5 7 12 19 43 48
6 7 12 19 45 48 57
6 7 12 19 46 48 58
5 7 12 19 48 61
5 7 12 19 48 62
5 7 12 20 33 51
5 7 12 20 39 44
5 7 12 20 40 47
5 7 12 20 54 63
5 7 12 21 38 63
5 7 12 21 39 44
5 7 12 21 41 47
6 7 12 22 38 55 60
5 7 12 22 39 44
6 7 12 22 40 51 53
5 7 12 22 42 47
5 7 12 23 28 32
5 7 12 23 28 33
5 7 12 23 28 34
6 7 12 23 28 35 56
5 7 12 23 28 50
5 7 12 23 28 54
5 7 12 23 28 59
5 7 12 23 28 61
5 7 12 24 34 49
6 7 12 24 39 44 59
5 7 12 24 41 46
5 7 12 24 58 63
5 7 12 25 39 44
6 7 12 25 41 55 60
5 7 12 25 42 63
5 7 12 26 39 44
5 7 12 26 41 52
6 7 12 26 42 55 60
5 7 12 27 52 57
5 7 12 29 35 57
5 7 12 29 36 41
5 7 12 29 39 44
5 7 12 29 43 62
6 7 12 29 45 55 60
5 7 12 30 35 58
5 7 12 30 36 42
5 7 12 30 39 44
5 7 12 30 45 52
5 7 12 31 32 56
5 7 12 31 33 57
5 7 12 31 34 58
5 7 12 31 36 43
5 7 12 31 39 44
5 7 12 31 52 61
5 7 12 32 49 63
5 7 12 33 47 53
5 7 12 34 47 54
5 7 12 36 53 63
5 7 12 39 44 49
5 7 12 39 44 50
5 7 12 39 44 51
5 7 12 39 44 53
5 7 12 39 44 62
5 7 12 40 57 63
5 7 12 43 52 58
5 7 12 45 51 58
6 7 13 16 18 24 26
5 7 13 16 22 25
7 7 13 16 27 30 33 36
5 7 13 16 34 40
5 7 13 16 38 41
5 7 13 16 39 45
5 7 13 16 43 46
5 7 13 16 51 60
5 7 13 16 54 57
6 7 13 17 20 22 25
5 7 13 17 20 26
5 7 13 17 20 31
8 7 13 17 20 33 36 55 61
9 7 13 17 20 34 40 47 54 57
6 7 13 17 20 35 44
6 7 13 17 20 39 45
6 7 13 17 20 43 46
5 7 13 17 20 48
6 7 13 17 20 50 56
5 7 13 17 20 53
5 7 13 17 20 58
6 7 13 17 20 59 62
5 7 13 17 20 63
7 7 13 18 24 31 39 45
6 7 13 18 24 35 44
6 7 13 18 24 43 46
6 7 13 18 24 47 58
5 7 13 18 24 48
6 7 13 18 24 50 56
6 7 13 18 24 51 60
6 7 13 18 24 54 57
6 7 13 18 24 59 62
7 7 13 19 21 28 49 52
9 7 13 19 26 28 38 41 49 52
12 7 13 19 27 28 30 39 45 49 52 54 57
9 7 13 19 28 43 46 49 52 58
7 7 13 19 28 49 52 63
5 7 13 21 27 30
5 7 13 21 33 36
7 7 13 21 34 40 50 56
5 7 13 21 35 44
6 7 13 21 38 41 47
5 7 13 21 39 45
5 7 13 21 43 46
5 7 13 21 51 60
5 7 13 21 59 62
5 7 13 22 25 31
5 7 13 22 25 32
6 7 13 22 25 33 36
6 7 13 22 25 35 44
8 7 13 22 25 38 41 55 61
8 7 13 22 25 39 45 59 62
5 7 13 22 25 48
6 7 13 22 25 50 56
6 7 13 22 25 51 60
5 7 13 22 25 53
6 7 13 22 25 54 57
5 7 13 22 25 58
5 7 13 22 25 63
8 7 13 23 29 32 34 40 42
7 7 13 23 29 33 36 42
9 7 13 23 29 35 42 44 54 57
7 7 13 23 29 42 50 56
7 7 13 23 29 42 51 60
7 7 13 23 29 42 59 62
6 7 13 23 29 42 63
5 7 13 26 34 40
5 7 13 26 35 44
5 7 13 26 43 46
5 7 13 26 50 56
5 7 13 26 51 60
5 7 13 26 54 57
5 7 13 26 59 62
5 7 13 27 30 32
7 7 13 27 30 35 44 58
5 7 13 27 30 48
6 7 13 27 30 50 56
5 7 13 27 30 53
6 7 13 27 30 59 62
5 7 13 27 30 63
7 7 13 31 33 36 54 57
6 7 13 31 34 40 58
6 7 13 31 37 43 46
5 7 13 31 38 41
5 7 13 31 51 60
5 7 13 32 38 41
7 7 13 32 43 46 54 57
5 7 13 32 51 60
6 7 13 33 36 38 41
6 7 13 33 36 47 53
5 7 13 33 36 48
6 7 13 33 36 50 56
6 7 13 33 36 51 60
5 7 13 33 36 58
6 7 13 33 36 59 62
5 7 13 33 36 63
5 7 13 34 40 48
6 7 13 34 40 51 60
6 7 13 34 40 59 62
8 7 13 35 37 44 51 53 60
6 7 13 35 43 44 46
5 7 13 35 44 48
5 7 13 35 44 63
5 7 13 37 50 56
5 7 13 37 59 62
5 7 13 38 41 48
6 7 13 38 41 50 56
6 7 13 38 41 51 60
5 7 13 38 41 53
6 7 13 38 41 54 57
5 7 13 38 41 58
6 7 13 38 41 59 62
5 7 13 38 41 63
5 7 13 39 45 48
6 7 13 39 45 50 56
6 7 13 39 45 51 60
5 7 13 39 45 63
5 7 13 43 46 48
6 7 13 43 46 50 56
5 7 13 43 46 53
6 7 13 43 46 59 62
5 7 13 43 46 63
6 7 13 48 50 56 58
5 7 13 48 54 57
5 7 13 48 59 62
5 7 13 50 56 63
5 7 13 51 58 60
6 7 13 51 59 60 62
5 7 13 53 59 62
5 7 13 54 57 63
6 7 14 16 17 24 25
5 7 14 16 27 36
5 7 14 16 29 37
5 7 14 16 33 40
5 7 14 16 39 46
5 7 14 17 22 24
7 7 14 17 24 31 34 58
5 7 14 17 24 32
8 7 14 17 24 33 40 55 62
5 7 14 17 24 35
6 7 14 17 24 39 46
5 7 14 17 24 43
5 7 14 17 24 45
6 7 14 17 24 47 57
6 7 14 17 24 49 56
5 7 14 17 24 51
5 7 14 17 24 53
5 7 14 17 24 54
5 7 14 17 24 59
5 7 14 17 24 60
5 7 14 17 24 61
5 7 14 17 24 63
5 7 14 18 35 53
5 7 14 18 39 46
5 7 14 18 49 56
6 7 14 19 20 50 63
5 7 14 19 21 50
6 7 14 19 22 41 50
8 7 14 19 27 39 46 50 58
5 7 14 19 42 50
5 7 14 19 43 50
5 7 14 20 31 54
7 7 14 20 33 40 47 53
6 7 14 20 36 55 62
5 7 14 20 39 46
5 7 14 20 49 56
5 7 14 21 34 61
5 7 14 21 39 46
5 7 14 21 41 47
5 7 14 21 49 56
5 7 14 22 33 40
5 7 14 22 39 46
5 7 14 22 42 47
5 7 14 22 45 61
5 7 14 22 49 56
5 7 14 23 30 32
6 7 14 23 30 33 40
5 7 14 23 30 34
6 7 14 23 30 35 58
5 7 14 23 30 36
8 7 14 23 30 44 45 52 53
5 7 14 23 30 48
6 7 14 23 30 49 56
5 7 14 23 30 51
5 7 14 23 30 57
5 7 14 23 30 59
5 7 14 23 30 61
5 7 14 23 30 63
5 7 14 25 31 42
5 7 14 25 33 40
6 7 14 25 41 55 62
5 7 14 25 44 52
5 7 14 25 49 56
6 7 14 26 34 49 56
6 7 14 26 39 46 59
6 7 14 26 41 44 52
6 7 14 26 42 55 62
5 7 14 27 28 34
6 7 14 27 44 52 57
5 7 14 27 48 54
5 7 14 27 49 56
6 7 14 28 29 36 37
6 7 14 28 33 38 40
6 7 14 28 39 46 53
5 7 14 28 43 57
5 7 14 29 32 37
6 7 14 29 35 37 57
5 7 14 29 37 43
5 7 14 29 37 48
6 7 14 29 37 49 56
5 7 14 29 37 51
5 7 14 29 37 58
5 7 14 29 37 59
5 7 14 29 37 60
5 7 14 29 37 61
6 7 14 31 33 40 57
5 7 14 31 36 53
6 7 14 32 33 40 41
5 7 14 33 40 48
6 7 14 33 40 49 56
5 7 14 33 40 51
5 7 14 33 40 54
5 7 14 33 40 58
5 7 14 33 40 59
5 7 14 33 40 60
5 7 14 33 40 61
5 7 14 33 40 63
5 7 14 34 47 54
6 7 14 35 38 51 54
5 7 14 36 49 56
5 7 14 38 49 56
5 7 14 39 46 48
6 7 14 39 46 49 56
5 7 14 39 46 51
5 7 14 39 46 57
5 7 14 39 46 60
5 7 14 39 46 61
5 7 14 39 46 63
5 7 14 41 49 56
5 7 14 42 44 52
5 7 14 42 49 56
6 7 14 43 44 52 58
5 7 14 43 49 56
5 7 14 44 51 52
5 7 14 44 52 63
5 7 14 45 49 56
6 7 14 48 49 56 57
5 7 14 49 54 56
5 7 14 49 56 63
5 7 15 16 21 29
5 7 15 16 22 30
6 7 15 16 27 36 44
6 7 15 16 32 55 63
5 7 15 16 33 58
5 7 15 16 37 45
5 7 15 16 38 46
6 7 15 16 39 47 56
5 7 15 16 53 61
5 7 15 16 54 62
5 7 15 17 22 30
6 7 15 17 33 55 63
5 7 15 17 38 46
5 7 15 17 53 61
5 7 15 17 54 62
7 7 15 18 20 28 54 62
5 7 15 18 25 49
6 7 15 18 27 38 46
5 7 15 18 32 42
8 7 15 19 21 29 51 53 61
8 7 15 19 22 30 51 54 62
8 7 15 19 24 36 44 51 56
8 7 15 19 26 38 46 51 58
5 7 15 19 40 51
5 7 15 19 41 51
5 7 15 19 42 51
6 7 15 20 21 28 29
5 7 15 20 25 28
5 7 15 20 26 28
5 7 15 20 27 28
5 7 15 20 28 32
5 7 15 20 28 33
5 7 15 20 28 34
6 7 15 20 28 35 56
8 7 15 20 28 36 44 55 63
5 7 15 20 28 41
5 7 15 20 28 42
5 7 15 20 28 43
5 7 15 20 28 50
6 7 15 20 28 53 61
5 7 15 20 28 57
5 7 15 20 28 58
5 7 15 20 28 59
5 7 15 21 27 29
5 7 15 21 29 32
5 7 15 21 29 33
5 7 15 21 29 34
6 7 15 21 29 35 57
6 7 15 21 29 36 44
6 7 15 21 29 38 46
6 7 15 21 29 40 48
5 7 15 21 29 43
5 7 15 21 29 49
5 7 15 21 29 50
6 7 15 21 29 52 60
5 7 15 21 29 56
5 7 15 21 29 58
5 7 15 21 29 59
5 7 15 22 30 32
5 7 15 22 30 34
6 7 15 22 30 35 58
6 7 15 22 30 36 44
8 7 15 22 30 38 46 55 63
5 7 15 22 30 40
5 7 15 22 30 43
5 7 15 22 30 49
5 7 15 22 30 50
6 7 15 22 30 53 61
5 7 15 22 30 57
5 7 15 22 30 59
6 7 15 23 31 32 56
6 7 15 23 31 33 57
7 7 15 23 31 34 48 58
6 7 15 23 31 36 44
5 7 15 23 31 40
5 7 15 23 31 41
5 7 15 23 31 49
5 7 15 23 31 50
8 7 15 23 31 52 53 60 61
6 7 15 23 31 54 62
5 7 15 24 33 50
6 7 15 24 37 43 45
5 7 15 24 38 46
5 7 15 24 39 47
5 7 15 24 54 62
5 7 15 25 36 44
6 7 15 25 41 55 63
5 7 15 25 52 60
5 7 15 25 53 61
5 7 15 25 54 62
5 7 15 26 36 44
5 7 15 26 39 47
6 7 15 26 42 55 63
5 7 15 26 53 61
5 7 15 26 54 62
5 7 15 27 34 49
6 7 15 27 52 57 60
5 7 15 27 53 61
5 7 15 27 54 62
5 7 15 32 37 45
5 7 15 32 38 46
5 7 15 32 53 61
5 7 15 33 38 46
5 7 15 33 54 62
5 7 15 34 36 44
5 7 15 35 37 45
5 7 15 35 38 46
6 7 15 35 50 52 60
5 7 15 35 53 61
5 7 15 35 54 62
6 7 15 36 37 44 45
5 7 15 36 41 44
5 7 15 36 42 44
5 7 15 36 43 44
5 7 15 36 44 48
5 7 15 36 44 49
5 7 15 36 44 50
6 7 15 36 44 53 61
6 7 15 36 44 54 62
5 7 15 36 44 59
5 7 15 37 45 49
5 7 15 37 45 50
6 7 15 37 45 53 61
5 7 15 37 45 59
6 7 15 38 46 48 57
5 7 15 38 46 49
5 7 15 38 46 50
6 7 15 38 46 52 60
6 7 15 38 46 53 61
6 7 15 38 46 54 62
5 7 15 38 46 56
5 7 15 38 46 59
6 7 15 39 47 48 49
5 7 15 39 47 50
5 7 15 40 54 62
5 7 15 41 53 61
5 7 15 41 54 62
5 7 15 42 52 60
5 7 15 42 53 61
5 7 15 42 54 62
6 7 15 43 48 54 62
6 7 15 43 52 58 60
5 7 15 43 53 61
5 7 15 48 53 61
5 7 15 49 54 62
5 7 15 52 59 60
5 7 15 53 59 61
6 7 16 17 32 33 55
5 7 16 17 34 50
7 7 16 17 38 47 56 57
5 7 16 17 40 41
5 7 16 17 44 45
5 7 16 17 48 49
5 7 16 17 60 61
7 7 16 18 27 36 38 45
6 7 16 18 32 34 55
5 7 16 18 40 42
5 7 16 18 44 46
6 7 16 18 47 56 58
5 7 16 18 48 50
5 7 16 18 60 62
5 7 16 21 27 36
5 7 16 21 38 50
6 7 16 21 41 47 56
5 7 16 21 48 53
5 7 16 22 27 36
6 7 16 22 32 38 55
6 7 16 22 42 47 56
5 7 16 22 48 54
6 7 16 24 32 40 55
5 7 16 24 33 41
5 7 16 24 34 42
5 7 16 24 35 43
6 7 16 24 47 48 56
5 7 16 24 49 57
5 7 16 24 50 58
5 7 16 24 51 59
5 7 16 25 30 44
6 7 16 25 32 41 55
5 7 16 25 42 50
5 7 16 25 48 57
5 7 16 26 47 56
5 7 16 26 48 58
5 7 16 26 49 54
6 7 16 27 29 34 36
5 7 16 27 35 36
6 7 16 27 36 48 59
5 7 16 27 36 49
5 7 16 27 36 60
5 7 16 27 36 61
5 7 16 27 36 62
5 7 16 27 36 63
6 7 16 29 32 45 55
5 7 16 29 35 57
5 7 16 29 46 50
5 7 16 29 48 61
6 7 16 30 32 46 55
5 7 16 30 35 58
5 7 16 30 48 62
6 7 16 33 47 53 56
6 7 16 34 47 54 56
5 7 16 37 47 56
5 7 16 38 53 59
5 7 16 40 50 57
5 7 16 47 51 56
6 7 17 22 33 38 55
5 7 17 22 36 41
5 7 17 22 39 51
5 7 17 22 40 44
5 7 17 22 48 58
5 7 17 22 49 54
6 7 17 25 30 45 52
5 7 17 25 32 40
6 7 17 25 33 41 55
5 7 17 25 35 43
5 7 17 25 48 56
5 7 17 25 50 58
5 7 17 25 51 59
6 7 17 26 31 32 56
6 7 17 26 41 46 52
5 7 17 26 47 57
5 7 17 26 49 58
6 7 17 28 33 44 55
7 7 17 28 34 36 53 62
5 7 17 28 35 56
6 7 17 30 33 46 55
5 7 17 30 35 58
5 7 17 30 49 62
5 7 17 31 38 44
5 7 17 31 49 63
5 7 17 32 34 49
5 7 17 32 38 53
5 7 17 32 46 61
5 7 17 32 58 63
5 7 17 34 44 61
5 7 17 35 36 63
5 7 17 35 50 52
6 7 17 38 43 52 58
6 7 17 39 52 54 59
5 7 17 40 50 63
5 7 17 41 51 58
5 7 17 45 51 62
5 7 17 47 48 57
5 7 17 47 50 57
6 7 18 20 34 36 55
6 7 18 20 40 47 58
5 7 18 20 43 45
5 7 18 20 44 53
5 7 18 20 59 61
5 7 18 25 28 32
6 7 18 25 29 33 52
5 7 18 25 40 48
5 7 18 25 50 57
5 7 18 26 32 40
6 7 18 26 34 42 55
5 7 18 26 35 43
6 7 18 26 47 50 58
5 7 18 26 49 57
5 7 18 26 51 59
5 7 18 27 28 38
9 7 18 27 31 33 38 52 57 61
5 7 18 27 32 38
5 7 18 27 35 38
5 7 18 27 38 44
6 7 18 27 38 48 53
6 7 18 27 38 50 59
5 7 18 27 38 54
5 7 18 27 38 56
5 7 18 27 38 60
5 7 18 27 38 62
5 7 18 27 38 63
6 7 18 28 34 44 55
5 7 18 28 35 56
5 7 18 28 50 60
6 7 18 29 34 45 55
6 7 18 29 35 57 63
5 7 18 29 44 48
5 7 18 29 50 61
5 7 18 31 32 56
5 7 18 31 50 63
5 7 18 32 57 60
6 7 18 33 42 46 52
5 7 18 33 51 52
6 7 18 33 52 59 63
5 7 18 35 36 60
5 7 18 35 45 62
5 7 18 36 54 61
5 7 18 39 53 56
5 7 18 40 49 60
5 7 18 42 48 57
5 7 18 42 49 62
5 7 18 43 49 63
5 7 18 46 48 61
5 7 18 47 48 58
5 7 18 47 51 58
5 7 19 20 27 39
5 7 19 20 29 53
5 7 19 20 44 56
5 7 19 20 45 57
5 7 19 20 46 58
5 7 19 21 24 36
5 7 19 21 27 39
5 7 19 21 44 56
5 7 19 21 45 57
5 7 19 22 24 36
5 7 19 22 27 39
5 7 19 22 29 53
5 7 19 22 44 56
5 7 19 22 45 57
5 7 19 22 46 58
6 7 19 24 26 36 38
5 7 19 24 36 41
5 7 19 24 36 42
5 7 19 24 36 43
6 7 19 24 36 45 57
5 7 19 24 36 60
5 7 19 24 36 61
5 7 19 24 36 62
5 7 19 24 36 63
8 7 19 26 29 38 44 53 56
6 7 19 26 30 38 54
5 7 19 26 38 40
5 7 19 26 38 43
5 7 19 26 38 60
5 7 19 26 38 61
5 7 19 26 38 62
5 7 19 26 38 63
6 7 19 27 29 39 53
5 7 19 27 39 60
5 7 19 27 39 61
5 7 19 27 39 62
5 7 19 29 53 60
5 7 19 29 53 62
5 7 19 29 53 63
6 7 19 30 44 54 56
5 7 19 30 54 61
5 7 19 30 54 63
6 7 19 40 44 56 60
5 7 19 41 44 56
6 7 19 41 45 57 61
5 7 19 42 44 56
5 7 19 42 45 57
6 7 19 42 46 58 62
5 7 19 43 44 56
5 7 19 43 45 57
6 7 19 44 45 56 57
6 7 19 44 46 56 58
5 7 19 44 56 63
5 7 19 45 57 60
5 7 19 45 57 62
5 7 19 45 57 63
5 7 19 46 58 60
5 7 19 46 58 61
5 7 19 46 58 63
5 7 20 21 27 46
5 7 20 21 32 33
6 7 20 21 40 41 47
6 7 20 21 42 60 61
5 7 20 21 44 45
5 7 20 21 48 49
5 7 20 21 56 57
5 7 20 22 27 45
5 7 20 22 32 34
6 7 20 22 40 42 47
5 7 20 22 44 46
5 7 20 22 48 50
5 7 20 22 56 58
5 7 20 22 60 62
7 7 20 25 32 42 49 54
6 7 20 25 36 41 55
5 7 20 25 45 60
5 7 20 25 48 58
5 7 20 26 32 50
6 7 20 26 36 42 55
5 7 20 26 40 47
5 7 20 26 46 60
5 7 20 29 34 43
5 7 20 29 35 57
6 7 20 29 36 45 55
5 7 20 29 46 54
5 7 20 29 50 59
5 7 20 31 32 56
5 7 20 31 33 57
5 7 20 31 34 58
5 7 20 32 41 53
5 7 20 34 53 59
5 7 20 39 57 62
5 7 20 39 59 60
5 7 20 40 47 48
5 7 20 40 47 50
5 7 20 40 47 51
5 7 20 42 51 53
5 7 20 44 54 61
5 7 21 24 33 48
7 7 21 24 38 44 58 61
5 7 21 24 41 47
5 7 21 24 42 45
5 7 21 24 53 56
5 7 21 27 52 57
5 7 21 27 53 59
5 7 21 28 35 56
5 7 21 28 38 62
5 7 21 28 53 60
5 7 21 30 45 52
5 7 21 30 53 62
5 7 21 31 32 56
6 7 21 31 33 57 62
5 7 21 31 53 63
5 7 21 32 38 49
6 7 21 32 42 48 58
6 7 21 33 41 47 53
5 7 21 34 36 49
5 7 21 35 50 52
5 7 21 36 41 47
5 7 21 36 42 57
5 7 21 38 40 57
5 7 21 39 58 63
5 7 21 39 59 61
5 7 21 41 47 48
5 7 21 41 47 49
5 7 21 41 47 50
5 7 21 41 47 51
5 7 21 43 52 58
5 7 22 24 34 48
6 7 22 24 38 40 55
5 7 22 24 42 47
5 7 22 24 44 62
5 7 22 24 54 56
5 7 22 27 33 58
5 7 22 27 53 63
5 7 22 27 54 59
6 7 22 28 35 53 56
5 7 22 28 54 60
5 7 22 28 58 61
6 7 22 29 38 45 55
5 7 22 29 39 63
5 7 22 29 54 61
5 7 22 31 32 56
5 7 22 31 33 57
5 7 22 31 34 58
5 7 22 31 44 45
5 7 22 31 54 63
5 7 22 32 53 59
6 7 22 33 42 47 53
5 7 22 34 41 53
6 7 22 34 42 47 54
5 7 22 34 57 61
5 7 22 36 42 47
5 7 22 39 57 60
5 7 22 42 47 48
5 7 22 42 47 49
5 7 22 42 47 50
5 7 22 42 47 51
5 7 22 43 48 53
5 7 23 33 54 59
5 7 23 34 36 41
7 7 23 34 43 47 49 54
5 7 23 36 43 47
5 7 23 36 56 63
5 7 23 36 57 62
5 7 23 40 59 60
5 7 23 41 44 58
5 7 23 41 51 54
5 7 23 41 59 61
5 7 23 43 47 48
5 7 23 43 47 50
5 7 23 46 54 61
5 7 23 51 52 53
5 7 23 52 53 59
5 7 24 25 32 33
6 7 24 25 38 48 49
6 7 24 25 40 41 55
5 7 24 25 42 58
5 7 24 25 56 57
5 7 24 25 60 61
5 7 24 26 32 34
6 7 24 26 40 42 55
5 7 24 26 48 50
5 7 24 26 56 58
5 7 24 26 60 62
6 7 24 28 35 56 60
6 7 24 28 40 44 55
5 7 24 28 41 45
5 7 24 28 42 46
5 7 24 28 57 61
5 7 24 28 59 63
6 7 24 31 32 56 63
5 7 24 31 33 57
5 7 24 31 37 46
5 7 24 32 49 58
5 7 24 33 47 53
5 7 24 34 47 54
5 7 24 37 44 57
5 7 24 37 59 61
5 7 24 38 51 53
5 7 24 41 48 53
5 7 24 42 48 54
5 7 25 28 35 56
6 7 25 28 41 44 55
5 7 25 28 42 62
5 7 25 28 57 60
6 7 25 29 35 57 61
6 7 25 29 38 59 63
5 7 25 29 40 44
6 7 25 29 41 45 55
5 7 25 29 56 60
5 7 25 29 58 62
5 7 25 30 38 43
5 7 25 30 53 63
5 7 25 30 57 62
5 7 25 31 32 56
6 7 25 31 33 57 63
5 7 25 31 52 61
5 7 25 33 50 59
6 7 25 35 38 50 52
5 7 25 36 42 53
5 7 25 36 45 56
5 7 25 38 40 53
6 7 25 38 44 54 60
5 7 25 38 45 58
6 7 25 39 51 52 54
5 7 25 40 42 57
5 7 25 42 44 61
5 7 25 43 52 58
5 7 26 28 35 56
6 7 26 28 42 44 55
5 7 26 28 58 60
6 7 26 29 34 41 52
5 7 26 29 35 57
5 7 26 29 43 63
5 7 26 29 54 60
6 7 26 30 35 58 62
5 7 26 30 40 44
6 7 26 30 42 46 55
5 7 26 30 57 61
5 7 26 30 59 63
6 7 26 31 34 58 63
6 7 26 31 41 52 61
5 7 26 34 47 54
5 7 26 39 48 53
5 7 26 41 51 52
5 7 26 41 52 59
5 7 26 41 52 63
5 7 27 28 35 56
5 7 27 28 59 60
7 7 27 29 35 50 52 57
5 7 27 29 59 61
6 7 27 31 32 56 60
6 7 27 31 34 58 62
5 7 27 32 33 46
5 7 27 32 34 45
5 7 27 33 48 62
5 7 27 34 48 61
5 7 27 45 48 50
5 7 27 45 56 58
5 7 27 45 60 62
5 7 27 46 48 49
5 7 27 52 57 63
5 7 28 29 32 33
6 7 28 29 35 56 57
5 7 28 29 40 41
6 7 28 29 44 45 55
5 7 28 29 60 61
5 7 28 30 32 34
6 7 28 30 35 56 58
5 7 28 30 36 38
5 7 28 30 40 42
6 7 28 30 44 46 55
5 7 28 30 48 50
5 7 28 35 36 56
5 7 28 35 37 56
5 7 28 35 38 56
6 7 28 35 40 51 56
5 7 28 35 42 56
6 7 28 35 43 48 56
5 7 28 35 45 56
5 7 28 35 46 56
5 7 28 35 54 56
5 7 28 35 56 63
5 7 28 40 57 62
5 7 29 32 46 49
5 7 29 33 50 63
5 7 29 34 44 49
5 7 29 35 36 57
5 7 29 35 38 57
6 7 29 35 43 49 57
5 7 29 35 48 57
5 7 29 35 57 60
5 7 29 35 57 62
5 7 29 39 52 54
5 7 29 40 51 62
5 7 29 41 58 63
5 7 29 44 46 61
5 7 29 44 51 58
6 7 30 34 42 45 52
5 7 30 35 36 58
5 7 30 35 38 58
5 7 30 35 40 58
6 7 30 35 42 51 58
8 7 30 35 43 45 50 52 58
5 7 30 35 48 58
5 7 30 35 49 58
5 7 30 35 58 61
5 7 30 35 58 63
5 7 30 38 45 52
5 7 30 40 48 61
5 7 30 42 50 61
5 7 30 44 48 57
6 7 30 45 51 52 59
5 7 30 45 52 63
6 7 31 32 33 56 57
6 7 31 32 34 56 58
6 7 31 32 37 46 56
5 7 31 32 38 56
6 7 31 32 40 48 56
5 7 31 32 41 56
5 7 31 32 42 56
5 7 31 32 43 56
5 7 31 32 45 56
5 7 31 32 51 56
5 7 31 32 53 56
5 7 31 32 54 56
6 7 31 33 41 49 57
5 7 31 33 42 57
5 7 31 33 44 57
5 7 31 33 48 57
5 7 31 33 50 57
5 7 31 33 57 60
5 7 31 34 36 58
6 7 31 34 42 50 58
7 7 31 34 43 52 58 61
5 7 31 34 44 58
5 7 31 34 45 58
5 7 31 34 49 58
5 7 31 34 51 58
5 7 31 34 58 60
5 7 31 37 44 46
5 7 31 37 46 48
5 7 31 37 46 49
5 7 31 37 46 50
5 7 31 37 46 51
6 7 31 37 46 53 62
5 7 31 37 46 60
5 7 31 37 46 63
6 7 31 39 52 54 61
5 7 31 42 52 61
5 7 31 51 52 61
5 7 32 33 48 49
5 7 32 33 60 61
5 7 32 34 48 50
5 7 32 38 48 54
5 7 32 40 49 57
5 7 32 40 50 58
5 7 32 40 51 59
5 7 32 41 48 57
5 7 32 43 48 59
5 7 32 45 48 61
5 7 33 38 47 53
5 7 33 38 48 58
5 7 33 38 49 54
5 7 33 41 50 58
5 7 33 41 51 59
5 7 33 42 49 58
5 7 33 44 49 60
5 7 33 46 49 62
5 7 33 47 48 53
5 7 33 47 51 53
5 7 34 36 47 54
5 7 34 36 59 61
5 7 34 41 50 57
5 7 34 42 48 56
5 7 34 42 49 57
5 7 34 42 51 59
5 7 34 43 44 57
5 7 34 43 50 59
5 7 34 44 50 60
5 7 34 45 50 61
5 7 34 47 48 54
5 7 34 47 51 54
6 7 35 36 37 48 49
5 7 35 40 49 54
5 7 35 42 50 52
5 7 35 45 51 61
5 7 35 46 51 62
5 7 35 50 52 63
6 7 36 37 43 56 57
5 7 36 38 48 50
5 7 36 38 56 58
5 7 36 38 60 62
5 7 36 41 48 58
5 7 36 41 49 54
5 7 36 45 50 59
5 7 37 40 58 61
5 7 37 43 53 59
5 7 37 43 60 62
5 7 38 40 54 56
5 7 38 43 53 63
5 7 38 43 54 59
5 7 38 43 57 62
5 7 38 45 54 61
5 7 39 52 54 63
5 7 40 41 48 49
5 7 40 41 56 57
5 7 40 41 60 61
5 7 40 42 48 50
5 7 40 42 56 58
5 7 40 42 60 62
5 7 40 44 57 61
5 7 40 44 58 62
5 7 40 44 59 63
5 7 41 44 57 60
5 7 41 45 58 62
5 7 41 45 59 63
5 7 41 46 53 63
5 7 41 46 57 62
5 7 42 44 58 60
5 7 42 45 53 56
5 7 42 45 54 60
5 7 42 46 56 60
5 7 42 46 57 61
5 7 42 46 59 63
5 7 43 44 59 60
5 7 43 45 59 61
5 7 43 52 58 63
5 7 44 45 48 49
5 7 44 45 60 61
5 7 44 46 48 50
5 7 44 46 60 62
9 8 9 12 13 16 17 27 31 51
6 8 9 12 13 18 23
5 8 9 12 13 19
16 8 9 12 13 20 21 26 30 36 37 42 46 56 57 60 61
13 8 9 12 13 22 32 33 43 47 48 49 59 63
8 8 9 12 13 24 25 28 29
6 8 9 12 13 34 39
5 8 9 12 13 35
5 8 9 12 13 38
8 8 9 12 13 40 41 44 45
6 8 9 12 13 50 55
8 8 9 12 13 52 53 58 62
5 8 9 12 13 54
6 8 9 14 16 17 23
10 8 9 14 20 21 31 38 43 54 59
9 8 9 14 22 27 32 33 39 50
8 8 9 14 24 25 30 44 45
8 8 9 14 26 42 56 57 62
5 8 9 14 28 29
6 8 9 14 36 37 47
6 8 9 14 40 41 46
6 8 9 14 48 49 55
6 8 9 14 52 53 63
5 8 9 14 60 61
5 8 9 15 16 17
8 8 9 15 20 21 39 48 49
7 8 9 15 22 32 33 51
8 8 9 15 24 25 31 60 61
8 8 9 15 26 42 56 57 63
5 8 9 15 27 38
5 8 9 15 28 29
5 8 9 15 36 37
6 8 9 15 40 41 47
5 8 9 15 43 59
5 8 9 15 44 45
5 8 9 15 52 53
5 8 9 16 17 30
8 8 9 16 17 34 43 50 59
5 8 9 16 17 35
6 8 9 16 17 36 37
5 8 9 16 17 39
6 8 9 16 17 40 41
6 8 9 16 17 46 54
6 8 9 16 17 47 55
6 8 9 16 17 48 49
5 8 9 16 17 58
6 8 9 16 17 60 61
5 8 9 16 17 62
5 8 9 16 17 63
5 8 9 18 27 35
6 8 9 18 28 29 58
5 8 9 18 40 41
6 8 9 18 44 45 54
5 8 9 18 52 53
5 8 9 18 60 61
5 8 9 19 20 21
8 8 9 19 26 35 42 56 57
5 8 9 19 36 37
5 8 9 19 39 58
6 8 9 19 40 41 50
6 8 9 19 44 45 55
5 8 9 19 52 53
5 8 9 19 60 61
6 8 9 20 21 27 55
8 8 9 20 21 28 29 40 41
6 8 9 20 21 44 45
5 8 9 20 21 47
5 8 9 20 21 50
5 8 9 20 21 51
6 8 9 20 21 52 53
5 8 9 20 21 58
5 8 9 20 21 62
5 8 9 20 21 63
8 8 9 22 30 32 33 54 62
7 8 9 22 31 32 33 55
7 8 9 22 32 33 46 58
7 8 9 22 32 33 60 61
7 8 9 23 36 37 48 49
5 8 9 23 38 50
6 8 9 23 40 41 54
5 8 9 23 44 45
5 8 9 23 60 61
5 8 9 24 25 34
6 8 9 24 25 35 50
6 8 9 24 25 39 54
5 8 9 24 25 46
6 8 9 24 25 47 62
5 8 9 24 25 51
5 8 9 24 25 55
5 8 9 24 25 63
8 8 9 26 31 42 47 56 57
6 8 9 27 36 37 54
6 8 9 27 44 45 62
5 8 9 27 48 49
5 8 9 27 52 53
5 8 9 27 60 61
6 8 9 28 29 34 54
6 8 9 28 29 35 55
6 8 9 28 29 36 37
5 8 9 28 29 39
6 8 9 28 29 48 49
5 8 9 28 29 50
5 8 9 28 29 51
5 8 9 30 38 58
5 8 9 30 40 41
5 8 9 30 48 49
5 8 9 30 52 53
5 8 9 31 36 37
6 8 9 31 40 41 62
5 8 9 31 44 45
5 8 9 31 48 49
5 8 9 31 52 53
5 8 9 34 44 45
5 8 9 34 52 53
5 8 9 34 60 61
5 8 9 35 36 37
5 8 9 35 48 49
5 8 9 35 52 53
5 8 9 35 60 61
8 8 9 36 37 43 52 53 59
6 8 9 36 37 44 45
5 8 9 36 37 50
5 8 9 36 37 51
5 8 9 36 37 55
5 8 9 36 37 58
5 8 9 36 37 62
5 8 9 36 37 63
5 8 9 38 60 61
5 8 9 39 52 53
5 8 9 39 60 61
6 8 9 40 41 48 49
5 8 9 40 41 51
6 8 9 40 41 52 53
5 8 9 40 41 55
6 8 9 40 41 60 61
5 8 9 40 41 63
6 8 9 44 45 48 49
5 8 9 44 45 50
5 8 9 44 45 51
5 8 9 44 45 58
5 8 9 44 45 63
5 8 9 46 48 49
5 8 9 46 52 53
5 8 9 47 52 53
5 8 9 47 60 61
5 8 9 48 49 62
5 8 9 50 60 61
5 8 9 51 52 53
6 8 9 52 53 60 61
6 8 10 12 14 16 18
7 8 10 12 14 17 23 51
5 8 10 12 14 19
12 8 10 12 14 20 22 36 38 56 58 60 62
9 8 10 12 14 21 40 42 44 46
8 8 10 12 14 24 26 28 30
6 8 10 12 14 25 29
8 8 10 12 14 27 31 59 63
8 8 10 12 14 32 34 48 50
6 8 10 12 14 33 39
5 8 10 12 14 35
5 8 10 12 14 37
6 8 10 12 14 41 45
6 8 10 12 14 43 47
6 8 10 12 14 49 55
6 8 10 12 14 52 54
5 8 10 12 14 53
6 8 10 12 14 57 61
5 8 10 15 16 18
6 8 10 15 20 22 39
6 8 10 15 24 26 31
5 8 10 15 25 45
6 8 10 15 27 37 59
5 8 10 15 28 30
6 8 10 15 32 34 51
5 8 10 15 36 38
8 8 10 15 40 42 47 60 62
5 8 10 15 44 46
5 8 10 15 48 50
5 8 10 15 52 54
6 8 10 15 56 58 63
6 8 10 16 18 20 22
5 8 10 16 18 25
8 8 10 16 18 27 48 50 59
5 8 10 16 18 29
5 8 10 16 18 35
6 8 10 16 18 36 38
5 8 10 16 18 39
5 8 10 16 18 41
6 8 10 16 18 43 49
6 8 10 16 18 45 53
6 8 10 16 18 47 55
5 8 10 16 18 51
5 8 10 16 18 57
6 8 10 16 18 60 62
5 8 10 16 18 61
5 8 10 16 18 63
6 8 10 17 28 30 57
6 8 10 17 33 56 58
6 8 10 17 44 46 53
5 8 10 17 48 50
5 8 10 17 52 54
5 8 10 17 60 62
5 8 10 19 20 22
8 8 10 19 23 40 42 49 53
6 8 10 19 35 56 58
5 8 10 19 36 38
5 8 10 19 39 57
6 8 10 19 44 46 55
5 8 10 19 48 50
5 8 10 19 52 54
8 8 10 20 22 27 52 54 59
6 8 10 20 22 29 41
7 8 10 20 22 31 43 53
6 8 10 20 22 44 46
5 8 10 20 22 47
6 8 10 20 22 48 50
5 8 10 20 22 49
5 8 10 20 22 51
5 8 10 20 22 55
5 8 10 20 22 57
5 8 10 20 22 61
5 8 10 20 22 63
8 8 10 21 27 36 38 53 59
6 8 10 21 28 30 41
8 8 10 21 31 37 47 56 58
5 8 10 21 43 63
5 8 10 21 48 50
5 8 10 21 52 54
5 8 10 21 60 62
6 8 10 23 25 36 38
5 8 10 23 44 46
5 8 10 23 52 54
5 8 10 23 60 62
8 8 10 24 26 32 34 36 38
5 8 10 24 26 33
6 8 10 24 26 35 49
6 8 10 24 26 39 53
6 8 10 24 26 44 46
5 8 10 24 26 45
6 8 10 24 26 47 61
6 8 10 24 26 48 50
5 8 10 24 26 51
6 8 10 24 26 52 54
5 8 10 24 26 55
6 8 10 24 26 60 62
5 8 10 24 26 63
5 8 10 25 28 30
6 8 10 25 31 44 46
5 8 10 25 39 51
5 8 10 25 48 50
5 8 10 25 52 54
5 8 10 25 60 62
8 8 10 27 29 44 46 59 61
5 8 10 27 33 59
6 8 10 28 30 33 53
6 8 10 28 30 35 55
6 8 10 28 30 36 38
5 8 10 28 30 39
6 8 10 28 30 48 50
5 8 10 28 30 49
5 8 10 29 43 55
5 8 10 29 52 54
6 8 10 31 32 34 55
5 8 10 31 36 38
6 8 10 31 40 42 61
5 8 10 31 48 50
5 8 10 31 52 54
5 8 10 31 60 62
5 8 10 32 34 41
7 8 10 32 34 43 60 62
6 8 10 32 34 45 57
5 8 10 32 34 61
5 8 10 32 34 63
5 8 10 33 44 46
5 8 10 33 48 50
5 8 10 33 52 54
5 8 10 33 60 62
5 8 10 35 36 38
5 8 10 35 52 54
5 8 10 35 60 62
5 8 10 36 38 43
5 8 10 36 38 45
5 8 10 36 38 47
6 8 10 36 38 48 50
5 8 10 36 38 49
5 8 10 36 38 51
6 8 10 36 38 52 54
5 8 10 36 38 55
5 8 10 36 38 57
5 8 10 36 38 61
5 8 10 36 38 63
5 8 10 37 44 46
5 8 10 37 48 50
5 8 10 37 52 54
5 8 10 37 60 62
5 8 10 39 60 62
5 8 10 40 42 51
5 8 10 40 42 55
5 8 10 40 42 63
5 8 10 41 44 46
5 8 10 41 48 50
5 8 10 41 52 54
5 8 10 41 60 62
5 8 10 43 48 50
5 8 10 43 52 54
6 8 10 44 46 48 50
5 8 10 44 46 49
5 8 10 44 46 51
5 8 10 44 46 57
6 8 10 44 46 60 62
5 8 10 44 46 63
5 8 10 45 52 54
5 8 10 45 60 62
5 8 10 47 48 50
5 8 10 47 52 54
6 8 10 48 50 52 54
5 8 10 48 50 57
5 8 10 48 50 61
5 8 10 49 60 62
5 8 10 51 52 54
5 8 10 52 54 61
5 8 10 52 54 63
5 8 10 53 60 62
5 8 10 57 60 62
8 8 11 16 19 20 23 25 26
6 8 11 16 19 21 22
8 8 11 16 19 29 30 36 39
6 8 11 16 19 37 38
6 8 11 16 19 40 43
8 8 11 16 19 45 46 53 54
6 8 11 16 19 48 51
6 8 11 16 19 57 58
6 8 11 16 19 60 63
6 8 11 17 18 21 22
10 8 11 17 18 28 31 36 39 57 58
8 8 11 17 18 33 34 56 59
6 8 11 17 18 40 43
8 8 11 17 18 44 47 53 54
6 8 11 17 18 45 46
6 8 11 17 18 49 50
6 8 11 17 18 52 55
6 8 11 17 18 60 63
6 8 11 17 18 61 62
8 8 11 20 23 28 31 40 43
8 8 11 20 23 44 47 57 58
6 8 11 20 23 45 46
6 8 11 20 23 48 51
6 8 11 20 23 49 50
6 8 11 20 23 52 55
6 8 11 20 23 61 62
6 8 11 21 22 29 30
8 8 11 21 22 36 39 52 55
8 8 11 21 22 37 38 56 59
8 8 11 21 22 40 43 61 62
6 8 11 21 22 44 47
6 8 11 21 22 48 51
6 8 11 21 22 49 50
6 8 11 21 22 53 54
6 8 11 21 22 57 58
6 8 11 21 22 60 63
10 8 11 24 27 32 35 36 39 41 42
8 8 11 24 27 41 42 44 47
10 8 11 24 27 41 42 48 51 53 54
8 8 11 24 27 41 42 49 50
8 8 11 24 27 41 42 52 55
8 8 11 24 27 41 42 60 63
8 8 11 24 27 41 42 61 62
6 8 11 25 26 28 31
8 8 11 25 26 32 35 37 38
6 8 11 25 26 33 34
8 8 11 25 26 36 39 49 50
6 8 11 25 26 44 47
6 8 11 25 26 45 46
6 8 11 25 26 48 51
6 8 11 25 26 52 55
6 8 11 25 26 53 54
6 8 11 25 26 60 63
6 8 11 25 26 61 62
8 8 11 28 31 33 34 53 54
6 8 11 28 31 37 38
6 8 11 28 31 48 51
6 8 11 29 30 33 34
8 8 11 29 30 44 47 60 63
8 8 11 29 30 45 46 56 59
6 8 11 29 30 48 51
6 8 11 29 30 49 50
6 8 11 29 30 52 55
6 8 11 29 30 57 58
6 8 11 29 30 61 62
8 8 11 32 35 45 46 57 58
6 8 11 32 35 60 63
6 8 11 33 34 37 38
6 8 11 33 34 44 47
6 8 11 33 34 48 51
6 8 11 33 34 49 50
6 8 11 33 34 52 55
6 8 11 33 34 57 58
6 8 11 33 34 60 63
6 8 11 33 34 61 62
6 8 11 36 39 44 47
6 8 11 36 39 48 51
6 8 11 36 39 61 62
6 8 11 37 38 45 46
6 8 11 37 38 48 51
6 8 11 37 38 49 50
6 8 11 37 38 52 55
6 8 11 37 38 53 54
6 8 11 37 38 57 58
6 8 11 37 38 60 63
6 8 11 37 38 61 62
6 8 11 40 43 48 51
6 8 11 40 43 49 50
6 8 11 40 43 52 55
6 8 11 40 43 60 63
6 8 11 44 47 48 51
6 8 11 45 46 48 51
6 8 11 45 46 49 50
6 8 11 45 46 52 55
6 8 11 45 46 60 63
6 8 11 45 46 61 62
8 8 11 48 51 52 55 57 58
6 8 11 48 51 61 62
6 8 11 49 50 53 54
6 8 11 49 50 60 63
6 8 11 52 55 60 63
6 8 11 53 54 61 62
6 8 11 57 58 60 63
8 8 12 16 21 33 42 46 54
5 8 12 16 22 34
5 8 12 16 23 35
6 8 12 16 25 29 49
8 8 12 16 26 30 50 59 63
6 8 12 16 41 45 53
6 8 12 16 43 47 55
5 8 12 16 57 61
5 8 12 16 58 62
6 8 12 17 19 49 51
6 8 12 17 22 39 51
8 8 12 17 26 30 43 47 51
6 8 12 17 37 51 54
7 8 12 17 40 44 51 53
8 8 12 17 41 45 51 58 62
5 8 12 17 51 52
8 8 12 18 20 34 36 56 60
7 8 12 18 25 29 43 47
5 8 12 18 27 31
6 8 12 18 40 44 54
5 8 12 18 41 45
5 8 12 18 57 61
8 8 12 19 20 35 36 56 60
6 8 12 19 21 42 46
5 8 12 19 26 30
5 8 12 19 34 53
6 8 12 19 40 44 55
5 8 12 19 41 45
5 8 12 19 43 47
5 8 12 19 57 61
10 8 12 20 25 29 36 41 45 56 60
10 8 12 20 27 31 36 43 47 56 60
6 8 12 21 23 42 46
9 8 12 21 32 42 46 48 58 62
6 8 12 21 35 42 46
6 8 12 21 42 46 49
6 8 12 21 42 46 50
6 8 12 21 42 46 52
6 8 12 21 42 46 53
5 8 12 22 40 44
5 8 12 22 57 61
5 8 12 23 32 48
5 8 12 23 34 49
5 8 12 23 40 44
5 8 12 23 41 45
5 8 12 23 57 61
5 8 12 23 58 62
6 8 12 24 28 33 53
6 8 12 24 28 34 54
6 8 12 24 28 35 55
5 8 12 24 28 38
5 8 12 24 28 39
5 8 12 24 28 49
5 8 12 24 28 50
6 8 12 25 27 29 31
8 8 12 25 29 32 37 48 53
7 8 12 25 29 33 58 62
5 8 12 25 29 35
5 8 12 25 29 39
6 8 12 25 29 40 44
5 8 12 25 29 50
5 8 12 25 29 52
5 8 12 25 29 54
6 8 12 25 29 57 61
8 8 12 26 30 32 38 48 54
5 8 12 26 30 33
5 8 12 26 30 34
5 8 12 26 30 35
5 8 12 26 30 39
6 8 12 26 30 40 44
6 8 12 26 30 41 45
5 8 12 26 30 49
5 8 12 26 30 52
5 8 12 26 30 53
5 8 12 26 30 55
6 8 12 26 30 58 62
8 8 12 27 31 32 39 48 55
5 8 12 27 31 33
5 8 12 27 31 34
5 8 12 27 31 35
5 8 12 27 31 37
7 8 12 27 31 38 57 61
6 8 12 27 31 40 44
5 8 12 27 31 49
5 8 12 27 31 50
5 8 12 27 31 52
5 8 12 27 31 53
5 8 12 27 31 54
6 8 12 27 31 58 62
8 8 12 32 41 45 48 57 61
5 8 12 33 57 61
5 8 12 34 41 45
5 8 12 34 43 47
5 8 12 34 57 61
5 8 12 34 58 62
5 8 12 35 57 61
5 8 12 35 58 62
5 8 12 39 57 61
5 8 12 39 58 62
5 8 12 40 44 49
5 8 12 40 44 50
8 8 12 40 44 57 59 61 63
6 8 12 40 44 58 62
6 8 12 41 43 45 47
5 8 12 41 45 49
5 8 12 41 45 50
5 8 12 41 45 52
5 8 12 41 45 54
5 8 12 41 45 55
5 8 12 43 47 50
5 8 12 43 47 52
5 8 12 43 47 53
5 8 12 43 47 54
6 8 12 43 47 57 61
6 8 12 43 47 58 62
5 8 12 49 58 62
5 8 12 50 57 61
5 8 12 52 57 61
5 8 12 52 59 63
10 8 13 16 20 30 31 33 37 42 43
5 8 13 16 22 31
6 8 13 16 25 31 38
7 8 13 16 31 36 46 54
8 8 13 16 31 40 45 53 58
5 8 13 16 31 41
6 8 13 16 31 48 63
5 8 13 16 31 60
6 8 13 17 21 26 27
6 8 13 17 27 28 57
5 8 13 17 27 35
6 8 13 17 27 36 46
6 8 13 17 27 40 45
7 8 13 17 27 44 53 58
6 8 13 17 27 48 63
6 8 13 17 27 50 55
6 8 13 17 27 52 62
5 8 13 17 27 60
6 8 13 18 19 22 23
5 8 13 18 23 25
9 8 13 18 23 28 33 43 53 58
8 8 13 18 23 34 39 56 61
5 8 13 18 23 35
6 8 13 18 23 36 46
6 8 13 18 23 40 45
6 8 13 18 23 44 54
6 8 13 18 23 48 63
6 8 13 18 23 50 55
5 8 13 18 23 51
6 8 13 18 23 52 62
5 8 13 18 23 57
5 8 13 18 23 60
7 8 13 19 20 30 37 42
5 8 13 19 21 26
5 8 13 19 33 43
5 8 13 19 34 39
5 8 13 19 36 46
5 8 13 19 40 45
5 8 13 19 48 63
5 8 13 19 53 58
7 8 13 20 30 35 37 42
7 8 13 20 30 37 42 44
8 8 13 20 30 37 42 48 63
8 8 13 20 30 37 42 50 55
7 8 13 20 30 37 42 51
8 8 13 20 30 37 42 52 62
8 8 13 20 30 37 42 53 58
6 8 13 21 26 28 41
9 8 13 21 26 32 38 47 49 59
8 8 13 21 26 33 43 50 55
5 8 13 21 26 35
6 8 13 21 26 40 45
5 8 13 21 26 44
6 8 13 21 26 48 63
5 8 13 21 26 51
6 8 13 21 26 52 62
6 8 13 21 26 53 58
5 8 13 21 26 54
5 8 13 22 34 39
5 8 13 22 36 46
6 8 13 22 38 56 61
5 8 13 22 50 55
5 8 13 22 52 62
5 8 13 22 53 58
12 8 13 24 29 32 36 46 47 49 53 58 59
6 8 13 24 29 33 43
6 8 13 24 29 34 39
5 8 13 24 29 35
5 8 13 24 29 44
7 8 13 24 29 48 57 63
6 8 13 24 29 50 55
5 8 13 24 29 51
6 8 13 24 29 52 62
5 8 13 24 29 54
5 8 13 24 29 60
5 8 13 25 33 43
5 8 13 25 34 39
7 8 13 25 36 46 52 62
5 8 13 25 40 45
6 8 13 25 41 56 61
5 8 13 25 48 63
5 8 13 25 50 55
5 8 13 25 53 58
6 8 13 28 34 39 54
7 8 13 32 41 47 49 59
7 8 13 32 47 49 59 60
5 8 13 33 43 44
5 8 13 33 43 51
6 8 13 33 43 52 62
5 8 13 33 43 57
5 8 13 33 43 60
6 8 13 34 35 38 39
5 8 13 34 39 41
5 8 13 34 39 44
6 8 13 34 39 48 63
6 8 13 34 39 50 55
5 8 13 34 39 51
6 8 13 34 39 52 62
6 8 13 34 39 53 58
5 8 13 34 39 57
5 8 13 34 39 60
5 8 13 35 36 46
5 8 13 35 48 63
5 8 13 35 53 58
6 8 13 36 46 48 63
6 8 13 36 46 50 55
5 8 13 36 46 51
5 8 13 38 48 63
5 8 13 38 50 55
5 8 13 38 52 62
5 8 13 38 53 58
6 8 13 40 45 48 63
6 8 13 40 45 50 55
6 8 13 40 45 52 62
5 8 13 40 45 54
5 8 13 40 45 60
5 8 13 41 48 63
5 8 13 41 50 55
5 8 13 41 52 62
5 8 13 41 53 58
5 8 13 44 48 63
6 8 13 48 52 62 63
5 8 13 48 54 63
6 8 13 50 51 54 55
5 8 13 50 55 57
5 8 13 50 55 60
5 8 13 51 52 62
5 8 13 51 53 58
5 8 13 53 58 60
6 8 14 15 16 26 27
6 8 14 15 17 22 23
5 8 14 15 18 19
8 8 14 15 20 25 33 38 39
9 8 14 15 24 30 31 48 58 59
8 8 14 15 29 45 56 62 63
8 8 14 15 32 42 43 50 51
5 8 14 15 34 35
5 8 14 15 36 41
6 8 14 15 40 46 47
5 8 14 15 44 60
6 8 14 15 49 54 55
5 8 14 15 52 57
6 8 14 16 20 34 38
5 8 14 16 29 43
6 8 14 16 33 39 42
6 8 14 16 40 46 54
5 8 14 16 45 53
6 8 14 17 19 21 23
5 8 14 17 23 26
7 8 14 17 23 28 43 57
8 8 14 17 23 33 39 56 62
5 8 14 17 23 35
5 8 14 17 23 36
6 8 14 17 23 40 46
6 8 14 17 23 44 53
5 8 14 17 23 45
5 8 14 17 23 47
5 8 14 17 23 48
6 8 14 17 23 49 55
5 8 14 17 23 52
5 8 14 17 23 54
5 8 14 17 23 58
5 8 14 17 23 60
5 8 14 17 23 61
5 8 14 17 23 63
5 8 14 18 28 58
6 8 14 18 31 59 60
7 8 14 18 33 39 44 54
6 8 14 18 34 56 62
5 8 14 18 40 46
5 8 14 18 49 55
5 8 14 19 20 38
5 8 14 19 29 34
5 8 14 19 33 39
5 8 14 19 40 46
5 8 14 20 35 38
5 8 14 20 38 45
6 8 14 20 38 47 53
5 8 14 20 38 48
6 8 14 20 38 49 55
5 8 14 20 38 51
5 8 14 20 38 52
5 8 14 20 38 57
5 8 14 20 38 61
5 8 14 20 38 63
5 8 14 21 28 41
5 8 14 21 32 50
5 8 14 21 33 39
6 8 14 21 37 56 62
5 8 14 21 49 55
5 8 14 22 31 59
5 8 14 22 37 44
5 8 14 22 40 46
5 8 14 22 43 52
5 8 14 22 49 55
8 8 14 24 30 32 36 50 54
6 8 14 24 30 33 39
5 8 14 24 30 34
5 8 14 24 30 35
5 8 14 24 30 43
6 8 14 24 30 47 57
6 8 14 24 30 49 55
5 8 14 24 30 51
5 8 14 24 30 52
5 8 14 24 30 53
5 8 14 24 30 60
5 8 14 24 30 61
5 8 14 24 30 63
6 8 14 25 32 37 50
6 8 14 25 40 46 61
6 8 14 25 41 56 62
6 8 14 25 43 49 55
6 8 14 26 31 37 59
5 8 14 26 33 39
5 8 14 26 36 52
5 8 14 26 40 46
5 8 14 26 41 44
5 8 14 26 49 55
5 8 14 27 40 46
5 8 14 27 47 54
5 8 14 27 49 55
6 8 14 28 33 39 53
5 8 14 28 34 54
8 8 14 29 31 40 46 57 59
6 8 14 29 32 50 53
5 8 14 29 49 55
5 8 14 29 51 58
5 8 14 31 41 59
5 8 14 31 45 59
5 8 14 32 41 50
6 8 14 32 45 50 57
5 8 14 32 50 60
5 8 14 32 50 63
6 8 14 33 35 37 39
5 8 14 33 39 48
6 8 14 33 39 49 55
5 8 14 33 39 51
5 8 14 33 39 52
5 8 14 33 39 57
5 8 14 33 39 58
5 8 14 33 39 60
5 8 14 33 39 61
5 8 14 33 39 63
5 8 14 34 49 55
5 8 14 36 49 55
5 8 14 37 49 55
5 8 14 40 46 48
6 8 14 40 46 49 55
5 8 14 40 46 51
5 8 14 40 46 52
5 8 14 40 46 53
5 8 14 40 46 60
5 8 14 40 46 63
5 8 14 41 49 55
6 8 14 42 47 58 63
5 8 14 42 49 55
5 8 14 43 44 58
5 8 14 45 49 55
6 8 14 49 51 53 55
5 8 14 49 55 58
5 8 14 49 55 60
6 8 15 16 20 35 39
5 8 15 16 33 42
6 8 15 16 40 47 55
5 8 15 16 45 53
5 8 15 16 46 54
5 8 15 16 50 59
5 8 15 17 28 57
6 8 15 17 33 56 63
5 8 15 17 36 62
5 8 15 17 40 47
5 8 15 17 44 53
5 8 15 18 20 39
5 8 15 18 28 58
6 8 15 18 33 55 60
6 8 15 18 34 56 63
5 8 15 18 36 61
5 8 15 18 40 47
5 8 15 18 44 54
5 8 15 19 33 54
5 8 15 19 34 45
6 8 15 19 35 56 63
5 8 15 19 40 47
5 8 15 19 44 55
5 8 15 19 49 60
5 8 15 20 26 39
6 8 15 20 29 39 41
5 8 15 20 39 44
5 8 15 20 39 50
5 8 15 20 39 52
5 8 15 20 39 55
5 8 15 20 39 57
5 8 15 20 39 58
5 8 15 20 39 61
5 8 15 20 39 62
5 8 15 21 32 51
6 8 15 21 37 56 63
5 8 15 21 38 59
5 8 15 21 40 47
6 8 15 21 43 58 60
5 8 15 22 37 60
6 8 15 22 38 56 63
5 8 15 22 40 47
5 8 15 22 43 57
5 8 15 23 28 43
5 8 15 23 32 51
5 8 15 23 33 50
5 8 15 23 34 48
5 8 15 23 38 45
5 8 15 23 40 47
8 8 15 24 31 32 36 51 55
5 8 15 24 31 33
5 8 15 24 31 34
5 8 15 24 31 35
5 8 15 24 31 38
5 8 15 24 31 44
5 8 15 24 31 49
5 8 15 24 31 50
5 8 15 24 31 52
5 8 15 24 31 53
5 8 15 24 31 54
5 8 15 24 31 57
5 8 15 24 31 62
6 8 15 25 32 37 51
5 8 15 25 40 47
6 8 15 25 41 56 63
6 8 15 25 43 48 54
6 8 15 26 32 38 51
5 8 15 26 40 47
5 8 15 26 41 60
5 8 15 26 43 53
5 8 15 27 36 52
5 8 15 27 40 47
6 8 15 27 43 56 63
5 8 15 27 57 60
5 8 15 28 33 53
5 8 15 28 34 54
5 8 15 28 35 55
6 8 15 29 32 51 53
5 8 15 29 36 50
6 8 15 29 40 47 48
5 8 15 29 46 59
6 8 15 30 32 51 54
5 8 15 30 36 49
5 8 15 30 40 47
6 8 15 30 46 56 63
5 8 15 32 41 51
6 8 15 32 46 51 58
5 8 15 32 51 61
5 8 15 32 51 62
6 8 15 33 44 59 61
5 8 15 35 50 60
5 8 15 36 42 48
5 8 15 36 45 58
5 8 15 40 47 50
5 8 15 40 47 52
5 8 15 40 47 53
5 8 15 40 47 54
5 8 15 40 47 61
5 8 15 45 48 52
5 8 15 46 48 57
9 8 16 20 29 41 46 50 54 59
6 8 16 20 45 49 53
6 8 16 20 47 51 55
6 8 16 21 30 47 55
6 8 16 21 38 50 59
6 8 16 21 45 48 53
6 8 16 22 46 48 54
5 8 16 22 47 55
5 8 16 22 50 59
5 8 16 23 33 42
5 8 16 23 46 54
6 8 16 23 47 48 55
5 8 16 25 34 35
5 8 16 25 45 53
5 8 16 25 46 54
5 8 16 25 47 55
5 8 16 25 48 57
6 8 16 26 46 49 54
5 8 16 26 47 55
5 8 16 26 48 58
5 8 16 27 45 53
5 8 16 27 46 54
5 8 16 27 47 55
5 8 16 29 47 55
5 8 16 29 48 61
5 8 16 30 35 41
5 8 16 30 48 62
5 8 16 33 35 42
6 8 16 33 42 47 55
5 8 16 33 42 48
6 8 16 33 42 49 58
5 8 16 33 42 51
5 8 16 33 42 60
5 8 16 33 42 61
5 8 16 33 42 62
5 8 16 33 42 63
5 8 16 34 45 53
5 8 16 34 47 55
5 8 16 35 45 53
5 8 16 35 46 54
7 8 16 36 45 50 53 59
5 8 16 36 47 55
6 8 16 37 45 53 61
5 8 16 37 46 54
5 8 16 37 47 55
5 8 16 37 50 59
6 8 16 38 46 54 62
5 8 16 38 47 55
6 8 16 39 47 55 63
6 8 16 40 50 57 59
5 8 16 41 47 55
5 8 16 43 45 53
6 8 16 45 47 53 55
5 8 16 45 51 53
5 8 16 45 53 60
5 8 16 45 53 62
6 8 16 46 47 54 55
5 8 16 46 51 54
5 8 16 46 54 61
5 8 16 46 54 63
5 8 16 47 55 57
5 8 16 47 55 58
5 8 16 47 55 60
5 8 16 50 59 60
6 8 17 19 33 35 56
5 8 17 19 37 39
5 8 17 19 41 43
6 8 17 19 44 53 55
5 8 17 19 45 47
5 8 17 19 61 63
6 8 17 21 28 41 57
6 8 17 21 33 37 56
5 8 17 21 35 39
6 8 17 21 44 49 53
5 8 17 21 48 52
5 8 17 21 50 54
6 8 17 22 30 34 59
5 8 17 22 31 35
5 8 17 22 36 41
5 8 17 22 48 58
5 8 17 22 49 54
5 8 17 26 34 59
5 8 17 26 49 58
6 8 17 28 35 55 57
5 8 17 28 48 57
5 8 17 28 50 57
6 8 17 30 33 46 56
5 8 17 30 44 53
5 8 17 30 49 62
6 8 17 31 33 47 56
5 8 17 31 44 53
5 8 17 31 49 63
8 8 17 34 36 44 53 59 61
6 8 17 34 37 45 59
5 8 17 34 41 59
5 8 17 34 48 59
6 8 17 34 52 59 60
5 8 17 35 54 63
6 8 17 37 44 53 60
5 8 17 37 50 61
5 8 17 39 44 53
5 8 17 39 50 63
5 8 17 41 44 53
5 8 17 43 44 53
5 8 17 44 48 53
5 8 17 44 50 53
5 8 17 44 53 62
5 8 17 44 53 63
6 8 18 19 34 35 56
5 8 18 19 38 39
6 8 18 19 44 54 55
5 8 18 19 46 47
5 8 18 19 50 51
6 8 18 20 28 40 58
6 8 18 20 31 43 45
7 8 18 20 44 54 59 61
5 8 18 20 50 52
8 8 18 21 28 35 41 55 58
5 8 18 21 36 48
6 8 18 21 38 45 59
5 8 18 21 44 54
5 8 18 21 51 57
6 8 18 22 29 46 59
6 8 18 22 34 38 56
5 8 18 22 35 39
6 8 18 22 41 48 52
6 8 18 22 44 50 54
5 8 18 22 49 53
5 8 18 22 51 55
5 8 18 25 28 58
6 8 18 25 34 41 56
5 8 18 25 40 48
5 8 18 25 50 57
5 8 18 27 28 58
5 8 18 27 33 57
6 8 18 27 34 43 56
5 8 18 27 36 45
5 8 18 27 44 54
5 8 18 27 52 61
5 8 18 28 48 58
5 8 18 28 49 58
5 8 18 28 51 58
6 8 18 29 34 45 56
5 8 18 29 35 63
6 8 18 29 44 48 54
5 8 18 29 50 61
5 8 18 31 33 61
6 8 18 31 34 47 56
5 8 18 31 44 54
5 8 18 31 50 63
5 8 18 33 35 50
5 8 18 33 47 62
5 8 18 35 45 62
5 8 18 35 53 60
6 8 18 36 44 54 62
5 8 18 38 48 53
5 8 18 39 49 60
5 8 18 40 57 59
5 8 18 41 44 54
5 8 18 43 44 54
5 8 18 44 49 54
5 8 18 44 51 54
5 8 18 44 54 63
5 8 18 46 48 61
5 8 19 20 29 41
5 8 19 20 44 55
5 8 19 20 51 52
6 8 19 21 35 37 56
5 8 19 21 44 55
5 8 19 21 51 53
5 8 19 22 29 47
6 8 19 22 35 38 56
5 8 19 22 37 49
5 8 19 22 44 55
5 8 19 22 51 54
5 8 19 23 33 37
5 8 19 23 34 38
6 8 19 23 35 39 56
6 8 19 23 44 51 55
5 8 19 23 48 52
5 8 19 23 50 54
6 8 19 25 44 55 58
5 8 19 25 50 53
5 8 19 25 51 57
5 8 19 26 41 49
5 8 19 26 44 55
5 8 19 26 51 58
6 8 19 29 35 45 56
5 8 19 29 44 55
5 8 19 29 51 61
6 8 19 30 35 46 56
7 8 19 30 43 45 49 58
5 8 19 30 44 55
5 8 19 33 44 55
5 8 19 34 44 55
6 8 19 36 44 55 63
5 8 19 37 44 55
6 8 19 39 44 55 60
5 8 19 39 49 54
5 8 19 41 44 55
5 8 19 42 44 55
5 8 19 43 44 55
5 8 19 44 48 55
5 8 19 44 55 57
5 8 20 25 27 34
5 8 20 25 28 40
5 8 20 25 31 43
5 8 20 25 46 53
5 8 20 25 48 58
5 8 20 25 52 57
5 8 20 26 27 33
5 8 20 26 28 40
5 8 20 26 31 43
5 8 20 26 52 58
5 8 20 26 54 59
5 8 20 27 28 40
5 8 20 28 40 49
5 8 20 28 40 50
5 8 20 28 40 51
7 8 20 29 31 34 41 43
5 8 20 29 35 41
5 8 20 29 41 44
5 8 20 29 41 47
5 8 20 29 41 48
5 8 20 29 41 49
5 8 20 29 41 51
6 8 20 29 41 52 61
5 8 20 29 41 55
5 8 20 29 41 57
6 8 20 29 41 58 63
5 8 20 31 43 44
5 8 20 31 43 48
5 8 20 31 43 49
5 8 20 31 43 50
5 8 20 31 43 51
6 8 20 31 43 52 63
5 8 20 31 43 62
5 8 20 33 46 47
5 8 20 33 62 63
5 8 20 34 45 47
5 8 20 34 49 51
5 8 20 34 53 55
5 8 20 34 61 63
5 8 20 45 50 63
5 8 20 46 49 63
5 8 20 48 54 59
6 8 21 23 28 41 43
6 8 21 23 37 39 56
5 8 21 23 45 47
5 8 21 23 49 51
5 8 21 23 53 55
5 8 21 23 61 63
5 8 21 27 32 39
5 8 21 27 33 51
6 8 21 27 37 43 56
5 8 21 27 47 61
5 8 21 28 36 41
5 8 21 28 39 41
5 8 21 28 41 48
5 8 21 28 41 49
5 8 21 28 41 50
5 8 21 28 41 51
6 8 21 29 32 53 61
5 8 21 29 36 44
6 8 21 29 37 45 56
5 8 21 29 39 47
5 8 21 29 52 60
5 8 21 29 54 62
5 8 21 30 32 54
6 8 21 30 33 38 59
5 8 21 30 53 62
5 8 21 31 32 55
5 8 21 31 53 63
5 8 21 31 57 62
5 8 21 32 45 57
5 8 21 38 48 59
5 8 21 38 52 59
5 8 21 38 59 60
5 8 21 40 58 63
5 8 22 23 37 53
6 8 22 23 38 39 56
6 8 22 23 41 62 63
5 8 22 23 46 47
5 8 22 23 50 51
5 8 22 23 54 55
5 8 22 27 34 51
7 8 22 27 37 47 57 62
6 8 22 27 38 43 56
5 8 22 27 53 63
5 8 22 29 39 63
5 8 22 29 54 61
5 8 22 30 36 44
6 8 22 30 38 46 56
5 8 22 30 39 47
5 8 22 30 52 60
5 8 22 30 53 61
5 8 22 30 55 63
5 8 22 31 37 61
6 8 22 31 38 47 56
5 8 22 31 54 63
5 8 22 34 41 53
5 8 22 34 43 55
5 8 22 35 37 50
6 8 22 35 41 51 57
5 8 22 36 53 59
5 8 22 37 39 54
5 8 22 37 43 58
5 8 22 39 41 58
6 8 22 40 57 59 60
6 8 22 41 44 59 61
5 8 22 46 52 61
5 8 23 25 28 43
5 8 23 25 32 37
5 8 23 25 35 49
6 8 23 25 39 41 56
5 8 23 25 45 63
5 8 23 25 55 57
5 8 23 26 28 43
5 8 23 26 32 38
5 8 23 26 34 37
7 8 23 26 35 41 50 53
5 8 23 26 46 63
5 8 23 26 55 58
6 8 23 28 34 43 54
5 8 23 28 36 43
5 8 23 28 37 43
5 8 23 28 38 43
5 8 23 28 43 48
5 8 23 28 43 49
5 8 23 28 43 50
5 8 23 28 43 51
6 8 23 31 32 55 63
5 8 23 31 36 44
5 8 23 31 37 45
5 8 23 31 38 46
6 8 23 31 39 47 56
5 8 23 31 52 60
5 8 23 31 53 61
5 8 23 31 54 62
5 8 23 32 45 57
5 8 23 32 46 58
5 8 23 35 42 54
5 8 23 37 57 63
5 8 23 38 58 63
5 8 23 41 58 60
5 8 23 42 50 52
5 8 23 47 53 62
5 8 24 32 36 43
7 8 24 32 36 45 57 62
5 8 24 32 36 61
5 8 24 32 36 63
5 8 24 33 50 57
5 8 24 35 38 53
5 8 24 38 43 45
5 8 24 38 50 52
5 8 24 38 57 60
5 8 24 39 51 52
5 8 24 43 48 55
5 8 24 43 49 54
5 8 24 46 52 57
5 8 24 52 58 59
5 8 24 58 59 60
6 8 25 27 32 37 39
5 8 25 27 33 35
5 8 25 27 45 47
5 8 25 27 49 51
5 8 25 27 53 55
5 8 25 27 61 63
5 8 25 28 33 53
5 8 25 28 34 54
5 8 25 28 35 55
5 8 25 30 35 39
5 8 25 30 38 43
5 8 25 30 40 60
6 8 25 30 41 46 56
5 8 25 30 53 63
5 8 25 30 57 62
6 8 25 31 32 37 55
6 8 25 31 41 47 56
5 8 25 31 57 63
5 8 25 32 37 43
6 8 25 32 37 45 57
6 8 25 32 37 46 58
5 8 25 32 37 60
5 8 25 32 37 61
5 8 25 32 37 62
5 8 25 32 37 63
5 8 25 36 58 63
5 8 25 38 45 58
5 8 25 40 51 54
5 8 25 45 50 54
5 8 25 47 52 58
6 8 26 27 32 38 39
5 8 26 27 34 35
6 8 26 27 37 50 51
5 8 26 27 46 47
5 8 26 27 54 55
5 8 26 27 62 63
5 8 26 28 34 54
5 8 26 28 35 55
6 8 26 31 32 38 55
5 8 26 31 41 61
5 8 26 31 58 63
5 8 26 32 38 43
6 8 26 32 38 46 58
5 8 26 32 38 60
5 8 26 32 38 61
5 8 26 32 38 62
5 8 26 32 38 63
5 8 26 36 53 59
5 8 26 37 43 54
6 8 26 37 47 53 63
5 8 26 39 41 54
5 8 26 40 48 53
5 8 26 40 50 52
5 8 26 41 47 62
5 8 26 43 45 62
5 8 26 44 59 61
5 8 27 28 33 53
5 8 27 28 34 54
5 8 27 28 35 55
6 8 27 29 32 39 53
5 8 27 29 34 36
5 8 27 29 35 58
6 8 27 29 43 45 56
5 8 27 29 50 52
5 8 27 32 39 60
5 8 27 32 39 61
5 8 27 32 39 63
5 8 27 35 50 57
5 8 27 37 58 60
5 8 27 38 47 58
5 8 27 40 49 54
5 8 27 40 51 52
5 8 27 45 52 58
6 8 28 33 35 53 55
6 8 28 33 37 49 53
5 8 28 33 48 53
5 8 28 33 50 53
5 8 28 33 51 53
6 8 28 34 35 54 55
5 8 28 34 36 54
5 8 28 34 37 54
6 8 28 34 38 50 54
5 8 28 34 48 54
5 8 28 34 49 54
5 8 28 34 51 54
5 8 28 35 36 55
5 8 28 35 37 55
5 8 28 35 38 55
6 8 28 35 39 51 55
5 8 28 35 48 55
6 8 29 31 32 53 55
5 8 29 31 33 35
5 8 29 31 37 39
6 8 29 31 45 47 56
5 8 29 31 49 51
5 8 29 31 61 63
5 8 29 32 53 60
5 8 29 32 53 63
6 8 29 33 37 46 59
5 8 29 33 50 63
5 8 29 34 44 49
5 8 29 36 48 62
5 8 29 37 49 62
5 8 29 37 54 63
5 8 29 39 51 62
5 8 29 40 55 58
5 8 29 43 44 51
5 8 29 43 50 57
6 8 29 46 48 52 59
5 8 29 46 59 60
5 8 29 47 51 54
7 8 30 31 32 41 54 55
5 8 30 31 34 35
5 8 30 31 38 39
5 8 30 31 45 61
6 8 30 31 46 47 56
5 8 30 31 50 51
5 8 30 31 62 63
5 8 30 32 54 61
5 8 30 32 54 63
5 8 30 33 47 50
5 8 30 34 49 60
5 8 30 35 45 50
6 8 30 36 41 53 59
5 8 30 38 53 60
5 8 30 39 48 61
6 8 30 40 52 57 59
5 8 30 41 47 58
5 8 30 43 44 48
5 8 30 44 59 61
5 8 30 45 47 62
5 8 30 47 48 53
5 8 31 32 42 55
6 8 31 32 45 55 57
6 8 31 32 46 55 58
5 8 31 32 55 60
5 8 31 39 54 61
5 8 31 41 52 58
5 8 32 41 46 58
5 8 32 43 45 57
5 8 32 45 57 60
5 8 32 45 57 63
5 8 32 46 58 60
5 8 32 46 58 63
5 8 33 35 49 51
5 8 33 35 61 63
5 8 33 37 48 52
5 8 33 37 50 54
5 8 33 37 51 55
5 8 33 38 48 58
5 8 33 38 49 54
5 8 33 44 49 60
5 8 33 46 49 62
5 8 34 35 50 51
5 8 34 35 62 63
5 8 34 36 50 52
5 8 34 37 51 57
5 8 34 37 55 58
5 8 34 38 48 52
5 8 34 38 49 53
5 8 34 41 50 57
5 8 34 43 52 61
5 8 34 44 50 60
5 8 34 45 50 61
5 8 34 47 50 63
5 8 35 36 45 54
5 8 35 36 51 52
5 8 35 37 51 53
5 8 35 38 51 54
5 8 35 39 48 52
5 8 35 39 49 53
5 8 35 39 50 54
5 8 35 45 51 61
5 8 35 46 51 62
5 8 36 41 48 58
5 8 36 41 49 54
5 8 36 41 52 57
6 8 36 42 43 54 55
5 8 36 42 49 51
5 8 36 42 52 58
5 8 36 45 52 61
5 8 36 47 52 63
5 8 36 48 53 59
5 8 37 39 49 51
5 8 37 39 53 55
5 8 37 39 61 63
5 8 37 44 59 61
5 8 37 45 52 60
5 8 37 45 54 62
5 8 37 45 55 63
5 8 37 46 53 62
5 8 38 39 50 51
5 8 38 39 54 55
5 8 38 39 62 63
5 8 38 43 53 63
5 8 38 43 57 62
5 8 38 45 54 61
5 8 38 46 52 60
5 8 38 46 53 61
5 8 38 47 54 63
5 8 39 41 55 57
5 8 39 42 50 53
5 8 39 44 57 62
5 8 39 47 52 60
5 8 39 47 53 61
5 8 39 47 54 62
5 8 40 48 57 59
5 8 41 43 49 51
5 8 41 43 53 55
5 8 41 43 61 63
5 8 41 46 53 63
5 8 41 46 57 62
5 8 41 47 57 63
6 8 42 43 44 62 63
5 8 43 45 50 52
5 8 44 48 59 61
5 8 45 47 61 63
5 8 46 47 50 51
5 8 46 47 62 63
6 9 10 12 15 16 19
6 9 10 12 15 17 18
10 9 10 12 15 20 23 33 34 48 51
10 9 10 12 15 21 22 36 39 52 55
12 9 10 12 15 24 27 40 43 57 58 60 63
10 9 10 12 15 25 26 28 31 45 46
6 9 10 12 15 29 30
6 9 10 12 15 32 35
6 9 10 12 15 37 38
8 9 10 12 15 41 42 44 47
6 9 10 12 15 49 50
6 9 10 12 15 53 54
6 9 10 12 15 56 59
6 9 10 12 15 61 62
6 9 10 13 14 16 19
6 9 10 13 14 17 18
10 9 10 13 14 20 23 33 34 49 50
20 9 10 13 14 21 22 24 27 28 31 37 38 40 43 44 47 57 58 61 62
8 9 10 13 14 25 26 29 30
6 9 10 13 14 32 35
6 9 10 13 14 36 39
8 9 10 13 14 41 42 45 46
6 9 10 13 14 48 51
6 9 10 13 14 52 55
10 9 10 13 14 53 54 56 59 60 63
6 9 10 16 19 21 22
8 9 10 16 19 29 30 56 59
6 9 10 16 19 36 39
6 9 10 16 19 41 42
6 9 10 16 19 44 47
8 9 10 16 19 45 46 52 55
6 9 10 16 19 48 51
6 9 10 16 19 53 54
6 9 10 16 19 60 63
6 9 10 16 19 61 62
6 9 10 17 18 28 31
8 9 10 17 18 32 35 48 51
6 9 10 17 18 37 38
6 9 10 17 18 41 42
8 9 10 17 18 44 47 52 55
6 9 10 17 18 49 50
6 9 10 17 18 56 59
6 9 10 17 18 60 63
6 9 10 17 18 61 62
12 9 10 20 23 28 31 33 34 52 55 60 63
10 9 10 20 23 33 34 44 47 56 59
8 9 10 20 23 33 34 61 62
8 9 10 21 22 29 30 41 42
6 9 10 21 22 45 46
6 9 10 21 22 48 51
6 9 10 21 22 49 50
6 9 10 21 22 53 54
6 9 10 21 22 56 59
6 9 10 21 22 60 63
6 9 10 25 26 32 35
8 9 10 25 26 36 39 49 50
6 9 10 25 26 44 47
6 9 10 25 26 48 51
6 9 10 25 26 52 55
6 9 10 25 26 53 54
6 9 10 25 26 60 63
6 9 10 25 26 61 62
6 9 10 28 31 32 35
8 9 10 28 31 36 39 56 59
6 9 10 28 31 41 42
6 9 10 28 31 48 51
6 9 10 28 31 49 50
6 9 10 28 31 53 54
8 9 10 29 30 32 35 52 55
6 9 10 29 30 37 38
6 9 10 29 30 48 51
6 9 10 29 30 49 50
6 9 10 32 35 37 38
6 9 10 32 35 45 46
6 9 10 32 35 53 54
6 9 10 32 35 56 59
6 9 10 32 35 60 63
6 9 10 32 35 61 62
6 9 10 36 39 44 47
6 9 10 36 39 48 51
6 9 10 36 39 60 63
6 9 10 36 39 61 62
6 9 10 37 38 45 46
6 9 10 37 38 48 51
6 9 10 37 38 49 50
6 9 10 37 38 52 55
6 9 10 37 38 53 54
6 9 10 37 38 56 59
6 9 10 37 38 60 63
6 9 10 41 42 48 51
6 9 10 41 42 49 50
6 9 10 41 42 52 55
6 9 10 41 42 53 54
6 9 10 41 42 60 63
6 9 10 41 42 61 62
6 9 10 44 47 48 51
6 9 10 44 47 49 50
6 9 10 44 47 53 54
6 9 10 45 46 48 51
6 9 10 45 46 49 50
6 9 10 45 46 56 59
6 9 10 45 46 60 63
6 9 10 45 46 61 62
6 9 10 48 51 53 54
6 9 10 48 51 61 62
6 9 10 49 50 60 63
6 9 10 53 54 61 62
5 9 11 12 17 19
6 9 11 12 21 23 36
6 9 11 12 24 38 56
6 9 11 12 25 27 28
5 9 11 12 26 46
5 9 11 12 29 31
6 9 11 12 33 35 48
5 9 11 12 37 39
8 9 11 12 41 43 44 61 63
5 9 11 12 45 47
5 9 11 12 49 51
5 9 11 12 53 55
6 9 11 12 57 59 60
5 9 11 13 15 16
6 9 11 13 15 17 19
7 9 11 13 15 18 20 48
12 9 11 13 15 21 23 37 39 57 59 61 63
9 9 11 13 15 22 41 43 45 47
8 9 11 13 15 24 28 56 60
8 9 11 13 15 25 27 29 31
6 9 11 13 15 26 30
5 9 11 13 15 32
8 9 11 13 15 33 35 49 51
6 9 11 13 15 34 36
5 9 11 13 15 38
6 9 11 13 15 40 44
6 9 11 13 15 42 46
6 9 11 13 15 50 52
6 9 11 13 15 53 55
5 9 11 13 15 54
6 9 11 13 15 58 62
8 9 11 16 20 41 43 50 54
5 9 11 16 21 23
6 9 11 16 32 57 59
5 9 11 16 36 58
5 9 11 16 37 39
6 9 11 16 45 47 52
5 9 11 16 49 51
5 9 11 16 53 55
6 9 11 17 19 21 23
8 9 11 17 19 24 49 51 56
5 9 11 17 19 26
5 9 11 17 19 30
5 9 11 17 19 32
5 9 11 17 19 36
6 9 11 17 19 37 39
6 9 11 17 19 40 50
5 9 11 17 19 42
6 9 11 17 19 44 52
6 9 11 17 19 46 54
5 9 11 17 19 48
5 9 11 17 19 58
5 9 11 17 19 60
6 9 11 17 19 61 63
5 9 11 17 19 62
6 9 11 18 29 31 58
6 9 11 18 34 57 59
6 9 11 18 45 47 54
5 9 11 18 49 51
5 9 11 18 53 55
5 9 11 18 61 63
6 9 11 20 26 37 39
5 9 11 20 45 47
5 9 11 20 53 55
5 9 11 20 61 63
8 9 11 21 23 24 53 55 56
7 9 11 21 23 28 40 54
6 9 11 21 23 30 42
5 9 11 21 23 44
6 9 11 21 23 45 47
5 9 11 21 23 48
6 9 11 21 23 49 51
5 9 11 21 23 50
5 9 11 21 23 52
5 9 11 21 23 58
5 9 11 21 23 60
5 9 11 21 23 62
8 9 11 22 24 37 39 54 56
8 9 11 22 28 38 44 57 59
6 9 11 22 29 31 42
5 9 11 22 40 60
5 9 11 22 49 51
5 9 11 22 53 55
5 9 11 22 61 63
8 9 11 24 30 45 47 56 62
5 9 11 24 34 56
6 9 11 25 27 32 50
8 9 11 25 27 33 35 37 39
5 9 11 25 27 34
6 9 11 25 27 36 54
6 9 11 25 27 44 62
6 9 11 25 27 45 47
5 9 11 25 27 46
5 9 11 25 27 48
6 9 11 25 27 49 51
5 9 11 25 27 52
6 9 11 25 27 53 55
5 9 11 25 27 60
6 9 11 25 27 61 63
6 9 11 26 28 45 47
5 9 11 26 29 31
5 9 11 26 36 48
5 9 11 26 49 51
5 9 11 26 53 55
5 9 11 26 61 63
6 9 11 28 33 35 52
5 9 11 28 37 39
6 9 11 28 41 43 62
5 9 11 28 49 51
5 9 11 28 53 55
5 9 11 28 61 63
6 9 11 29 31 32 52
6 9 11 29 31 34 54
5 9 11 29 31 36
6 9 11 29 31 37 39
6 9 11 29 31 49 51
5 9 11 29 31 50
5 9 11 30 40 52
5 9 11 30 53 55
5 9 11 32 37 39
5 9 11 32 53 55
5 9 11 32 61 63
7 9 11 33 35 40 61 63
5 9 11 33 35 42
6 9 11 33 35 46 58
5 9 11 33 35 60
5 9 11 33 35 62
5 9 11 34 45 47
5 9 11 34 49 51
5 9 11 34 53 55
5 9 11 34 61 63
5 9 11 36 61 63
5 9 11 37 39 40
5 9 11 37 39 44
5 9 11 37 39 46
5 9 11 37 39 48
6 9 11 37 39 49 51
5 9 11 37 39 50
5 9 11 37 39 52
6 9 11 37 39 53 55
5 9 11 37 39 58
5 9 11 37 39 60
5 9 11 37 39 62
5 9 11 38 45 47
5 9 11 38 49 51
5 9 11 38 53 55
5 9 11 38 61 63
5 9 11 40 49 51
5 9 11 40 53 55
5 9 11 41 43 48
5 9 11 41 43 52
5 9 11 41 43 60
5 9 11 42 45 47
5 9 11 42 49 51
5 9 11 42 53 55
5 9 11 42 61 63
5 9 11 44 49 51
5 9 11 44 53 55
5 9 11 45 47 48
6 9 11 45 47 49 51
5 9 11 45 47 50
5 9 11 45 47 58
5 9 11 45 47 60
6 9 11 45 47 61 63
5 9 11 46 53 55
5 9 11 46 61 63
5 9 11 48 53 55
6 9 11 49 51 53 55
5 9 11 49 51 58
5 9 11 49 51 62
5 9 11 50 61 63
5 9 11 53 55 60
5 9 11 53 55 62
5 9 11 54 61 63
5 9 11 58 61 63
5 9 12 14 16 18
6 9 12 14 20 22 27
10 9 12 14 21 31 36 38 43 53 63
5 9 12 14 23 35
8 9 12 14 24 26 41 44 46
6 9 12 14 25 28 30
5 9 12 14 32 34
6 9 12 14 33 48 50
5 9 12 14 37 47
5 9 12 14 40 42
6 9 12 14 52 54 59
5 9 12 14 56 58
6 9 12 14 57 60 62
5 9 12 16 29 56
6 9 12 16 32 57 60
5 9 12 16 34 55
5 9 12 16 41 44
6 9 12 16 43 50 63
5 9 12 16 45 52
6 9 12 17 21 32 36
6 9 12 17 26 46 54
6 9 12 17 34 43 63
5 9 12 17 38 49
6 9 12 17 41 44 52
5 9 12 17 47 55
7 9 12 18 22 29 42 58
6 9 12 18 34 57 60
5 9 12 18 37 49
5 9 12 18 38 50
5 9 12 18 41 44
5 9 12 18 45 54
5 9 12 19 21 36
5 9 12 19 24 49
5 9 12 19 26 46
5 9 12 19 29 59
5 9 12 19 34 52
5 9 12 19 39 62
5 9 12 19 40 50
5 9 12 19 45 55
5 9 12 20 29 40
5 9 12 20 38 52
5 9 12 20 41 44
6 9 12 20 43 54 63
6 9 12 21 27 36 54
6 9 12 21 34 36 49
5 9 12 21 35 36
5 9 12 21 36 45
5 9 12 21 36 47
6 9 12 21 36 50 51
5 9 12 21 36 58
5 9 12 21 36 59
5 9 12 21 36 62
7 9 12 22 23 24 37 53
5 9 12 22 40 56
5 9 12 22 45 61
5 9 12 23 38 55
6 9 12 23 39 57 60
5 9 12 23 40 54
5 9 12 23 41 44
5 9 12 23 42 59
5 9 12 24 30 45
5 9 12 24 31 61
5 9 12 24 35 50
5 9 12 24 39 54
5 9 12 24 47 62
5 9 12 25 28 32
8 9 12 25 28 33 37 48 52
5 9 12 25 28 34
5 9 12 25 28 39
8 9 12 25 28 42 43 62 63
5 9 12 25 28 47
6 9 12 25 28 49 56
5 9 12 25 28 50
5 9 12 25 28 55
6 9 12 25 28 59 61
6 9 12 26 27 46 47
5 9 12 26 32 46
5 9 12 26 35 46
6 9 12 26 39 46 59
5 9 12 26 40 46
5 9 12 26 46 49
6 9 12 26 46 51 55
5 9 12 26 46 52
5 9 12 26 46 53
5 9 12 27 32 50
6 9 12 27 33 39 48
5 9 12 27 38 59
6 9 12 27 41 44 62
5 9 12 29 32 52
5 9 12 29 34 54
5 9 12 29 35 55
6 9 12 30 33 48 54
5 9 12 30 38 62
5 9 12 30 41 44
6 9 12 31 33 48 55
5 9 12 31 39 50
5 9 12 31 40 62
5 9 12 31 41 44
6 9 12 31 47 57 60
5 9 12 33 40 48
5 9 12 33 42 48
5 9 12 33 48 61
5 9 12 33 48 62
5 9 12 34 38 45
5 9 12 37 43 63
5 9 12 38 39 40
5 9 12 40 51 53
5 9 12 41 44 49
5 9 12 41 44 50
5 9 12 41 44 53
5 9 12 41 44 55
5 9 12 41 44 58
5 9 12 41 44 59
5 9 12 43 45 63
5 9 12 43 52 63
5 9 12 43 56 63
5 9 12 45 51 58
5 9 12 50 54 61
5 9 12 54 55 56
8 9 13 16 21 32 37 57 61
7 9 13 16 22 43 47 50
5 9 13 16 40 44
6 9 13 16 41 45 52
5 9 13 16 42 46
5 9 13 16 58 62
5 9 13 16 59 63
5 9 13 17 23 35
6 9 13 17 26 30 50
6 9 13 17 40 44 52
6 9 13 17 42 46 54
5 9 13 17 56 60
5 9 13 17 58 62
5 9 13 17 59 63
5 9 13 18 38 55
5 9 13 18 40 44
6 9 13 18 41 45 54
7 9 13 18 42 46 59 63
5 9 13 18 56 60
8 9 13 19 21 35 37 57 61
5 9 13 19 26 30
5 9 13 19 34 53
6 9 13 19 40 44 50
6 9 13 19 41 45 55
5 9 13 19 42 46
5 9 13 19 56 60
5 9 13 19 58 62
8 9 13 20 22 43 47 52 54
5 9 13 20 27 31
5 9 13 20 38 53
5 9 13 20 41 45
5 9 13 20 58 62
5 9 13 20 59 63
7 9 13 22 36 43 47 53
7 9 13 22 43 47 56 60
6 9 13 23 24 28 53
6 9 13 23 40 44 54
5 9 13 23 41 45
5 9 13 23 56 60
5 9 13 23 58 62
8 9 13 24 26 28 30 41 45
5 9 13 24 28 34
6 9 13 24 28 35 50
6 9 13 24 28 39 54
6 9 13 24 28 42 46
5 9 13 24 28 51
5 9 13 24 28 55
6 9 13 24 28 59 63
6 9 13 25 29 32 52
6 9 13 25 29 34 54
6 9 13 25 29 35 55
5 9 13 25 29 36
5 9 13 25 29 39
5 9 13 25 29 48
5 9 13 25 29 50
5 9 13 25 29 51
5 9 13 26 30 32
6 9 13 26 30 40 44
5 9 13 26 30 48
5 9 13 26 30 51
5 9 13 26 30 52
5 9 13 26 30 53
5 9 13 26 30 55
6 9 13 26 30 58 62
6 9 13 27 31 32 50
8 9 13 27 31 33 39 49 55
5 9 13 27 31 34
5 9 13 27 31 35
6 9 13 27 31 36 54
6 9 13 27 31 41 45
6 9 13 27 31 42 46
5 9 13 27 31 48
5 9 13 27 31 52
5 9 13 27 31 53
6 9 13 27 31 56 60
6 9 13 27 31 59 63
5 9 13 32 56 60
5 9 13 32 58 62
8 9 13 33 42 46 49 58 62
5 9 13 34 56 60
5 9 13 34 58 62
5 9 13 35 42 46
5 9 13 35 56 60
5 9 13 35 58 62
5 9 13 35 59 63
5 9 13 36 58 62
5 9 13 36 59 63
5 9 13 38 56 60
5 9 13 39 40 44
5 9 13 39 56 60
5 9 13 39 58 62
6 9 13 40 42 44 46
5 9 13 40 44 48
5 9 13 40 44 51
5 9 13 40 44 53
5 9 13 40 44 55
6 9 13 40 44 59 63
5 9 13 41 45 48
5 9 13 41 45 50
5 9 13 41 45 51
6 9 13 41 45 56 60
6 9 13 41 45 58 62
6 9 13 41 45 59 63
5 9 13 42 46 48
5 9 13 42 46 50
5 9 13 42 46 51
5 9 13 42 46 52
5 9 13 42 46 53
5 9 13 42 46 55
5 9 13 51 58 62
5 9 13 52 59 63
5 9 13 55 56 60
6 9 13 56 58 60 62
7 9 14 16 20 29 40 56
5 9 14 16 22 27
6 9 14 16 32 57 62
5 9 14 16 36 48
6 9 14 16 37 47 49
5 9 14 16 39 51
5 9 14 16 41 46
5 9 14 16 45 52
5 9 14 16 54 59
8 9 14 17 21 31 34 38 43
5 9 14 17 26 39
5 9 14 17 36 49
6 9 14 17 37 47 55
7 9 14 17 41 46 54 59
5 9 14 18 22 27
5 9 14 18 28 51
5 9 14 18 29 58
5 9 14 18 37 47
5 9 14 18 41 46
6 9 14 18 45 54 59
5 9 14 18 53 63
6 9 14 19 24 44 49
7 9 14 19 29 34 54 59
6 9 14 19 35 57 62
5 9 14 19 36 51
5 9 14 19 37 47
5 9 14 19 41 46
5 9 14 19 45 55
5 9 14 19 53 63
8 9 14 20 26 37 47 53 63
5 9 14 20 35 51
5 9 14 20 39 55
5 9 14 20 42 58
5 9 14 20 45 61
8 9 14 21 31 32 38 43 49
7 9 14 21 31 38 43 45
7 9 14 21 31 38 43 48
7 9 14 21 31 38 43 52
7 9 14 21 31 38 43 56
7 9 14 21 31 38 43 60
6 9 14 22 27 29 42
6 9 14 22 27 34 51
7 9 14 22 27 36 54 59
6 9 14 22 27 41 46
5 9 14 22 27 45
5 9 14 22 27 48
5 9 14 22 27 49
5 9 14 22 27 52
6 9 14 22 27 53 63
5 9 14 22 27 55
5 9 14 22 27 56
5 9 14 22 27 60
7 9 14 23 24 44 53 63
5 9 14 23 28 56
5 9 14 23 32 51
5 9 14 23 36 55
5 9 14 23 37 47
6 9 14 23 39 57 62
6 9 14 23 40 54 59
5 9 14 24 34 44
7 9 14 24 39 44 54 59
5 9 14 24 42 44
5 9 14 24 44 51
5 9 14 24 44 55
5 9 14 25 30 32
10 9 14 25 30 33 37 47 50 54 59
5 9 14 25 30 34
5 9 14 25 30 35
6 9 14 25 30 40 60
5 9 14 25 30 48
6 9 14 25 30 49 58
5 9 14 25 30 51
5 9 14 25 30 55
5 9 14 25 30 56
5 9 14 25 30 61
5 9 14 26 28 45
5 9 14 26 36 58
5 9 14 26 54 59
6 9 14 28 33 50 52
5 9 14 28 35 49
5 9 14 28 36 60
6 9 14 28 39 53 63
5 9 14 28 41 46
5 9 14 28 54 59
5 9 14 29 32 52
5 9 14 29 35 55
5 9 14 32 36 45
5 9 14 32 53 63
5 9 14 32 54 59
5 9 14 33 42 50
5 9 14 33 50 60
5 9 14 33 50 61
5 9 14 34 53 63
5 9 14 35 53 63
5 9 14 35 54 59
5 9 14 37 47 48
5 9 14 37 47 51
5 9 14 37 47 52
5 9 14 37 47 56
5 9 14 37 47 60
5 9 14 40 53 63
5 9 14 41 46 48
5 9 14 41 46 49
5 9 14 41 46 51
6 9 14 41 46 53 63
5 9 14 41 46 55
5 9 14 41 46 56
5 9 14 41 46 60
5 9 14 41 46 61
5 9 14 42 53 63
5 9 14 42 54 59
5 9 14 48 52 61
5 9 14 48 54 59
5 9 14 49 53 63
5 9 14 54 59 61
7 9 15 16 20 45 48 52
5 9 15 16 21 39
5 9 15 16 29 56
6 9 15 16 32 57 63
5 9 15 16 36 62
5 9 15 16 41 47
5 9 15 16 43 50
6 9 15 17 21 35 39
5 9 15 17 24 60
5 9 15 17 34 43
6 9 15 17 41 47 55
5 9 15 17 44 52
5 9 15 17 46 54
5 9 15 18 29 58
6 9 15 18 34 57 63
5 9 15 18 41 47
5 9 15 18 45 54
5 9 15 19 20 48
6 9 15 19 24 49 60
5 9 15 19 29 59
6 9 15 19 34 45 55
6 9 15 19 35 57 63
5 9 15 19 40 50
5 9 15 19 41 47
6 9 15 20 22 48 50
5 9 15 20 27 48
6 9 15 20 29 40 48
5 9 15 20 35 48
6 9 15 20 38 48 55
6 9 15 20 41 47 48
6 9 15 20 42 48 59
5 9 15 20 48 53
5 9 15 20 48 61
5 9 15 20 48 62
7 9 15 21 24 39 54 60
6 9 15 21 28 39 40
5 9 15 21 32 39
5 9 15 21 39 44
5 9 15 21 39 46
5 9 15 21 39 50
5 9 15 21 39 53
5 9 15 21 39 56
5 9 15 21 39 58
5 9 15 21 39 62
6 9 15 22 24 37 60
8 9 15 22 28 38 44 57 63
5 9 15 22 29 42
5 9 15 22 40 59
6 9 15 23 24 53 60
5 9 15 23 38 45
5 9 15 23 40 54
5 9 15 23 41 47
8 9 15 24 26 41 47 60 62
5 9 15 24 34 60
6 9 15 24 35 50 60
6 9 15 24 38 59 60
5 9 15 24 42 60
5 9 15 24 46 60
5 9 15 24 55 60
5 9 15 25 31 32
8 9 15 25 31 33 37 51 55
5 9 15 25 31 34
5 9 15 25 31 35
5 9 15 25 31 36
6 9 15 25 31 40 62
5 9 15 25 31 44
5 9 15 25 31 50
5 9 15 25 31 52
5 9 15 25 31 53
5 9 15 25 31 54
5 9 15 25 31 56
5 9 15 26 36 59
5 9 15 27 32 50
5 9 15 27 36 54
5 9 15 27 37 53
5 9 15 27 41 47
5 9 15 27 42 45
5 9 15 27 44 62
6 9 15 28 33 51 52
5 9 15 28 36 50
5 9 15 28 41 47
5 9 15 28 43 62
5 9 15 29 32 52
5 9 15 29 34 54
5 9 15 29 35 55
6 9 15 30 33 51 54
6 9 15 30 41 47 58
5 9 15 32 43 49
5 9 15 33 40 51
5 9 15 33 42 51
6 9 15 33 44 51 56
6 9 15 33 46 51 58
5 9 15 33 51 61
5 9 15 36 43 53
5 9 15 36 49 56
5 9 15 41 47 49
5 9 15 41 47 50
5 9 15 41 47 52
5 9 15 41 47 53
5 9 15 41 47 54
5 9 15 41 47 56
5 9 15 41 47 61
5 9 15 43 44 61
5 9 16 18 20 22
6 9 16 18 23 31 35
6 9 16 18 29 56 58
6 9 16 18 32 34 57
5 9 16 18 40 42
5 9 16 18 44 46
6 9 16 18 45 52 54
5 9 16 20 27 42
10 9 16 20 30 31 32 36 46 47 57
5 9 16 20 35 39
5 9 16 20 49 53
5 9 16 20 51 55
6 9 16 21 29 41 56
5 9 16 21 30 42
5 9 16 21 45 52
5 9 16 21 46 62
5 9 16 21 48 53
6 9 16 22 31 34 39
5 9 16 22 48 54
5 9 16 22 49 62
5 9 16 23 30 44
6 9 16 23 32 39 57
5 9 16 23 40 54
5 9 16 23 45 52
5 9 16 23 48 55
5 9 16 27 29 56
5 9 16 27 44 62
5 9 16 27 45 52
5 9 16 27 48 59
6 9 16 29 34 54 56
6 9 16 29 35 55 56
5 9 16 29 37 56
5 9 16 29 39 56
5 9 16 29 49 56
5 9 16 29 51 56
6 9 16 31 37 42 54
7 9 16 31 40 45 52 62
6 9 16 31 41 53 58
5 9 16 34 45 52
5 9 16 35 45 52
6 9 16 36 45 52 61
5 9 16 36 49 55
5 9 16 37 43 50
6 9 16 37 45 52 60
5 9 16 40 46 59
6 9 16 43 44 50 61
6 9 16 43 45 50 52
5 9 16 45 51 52
5 9 16 45 52 58
5 9 16 45 52 59
5 9 16 45 52 63
5 9 17 21 26 27
5 9 17 21 28 40
8 9 17 21 30 42 47 51 55
6 9 17 21 44 48 52
6 9 17 21 46 50 54
5 9 17 23 28 50
5 9 17 23 44 52
6 9 17 23 47 49 55
5 9 17 23 56 62
5 9 17 24 26 41
5 9 17 24 31 61
5 9 17 24 35 50
6 9 17 24 47 55 62
5 9 17 26 47 55
5 9 17 26 49 58
7 9 17 27 28 49 59 60
7 9 17 27 32 47 50 55
6 9 17 27 44 52 62
5 9 17 27 48 63
5 9 17 27 56 61
6 9 17 28 34 43 62
5 9 17 28 46 54
5 9 17 28 47 55
5 9 17 30 31 37
5 9 17 30 32 60
5 9 17 30 44 52
5 9 17 30 49 62
5 9 17 31 40 62
5 9 17 31 44 52
5 9 17 31 49 63
6 9 17 32 34 43 49
6 9 17 32 46 54 61
7 9 17 34 43 44 52 61
5 9 17 34 43 48
5 9 17 34 43 56
5 9 17 34 43 60
5 9 17 35 46 54
5 9 17 36 47 55
5 9 17 36 50 61
5 9 17 37 44 52
6 9 17 37 46 51 54
6 9 17 38 46 54 62
5 9 17 38 47 55
5 9 17 38 48 61
5 9 17 39 44 52
6 9 17 39 47 55 63
5 9 17 40 47 55
5 9 17 41 51 58
6 9 17 44 46 52 54
5 9 17 44 50 52
5 9 17 44 51 52
5 9 17 44 52 58
5 9 17 44 52 59
5 9 17 44 52 63
6 9 17 46 47 54 55
5 9 17 46 48 54
5 9 17 46 54 56
5 9 17 46 54 60
5 9 17 46 54 63
5 9 17 47 48 55
5 9 17 47 55 56
5 9 17 47 55 60
5 9 18 19 20 32
5 9 18 19 22 23
7 9 18 19 29 37 58 59
6 9 18 19 34 35 57
6 9 18 19 40 50 51
6 9 18 19 45 54 55
5 9 18 19 46 47
5 9 18 19 62 63
5 9 18 20 28 35
5 9 18 20 31 44
5 9 18 20 49 60
5 9 18 20 50 52
5 9 18 20 59 61
8 9 18 22 28 34 38 44 57
6 9 18 22 41 48 52
6 9 18 22 45 50 54
5 9 18 22 49 53
5 9 18 22 51 55
6 9 18 23 28 32 47
5 9 18 23 37 42
5 9 18 23 48 63
5 9 18 23 49 59
5 9 18 23 50 55
5 9 18 23 52 62
5 9 18 23 56 61
5 9 18 27 28 55
6 9 18 27 32 50 59
5 9 18 27 44 62
5 9 18 27 52 61
6 9 18 29 32 52 58
5 9 18 29 49 58
5 9 18 29 51 58
6 9 18 31 34 47 57
5 9 18 31 40 62
5 9 18 31 45 54
5 9 18 31 50 63
5 9 18 32 45 54
5 9 18 32 55 60
7 9 18 35 37 45 54 62
5 9 18 35 38 46
5 9 18 35 52 60
5 9 18 35 53 61
5 9 18 37 40 52
6 9 18 38 45 54 61
5 9 18 38 48 53
5 9 18 38 51 62
5 9 18 41 53 56
6 9 18 42 45 54 60
5 9 18 45 48 54
5 9 18 45 51 54
5 9 18 45 54 56
5 9 18 45 54 63
5 9 18 46 48 61
7 9 19 20 29 40 50 59
8 9 19 20 30 35 36 46 57
5 9 19 20 45 55
5 9 19 20 51 52
5 9 19 21 24 49
6 9 19 21 29 41 59
6 9 19 21 45 55 62
5 9 19 21 51 53
6 9 19 22 24 37 49
6 9 19 22 29 42 59
5 9 19 22 34 36
5 9 19 22 39 46
5 9 19 22 40 50
5 9 19 22 45 55
7 9 19 23 24 42 49 53
5 9 19 23 30 47
5 9 19 23 32 36
6 9 19 23 35 39 57
6 9 19 23 40 50 54
6 9 19 23 45 51 55
5 9 19 23 48 52
6 9 19 24 26 41 49
6 9 19 24 29 49 59
7 9 19 24 30 45 49 55
5 9 19 24 46 49
6 9 19 24 47 49 62
5 9 19 24 49 63
5 9 19 26 29 59
6 9 19 26 40 50 52
5 9 19 26 51 58
6 9 19 29 32 52 59
5 9 19 29 36 59
5 9 19 29 48 59
5 9 19 30 40 50
5 9 19 30 51 62
5 9 19 32 45 55
5 9 19 36 45 55
5 9 19 37 40 50
6 9 19 37 45 55 63
6 9 19 40 42 48 50
6 9 19 40 45 50 55
5 9 19 40 46 50
5 9 19 40 47 50
5 9 19 40 50 60
5 9 19 40 50 61
5 9 19 40 50 63
5 9 19 42 45 55
5 9 19 45 48 55
5 9 19 45 55 56
5 9 19 45 55 60
10 9 20 22 28 30 36 38 44 46 57
6 9 20 22 29 40 42
6 9 20 22 53 60 62
5 9 20 22 56 58
8 9 20 26 27 32 37 50 51
6 9 20 26 28 37 45
6 9 20 26 29 37 40
5 9 20 26 31 37
5 9 20 26 35 37
5 9 20 26 37 44
5 9 20 26 37 49
6 9 20 26 37 52 58
5 9 20 26 37 55
5 9 20 26 37 59
5 9 20 26 37 62
5 9 20 27 44 62
5 9 20 27 47 60
5 9 20 27 52 59
5 9 20 28 39 47
7 9 20 28 43 54 56 62
5 9 20 28 53 61
6 9 20 29 35 40 55
5 9 20 29 38 40
5 9 20 29 40 51
5 9 20 32 38 39
5 9 20 32 58 59
5 9 20 32 62 63
5 9 20 38 58 60
5 9 20 39 59 60
6 9 20 43 44 54 61
5 9 20 43 54 60
5 9 20 44 50 63
5 9 20 49 56 63
6 9 21 24 26 29 41
6 9 21 24 30 42 45
5 9 21 24 35 50
6 9 21 26 28 40 45
6 9 21 26 32 47 54
5 9 21 26 48 63
5 9 21 26 49 59
5 9 21 26 52 62
5 9 21 26 53 58
5 9 21 27 29 41
5 9 21 27 32 50
5 9 21 27 53 59
6 9 21 28 30 40 42
5 9 21 28 35 40
5 9 21 28 40 46
5 9 21 28 40 48
5 9 21 28 40 49
5 9 21 28 40 51
6 9 21 28 40 53 60
5 9 21 28 40 55
5 9 21 28 40 59
5 9 21 28 40 63
5 9 21 29 41 48
5 9 21 29 41 50
5 9 21 29 41 51
5 9 21 30 35 42
5 9 21 30 42 44
5 9 21 30 42 49
5 9 21 30 42 50
5 9 21 30 42 52
6 9 21 30 42 53 62
5 9 21 30 42 59
5 9 21 45 58 59
8 9 22 23 28 38 39 44 57
5 9 22 23 30 31
6 9 22 23 40 54 55
6 9 22 23 41 62 63
5 9 22 23 50 51
5 9 22 23 58 59
6 9 22 24 29 37 42
6 9 22 24 30 37 45
5 9 22 24 37 46
5 9 22 24 37 51
5 9 22 24 37 55
5 9 22 24 37 59
5 9 22 24 37 63
5 9 22 29 36 42
5 9 22 29 42 48
5 9 22 29 42 49
5 9 22 29 42 50
5 9 22 29 42 51
6 9 22 30 52 58 60
5 9 22 30 53 61
5 9 22 31 52 59
5 9 22 31 54 63
5 9 22 36 56 62
5 9 22 46 52 61
6 9 23 24 31 53 61
6 9 23 24 47 53 62
5 9 23 24 51 53
5 9 23 24 53 59
5 9 23 28 30 35
5 9 23 30 49 56
5 9 23 30 55 62
5 9 23 30 59 60
5 9 23 31 36 44
5 9 23 31 37 45
6 9 23 31 39 47 57
6 9 23 31 40 54 62
5 9 23 35 36 38
7 9 23 35 40 42 52 54
5 9 23 35 56 58
5 9 23 35 60 62
5 9 23 36 56 63
6 9 23 37 40 54 60
6 9 23 38 40 54 56
5 9 23 38 51 52
5 9 23 38 58 63
5 9 23 40 47 54
5 9 23 40 48 54
5 9 23 40 51 54
5 9 23 40 54 61
5 9 23 40 54 63
5 9 23 41 58 61
5 9 23 42 45 62
5 9 23 47 50 60
6 9 24 26 31 41 61
5 9 24 26 41 51
5 9 24 26 41 55
5 9 24 26 41 63
6 9 24 29 35 50 55
6 9 24 30 35 45 50
5 9 24 30 38 45
5 9 24 30 45 51
5 9 24 31 34 61
6 9 24 31 35 50 61
6 9 24 31 39 54 61
5 9 24 31 42 61
5 9 24 31 51 61
5 9 24 31 59 61
6 9 24 34 35 50 51
5 9 24 34 47 62
5 9 24 35 38 50
6 9 24 35 39 50 54
5 9 24 35 42 50
5 9 24 35 46 50
5 9 24 35 50 59
5 9 24 35 50 63
6 9 24 38 39 54 55
6 9 24 39 47 54 62
5 9 24 39 51 54
5 9 24 39 54 63
5 9 24 42 47 62
6 9 24 46 47 62 63
5 9 24 47 51 62
6 9 25 32 47 53 58
5 9 25 33 37 40
6 9 25 33 37 42 43
6 9 25 33 37 44 56
7 9 25 33 37 46 58 63
5 9 25 33 37 60
5 9 25 33 37 62
5 9 25 34 51 58
5 9 25 34 53 56
7 9 25 36 42 43 48 53
5 9 25 36 45 56
5 9 25 39 51 53
5 9 25 39 58 61
5 9 25 40 46 61
6 9 25 42 43 44 61
5 9 25 42 43 45
5 9 25 42 43 52
5 9 25 42 43 60
5 9 26 27 28 45
6 9 26 27 36 54 55
6 9 26 27 44 62 63
5 9 26 28 35 45
5 9 26 28 36 45
5 9 26 28 45 48
5 9 26 28 45 49
5 9 26 28 45 50
5 9 26 28 45 51
6 9 26 28 45 58 60
5 9 26 28 45 59
5 9 26 28 45 63
5 9 26 29 35 55
5 9 26 31 36 52
5 9 26 31 40 62
5 9 26 31 58 63
5 9 26 40 49 53
5 9 27 28 32 50
6 9 27 28 33 39 52
5 9 27 28 36 54
6 9 27 29 32 50 52
5 9 27 29 35 55
6 9 27 32 34 48 50
6 9 27 32 36 50 54
5 9 27 32 38 50
5 9 27 32 45 50
5 9 27 32 46 50
5 9 27 32 50 60
5 9 27 32 50 61
5 9 27 32 50 63
7 9 27 33 39 44 56 62
6 9 27 33 39 47 59
5 9 27 33 39 60
5 9 27 33 39 61
5 9 27 33 39 63
5 9 27 34 44 62
5 9 27 35 36 54
6 9 27 36 38 52 54
6 9 27 36 42 51 54
6 9 27 36 44 54 62
6 9 27 36 47 54 56
5 9 27 36 48 54
5 9 27 36 54 60
5 9 27 36 54 61
5 9 27 36 54 63
5 9 27 38 56 63
5 9 27 41 51 53
5 9 27 42 44 62
5 9 27 44 48 62
5 9 27 44 49 62
5 9 27 44 51 62
5 9 27 44 53 62
5 9 27 44 55 62
5 9 27 46 55 56
5 9 28 30 32 34
7 9 28 30 33 52 54 61
5 9 28 30 56 58
6 9 28 32 43 49 62
6 9 28 33 43 52 62
6 9 28 33 46 52 58
6 9 28 33 47 52 59
6 9 28 36 43 53 62
6 9 29 32 34 52 54
6 9 29 32 36 48 52
5 9 29 32 37 52
5 9 29 32 39 52
5 9 29 32 51 52
6 9 29 34 35 54 55
6 9 29 34 38 50 54
5 9 29 34 48 54
5 9 29 34 51 54
5 9 29 35 36 55
5 9 29 35 37 55
5 9 29 35 38 55
6 9 29 35 39 51 55
5 9 29 35 48 55
5 9 29 35 49 55
5 9 30 31 34 35
5 9 30 31 50 51
5 9 30 31 58 59
6 9 30 33 44 54 56
5 9 30 33 54 60
5 9 30 34 38 47
5 9 30 34 49 60
5 9 30 38 53 60
5 9 30 44 48 55
5 9 30 47 48 52
5 9 30 47 49 53
5 9 30 48 59 61
6 9 31 33 40 55 62
5 9 31 33 42 55
6 9 31 33 44 55 56
5 9 31 35 40 62
5 9 31 36 45 49
5 9 31 39 40 62
6 9 31 40 42 60 62
6 9 31 40 46 56 62
5 9 31 40 48 62
5 9 31 40 49 62
5 9 31 40 51 62
5 9 31 40 53 62
5 9 31 46 50 59
5 9 32 34 36 38
5 9 32 34 39 47
5 9 32 34 56 58
5 9 32 34 60 62
6 9 32 36 43 49 53
5 9 32 36 51 55
5 9 32 37 43 49
7 9 32 37 46 48 53 62
5 9 32 38 48 54
5 9 32 39 48 55
5 9 32 43 45 49
5 9 32 43 49 56
5 9 32 43 49 60
5 9 32 45 48 61
6 9 32 47 51 56 61
5 9 33 40 47 59
5 9 33 42 47 59
6 9 33 43 44 56 61
6 9 33 44 46 56 58
5 9 33 44 56 63
6 9 33 46 47 58 59
5 9 33 46 58 60
5 9 33 46 58 61
5 9 33 47 59 60
5 9 33 47 59 61
5 9 34 35 38 39
5 9 34 35 58 59
5 9 34 35 62 63
5 9 34 36 50 52
5 9 34 36 59 61
5 9 34 38 48 52
5 9 34 38 49 53
5 9 34 38 51 55
5 9 34 39 48 63
5 9 34 39 49 59
5 9 34 39 50 55
5 9 34 39 52 62
5 9 34 39 56 61
5 9 34 45 50 61
5 9 34 47 50 63
5 9 35 36 51 52
5 9 35 37 51 53
5 9 35 39 48 52
5 9 35 39 49 53
5 9 35 40 51 56
5 9 35 42 51 58
5 9 35 45 51 61
5 9 35 46 51 62
5 9 36 38 48 50
5 9 36 38 56 58
5 9 36 38 60 62
7 9 36 42 47 52 58 63
6 9 36 43 44 53 61
5 9 36 43 53 56
5 9 36 43 53 60
5 9 36 44 55 63
5 9 36 45 50 59
5 9 37 40 42 45
5 9 37 42 48 63
5 9 37 42 49 59
5 9 37 42 50 55
5 9 37 42 52 62
5 9 37 42 53 58
5 9 38 39 46 47
5 9 38 39 50 51
5 9 38 39 58 59
5 9 38 39 62 63
5 9 38 46 52 60
5 9 38 46 53 61
5 9 38 46 55 63
5 9 38 47 54 63
5 9 39 40 55 56
5 9 39 46 49 56
5 9 39 46 55 62
5 9 39 47 52 60
5 9 39 47 53 61
5 9 40 45 48 63
5 9 40 45 49 59
5 9 40 46 49 55
5 9 40 47 56 63
5 9 43 44 48 61
5 9 44 46 48 50
5 9 46 47 50 51
5 9 48 50 52 54
5 9 48 50 55 63
5 9 48 52 62 63
5 9 49 53 58 59
5 9 50 51 54 55
5 9 52 54 60 62
5 9 53 56 58 61
5 9 54 55 62 63
5 10 11 12 18 19
7 10 11 12 21 34 35 48
8 10 11 12 22 23 36 50 51
5 10 11 12 24 37
8 10 11 12 25 41 58 59 60
8 10 11 12 26 27 28 62 63
5 10 11 12 30 31
5 10 11 12 38 39
5 10 11 12 40 56
6 10 11 12 42 43 44
5 10 11 12 46 47
5 10 11 12 54 55
6 10 11 13 18 19 20
9 10 11 13 21 24 34 35 36 49
10 10 11 13 22 23 28 37 40 53 56
8 10 11 13 25 41 58 59 61
8 10 11 13 26 27 29 46 47
5 10 11 13 30 31
6 10 11 13 38 39 44
6 10 11 13 42 43 45
6 10 11 13 50 51 52
6 10 11 13 54 55 60
5 10 11 13 62 63
5 10 11 14 15 16
6 10 11 14 15 17 20
9 10 11 14 15 18 19 24 28 48
13 10 11 14 15 21 34 35 40 44 50 51 56 60
16 10 11 14 15 22 23 25 29 38 39 41 45 58 59 62 63
8 10 11 14 15 26 27 30 31
5 10 11 14 15 32
6 10 11 14 15 33 36
5 10 11 14 15 37
8 10 11 14 15 42 43 46 47
6 10 11 14 15 49 52
5 10 11 14 15 53
8 10 11 14 15 54 55 57 61
5 10 11 16 22 23
8 10 11 16 25 32 41 58 59
5 10 11 16 36 57
5 10 11 16 38 39
6 10 11 16 42 43 49
6 10 11 16 46 47 52
5 10 11 16 54 55
5 10 11 16 62 63
5 10 11 17 24 32
6 10 11 17 30 31 57
5 10 11 17 42 43
6 10 11 17 46 47 53
5 10 11 17 54 55
5 10 11 17 62 63
5 10 11 18 19 29
5 10 11 18 19 32
8 10 11 18 19 33 40 49 56
5 10 11 18 19 36
6 10 11 18 19 38 39
6 10 11 18 19 42 43
6 10 11 18 19 44 52
6 10 11 18 19 45 53
6 10 11 18 19 50 51
5 10 11 18 19 57
5 10 11 18 19 60
5 10 11 18 19 61
6 10 11 18 19 62 63
5 10 11 20 37 49
7 10 11 20 38 39 50 51
6 10 11 20 42 43 53
5 10 11 20 46 47
5 10 11 20 62 63
7 10 11 21 28 34 35 52
8 10 11 21 29 34 35 53 61
7 10 11 21 34 35 45 57
7 10 11 21 34 35 62 63
6 10 11 22 23 24 52
8 10 11 22 23 30 31 42 43
5 10 11 22 23 44
6 10 11 22 23 46 47
5 10 11 22 23 48
5 10 11 22 23 49
6 10 11 22 23 54 55
5 10 11 22 23 57
5 10 11 22 23 60
5 10 11 22 23 61
6 10 11 24 38 39 53
6 10 11 24 46 47 61
5 10 11 24 50 51
5 10 11 24 54 55
5 10 11 24 62 63
8 10 11 25 28 41 44 58 59
6 10 11 26 27 32 49
5 10 11 26 27 33
6 10 11 26 27 36 53
6 10 11 26 27 44 61
5 10 11 26 27 45
5 10 11 26 27 48
5 10 11 26 27 52
5 10 11 26 27 60
5 10 11 28 38 39
6 10 11 28 42 43 61
5 10 11 28 46 47
5 10 11 28 50 51
5 10 11 28 54 55
5 10 11 29 37 57
5 10 11 29 42 43
5 10 11 29 50 51
5 10 11 29 54 55
6 10 11 30 31 32 52
6 10 11 30 31 33 53
5 10 11 30 31 36
6 10 11 30 31 38 39
5 10 11 30 31 48
5 10 11 30 31 49
6 10 11 30 31 50 51
5 10 11 32 38 39
5 10 11 32 50 51
5 10 11 32 54 55
5 10 11 32 62 63
5 10 11 33 46 47
5 10 11 33 54 55
5 10 11 33 62 63
5 10 11 36 54 55
5 10 11 36 62 63
5 10 11 37 62 63
8 10 11 38 39 40 54 55 56
6 10 11 38 39 46 47
5 10 11 38 39 48
5 10 11 38 39 49
5 10 11 38 39 52
5 10 11 38 39 57
5 10 11 38 39 60
5 10 11 38 39 61
5 10 11 42 43 48
6 10 11 42 43 50 51
5 10 11 42 43 52
6 10 11 42 43 54 55
5 10 11 42 43 60
6 10 11 42 43 62 63
5 10 11 44 54 55
5 10 11 44 62 63
5 10 11 45 50 51
5 10 11 45 54 55
5 10 11 46 47 48
5 10 11 46 47 49
6 10 11 46 47 50 51
5 10 11 46 47 57
5 10 11 46 47 60
5 10 11 48 54 55
5 10 11 49 62 63
5 10 11 50 51 61
6 10 11 54 55 62 63
5 10 12 16 23 51
6 10 12 16 27 50 63
5 10 12 16 30 56
6 10 12 16 32 58 60
6 10 12 16 33 46 52
5 10 12 16 42 44
5 10 12 16 43 49
5 10 12 17 30 57
6 10 12 17 33 58 60
5 10 12 17 42 44
5 10 12 17 46 53
6 10 12 18 22 32 36
5 10 12 18 27 63
5 10 12 18 33 40
6 10 12 18 42 44 52
5 10 12 18 45 53
5 10 12 18 47 55
5 10 12 19 22 36
7 10 12 19 23 46 51 55
5 10 12 19 30 59
6 10 12 19 35 58 60
5 10 12 19 39 61
5 10 12 19 40 49
5 10 12 19 42 44
6 10 12 20 27 54 63
5 10 12 20 37 46
5 10 12 20 42 44
5 10 12 20 43 53
6 10 12 21 23 49 51
6 10 12 21 27 38 63
5 10 12 21 30 41
8 10 12 21 31 37 47 58 60
5 10 12 21 43 56
7 10 12 22 27 36 53 63
6 10 12 22 31 36 43
5 10 12 22 35 36
5 10 12 22 36 45
5 10 12 22 36 47
5 10 12 22 36 49
5 10 12 22 36 54
5 10 12 22 36 57
5 10 12 22 36 59
5 10 12 22 36 61
5 10 12 23 24 51
6 10 12 23 30 43 51
5 10 12 23 32 51
6 10 12 23 37 51 52
6 10 12 23 41 51 56
6 10 12 23 42 44 51
5 10 12 23 51 54
5 10 12 23 51 61
5 10 12 23 51 62
5 10 12 24 35 49
5 10 12 24 38 54
5 10 12 24 39 53
5 10 12 24 41 46
5 10 12 24 42 44
5 10 12 24 47 61
8 10 12 25 27 42 44 61 63
5 10 12 25 39 56
5 10 12 26 28 32
5 10 12 26 28 33
8 10 12 26 28 34 38 48 52
5 10 12 26 28 35
5 10 12 26 28 39
6 10 12 26 28 43 61
5 10 12 26 28 47
5 10 12 26 28 49
5 10 12 26 28 53
5 10 12 26 28 54
5 10 12 26 28 55
5 10 12 26 28 59
6 10 12 27 32 49 63
5 10 12 27 33 63
6 10 12 27 37 56 63
5 10 12 27 41 63
5 10 12 27 45 63
5 10 12 27 52 63
6 10 12 29 34 48 53
6 10 12 29 42 44 57
5 10 12 30 32 52
5 10 12 30 33 53
5 10 12 30 35 55
6 10 12 31 34 48 55
5 10 12 31 39 49
5 10 12 31 40 61
5 10 12 31 42 44
5 10 12 34 41 48
5 10 12 34 43 48
6 10 12 34 45 48 57
6 10 12 34 47 48 59
5 10 12 34 48 62
5 10 12 35 40 50
5 10 12 39 40 54
5 10 12 39 50 59
5 10 12 40 47 62
5 10 12 42 44 49
5 10 12 42 44 50
5 10 12 42 44 53
5 10 12 42 44 54
5 10 12 42 44 55
5 10 12 42 44 59
5 10 12 42 44 62
5 10 13 15 17 19
5 10 13 15 20 32
6 10 13 15 21 23 24
10 10 13 15 22 28 37 39 40 54 60
8 10 13 15 25 27 42 45 47
6 10 13 15 26 29 31
5 10 13 15 33 35
6 10 13 15 34 49 51
5 10 13 15 38 44
5 10 13 15 41 43
6 10 13 15 53 55 56
5 10 13 15 57 59
6 10 13 15 58 61 63
6 10 13 16 27 47 50
7 10 13 16 30 33 53 56
6 10 13 16 32 58 61
5 10 13 16 38 44
5 10 13 16 39 48
5 10 13 16 42 45
5 10 13 16 46 52
5 10 13 16 54 60
5 10 13 17 21 24
5 10 13 17 30 57
5 10 13 17 31 48
5 10 13 17 38 44
5 10 13 17 42 45
6 10 13 17 46 53 56
5 10 13 17 54 60
8 10 13 18 22 28 33 37 40
5 10 13 18 25 36
6 10 13 18 38 44 52
5 10 13 18 39 50
7 10 13 18 42 45 53 56
5 10 13 19 21 24
7 10 13 19 23 30 43 59
6 10 13 19 35 58 61
5 10 13 19 36 48
6 10 13 19 38 44 50
5 10 13 19 39 51
5 10 13 19 42 45
5 10 13 19 46 55
5 10 13 19 53 56
7 10 13 20 27 47 54 60
5 10 13 20 31 59
5 10 13 20 35 48
6 10 13 20 36 58 61
5 10 13 20 38 44
5 10 13 20 39 52
6 10 13 20 43 53 56
6 10 13 21 24 30 41
6 10 13 21 24 33 48
7 10 13 21 24 39 53 56
6 10 13 21 24 42 45
5 10 13 21 24 46
5 10 13 21 24 50
5 10 13 21 24 51
5 10 13 21 24 52
6 10 13 21 24 54 60
5 10 13 21 24 55
5 10 13 21 24 59
5 10 13 21 24 63
8 10 13 22 28 35 37 40 50
7 10 13 22 28 37 40 46
7 10 13 22 28 37 40 51
7 10 13 22 28 37 40 55
7 10 13 22 28 37 40 59
7 10 13 22 28 37 40 63
8 10 13 23 25 38 44 54 60
5 10 13 23 32 48
5 10 13 23 36 52
5 10 13 23 41 57
5 10 13 23 46 62
5 10 13 25 31 46
5 10 13 25 39 57
5 10 13 25 53 56
5 10 13 26 29 32
5 10 13 26 29 33
10 10 13 26 29 34 38 44 49 53 56
5 10 13 26 29 35
6 10 13 26 29 43 63
5 10 13 26 29 48
6 10 13 26 29 50 57
5 10 13 26 29 51
5 10 13 26 29 52
5 10 13 26 29 59
5 10 13 26 29 62
5 10 13 27 33 47
7 10 13 27 36 47 53 56
5 10 13 27 41 47
5 10 13 27 47 48
5 10 13 27 47 52
5 10 13 30 32 52
5 10 13 30 35 55
5 10 13 31 32 50
6 10 13 31 34 49 55
6 10 13 31 36 54 60
5 10 13 31 39 63
5 10 13 31 42 45
5 10 13 31 53 56
5 10 13 32 53 56
5 10 13 32 54 60
5 10 13 33 54 60
5 10 13 34 41 49
5 10 13 34 49 62
5 10 13 34 49 63
5 10 13 35 39 46
5 10 13 35 53 56
5 10 13 35 54 60
5 10 13 38 44 48
5 10 13 38 44 51
5 10 13 38 44 55
5 10 13 38 44 59
5 10 13 38 44 63
5 10 13 41 53 56
5 10 13 41 54 60
5 10 13 42 45 48
5 10 13 42 45 50
5 10 13 42 45 51
5 10 13 42 45 52
6 10 13 42 45 54 60
5 10 13 42 45 59
5 10 13 42 45 62
5 10 13 42 45 63
5 10 13 43 54 60
5 10 13 50 54 60
5 10 13 51 53 56
5 10 13 51 55 62
5 10 13 53 56 62
8 10 14 16 22 32 38 58 62
5 10 14 16 25 29
5 10 14 16 33 54
5 10 14 16 41 45
6 10 14 16 42 46 52
6 10 14 16 43 47 49
5 10 14 16 57 61
5 10 14 16 59 63
5 10 14 17 37 52
7 10 14 17 41 45 56 60
6 10 14 17 42 46 53
5 10 14 17 43 47
5 10 14 17 59 63
5 10 14 18 20 32
6 10 14 18 25 29 49
6 10 14 18 41 45 53
6 10 14 18 43 47 55
5 10 14 18 56 60
5 10 14 18 57 61
5 10 14 18 59 63
7 10 14 19 21 40 44 49
8 10 14 19 22 35 38 58 62
5 10 14 19 41 45
6 10 14 19 42 46 55
5 10 14 19 43 47
5 10 14 19 56 60
5 10 14 19 57 61
6 10 14 20 27 31 54
5 10 14 20 42 46
6 10 14 20 43 47 53
5 10 14 20 57 61
5 10 14 20 59 63
8 10 14 21 23 40 44 53 55
7 10 14 21 39 40 44 54
7 10 14 21 40 44 59 63
5 10 14 23 24 28
5 10 14 23 37 54
5 10 14 23 42 46
5 10 14 23 56 60
5 10 14 23 57 61
5 10 14 24 28 32
5 10 14 24 28 33
8 10 14 24 28 34 36 50 52
6 10 14 24 28 35 49
6 10 14 24 28 39 53
6 10 14 24 28 41 45
6 10 14 24 28 42 46
5 10 14 24 28 51
5 10 14 24 28 54
5 10 14 24 28 55
6 10 14 24 28 56 60
6 10 14 24 28 59 63
8 10 14 25 27 29 31 42 46
5 10 14 25 29 35
6 10 14 25 29 43 47
5 10 14 25 29 48
5 10 14 25 29 51
5 10 14 25 29 52
5 10 14 25 29 54
5 10 14 25 29 55
6 10 14 25 29 57 61
6 10 14 26 30 32 52
6 10 14 26 30 33 53
6 10 14 26 30 35 55
5 10 14 26 30 36
5 10 14 26 30 39
5 10 14 26 30 48
5 10 14 26 30 49
5 10 14 26 30 51
6 10 14 27 31 32 49
5 10 14 27 31 33
6 10 14 27 31 36 53
6 10 14 27 31 41 45
5 10 14 27 31 48
5 10 14 27 31 52
6 10 14 27 31 56 60
5 10 14 32 41 45
5 10 14 32 56 60
5 10 14 32 57 61
5 10 14 32 59 63
5 10 14 33 57 61
5 10 14 33 59 63
8 10 14 34 41 45 50 57 61
5 10 14 35 57 61
5 10 14 35 59 63
5 10 14 36 43 47
5 10 14 36 57 61
5 10 14 36 59 63
5 10 14 37 59 63
5 10 14 39 56 60
5 10 14 39 57 61
6 10 14 41 43 45 47
5 10 14 41 45 48
5 10 14 41 45 49
5 10 14 41 45 51
5 10 14 41 45 52
5 10 14 41 45 54
5 10 14 41 45 55
5 10 14 42 46 48
5 10 14 42 46 49
5 10 14 42 46 51
6 10 14 42 46 56 60
6 10 14 42 46 57 61
6 10 14 42 46 59 63
5 10 14 43 47 48
5 10 14 43 47 51
5 10 14 43 47 52
5 10 14 43 47 54
6 10 14 43 47 56 60
5 10 14 48 57 61
5 10 14 52 59 63
5 10 14 55 56 60
6 10 14 57 59 61 63
5 10 15 16 22 39
5 10 15 16 25 45
5 10 15 16 27 50
5 10 15 16 30 56
5 10 15 16 33 55
5 10 15 16 36 61
5 10 15 16 43 49
5 10 15 16 46 52
7 10 15 17 21 30 41 57
6 10 15 17 33 58 63
5 10 15 17 37 49
5 10 15 17 38 50
5 10 15 17 42 47
5 10 15 17 46 53
6 10 15 18 22 35 39
6 10 15 18 25 45 53
6 10 15 18 33 40 60
5 10 15 18 37 50
6 10 15 18 42 47 55
5 10 15 18 44 52
5 10 15 19 30 59
5 10 15 19 33 52
6 10 15 19 35 58 63
6 10 15 19 40 49 60
5 10 15 19 42 47
5 10 15 19 46 55
7 10 15 20 21 27 38 54
6 10 15 20 36 58 63
5 10 15 20 37 52
5 10 15 20 41 56
5 10 15 20 42 47
5 10 15 20 43 53
5 10 15 21 43 59
5 10 15 21 46 62
6 10 15 22 24 39 53
5 10 15 22 32 39
6 10 15 22 33 39 50
5 10 15 22 39 44
5 10 15 22 39 46
6 10 15 22 39 48 49
5 10 15 22 39 56
5 10 15 22 39 57
5 10 15 22 39 61
5 10 15 23 30 43
5 10 15 23 37 55
6 10 15 23 40 53 60
5 10 15 23 42 47
6 10 15 24 25 44 45
6 10 15 24 34 36 51
5 10 15 24 35 49
5 10 15 24 37 56
6 10 15 24 42 47 61
5 10 15 25 32 45
5 10 15 25 35 45
6 10 15 25 36 45 56
5 10 15 25 43 45
6 10 15 25 45 48 52
5 10 15 25 45 50
5 10 15 25 45 54
5 10 15 25 45 55
5 10 15 26 31 33
8 10 15 26 31 34 38 51 55
5 10 15 26 31 35
5 10 15 26 31 36
8 10 15 26 31 40 41 60 61
5 10 15 26 31 44
5 10 15 26 31 49
6 10 15 26 31 50 59
5 10 15 26 31 52
6 10 15 26 31 56 62
5 10 15 27 28 62
5 10 15 27 29 46
5 10 15 27 32 49
5 10 15 27 36 53
5 10 15 27 44 61
6 10 15 28 34 51 52
5 10 15 28 36 49
5 10 15 28 42 47
5 10 15 28 43 61
6 10 15 28 44 58 63
6 10 15 29 34 51 53
5 10 15 29 37 61
5 10 15 29 42 47
5 10 15 30 32 52
5 10 15 30 33 53
5 10 15 30 35 55
5 10 15 33 37 46
5 10 15 34 41 51
5 10 15 34 43 51
5 10 15 34 51 61
5 10 15 34 51 62
5 10 15 36 37 43
5 10 15 38 40 60
5 10 15 40 46 60
5 10 15 40 55 60
5 10 15 40 59 60
5 10 15 42 47 49
5 10 15 42 47 50
5 10 15 42 47 52
5 10 15 42 47 54
5 10 15 42 47 56
5 10 15 42 47 57
5 10 15 43 48 54
5 10 15 46 48 57
5 10 15 49 53 62
5 10 15 52 53 59
5 10 16 17 20 21
5 10 16 17 23 35
7 10 16 17 30 38 56 57
6 10 16 17 32 33 58
6 10 16 17 43 48 49
5 10 16 17 44 45
6 10 16 17 46 52 53
5 10 16 17 60 61
7 10 16 20 27 41 50 54
5 10 16 20 29 44
6 10 16 20 32 36 58
5 10 16 20 35 39
6 10 16 20 43 49 53
6 10 16 20 46 48 52
5 10 16 20 51 55
6 10 16 21 27 38 50
6 10 16 21 30 41 56
5 10 16 21 33 39
5 10 16 21 36 45
5 10 16 21 43 49
5 10 16 21 46 52
5 10 16 22 27 50
6 10 16 22 30 42 56
6 10 16 22 46 52 61
5 10 16 22 48 54
8 10 16 23 29 32 39 45 58
7 10 16 23 30 43 49 56
5 10 16 23 46 52
5 10 16 23 48 55
6 10 16 25 27 42 50
5 10 16 25 30 56
6 10 16 25 43 49 55
5 10 16 25 48 57
7 10 16 27 29 46 50 52
6 10 16 27 30 50 56
6 10 16 27 44 50 61
5 10 16 27 45 50
5 10 16 27 50 60
5 10 16 29 43 49
5 10 16 29 48 61
6 10 16 30 35 55 56
5 10 16 30 39 56
5 10 16 30 51 56
5 10 16 35 46 52
5 10 16 38 43 49
6 10 16 38 46 52 60
5 10 16 39 46 52
6 10 16 41 43 49 51
5 10 16 41 46 52
5 10 16 43 44 49
5 10 16 43 45 49
6 10 16 43 46 49 52
5 10 16 43 49 60
5 10 16 43 49 62
5 10 16 43 49 63
5 10 16 46 51 52
5 10 16 46 52 59
5 10 16 46 52 63
6 10 17 19 20 28 32
5 10 17 19 21 23
6 10 17 19 30 57 59
6 10 17 19 33 35 58
5 10 17 19 41 43
5 10 17 19 45 47
6 10 17 19 46 53 55
6 10 17 20 31 35 44
5 10 17 20 38 41
5 10 17 20 49 52
5 10 17 20 50 56
5 10 17 20 51 60
5 10 17 20 55 61
5 10 17 20 59 62
8 10 17 21 31 33 37 47 58
6 10 17 21 42 51 55
6 10 17 21 46 49 53
5 10 17 21 48 52
5 10 17 21 50 54
5 10 17 23 28 47
5 10 17 23 31 32
5 10 17 23 49 55
5 10 17 23 50 63
5 10 17 23 56 62
5 10 17 24 31 52
6 10 17 24 35 49 56
5 10 17 24 47 61
5 10 17 24 55 62
6 10 17 28 33 44 58
5 10 17 28 43 61
5 10 17 28 46 53
5 10 17 28 49 60
6 10 17 30 35 55 57
5 10 17 30 48 57
5 10 17 30 50 57
5 10 17 32 37 45
7 10 17 32 38 46 53 61
5 10 17 32 54 62
5 10 17 32 55 63
5 10 17 35 46 53
5 10 17 35 52 63
6 10 17 37 46 53 62
5 10 17 37 48 61
5 10 17 37 51 54
5 10 17 38 43 55
6 10 17 41 46 53 63
5 10 17 42 54 59
5 10 17 45 51 62
5 10 17 46 48 53
5 10 17 46 51 53
5 10 17 46 53 59
5 10 17 46 53 60
5 10 18 20 31 49
6 10 18 20 44 50 52
5 10 18 20 47 55
5 10 18 20 59 61
5 10 18 22 24 25
8 10 18 22 29 41 44 48 52
5 10 18 22 31 43
6 10 18 22 45 49 53
6 10 18 22 47 51 55
7 10 18 24 31 50 56 63
7 10 18 24 35 44 49 52
6 10 18 24 47 55 61
5 10 18 24 51 60
5 10 18 24 59 62
5 10 18 25 27 42
5 10 18 25 44 52
5 10 18 25 50 57
5 10 18 27 28 62
5 10 18 27 32 49
6 10 18 27 44 52 61
5 10 18 28 29 38
5 10 18 28 43 61
5 10 18 28 47 55
5 10 18 28 50 60
5 10 18 29 35 63
5 10 18 29 47 55
5 10 18 29 50 61
6 10 18 31 33 40 61
5 10 18 31 44 52
5 10 18 31 45 53
5 10 18 32 45 53
6 10 18 33 35 40 50
7 10 18 33 40 47 55 62
5 10 18 33 40 51
5 10 18 33 40 59
5 10 18 33 40 63
6 10 18 35 45 53 62
6 10 18 36 44 52 60
5 10 18 36 47 55
5 10 18 37 44 52
6 10 18 37 45 53 61
5 10 18 37 51 62
6 10 18 38 45 48 53
5 10 18 38 47 55
5 10 18 39 44 52
5 10 18 39 49 62
5 10 18 42 48 57
5 10 18 43 44 52
6 10 18 44 45 52 53
5 10 18 44 51 52
5 10 18 44 52 59
5 10 18 44 52 63
6 10 18 45 47 53 55
5 10 18 45 51 53
5 10 18 45 53 59
5 10 18 45 53 60
5 10 18 45 53 63
5 10 18 47 48 55
5 10 18 47 49 55
5 10 18 47 55 56
5 10 18 47 55 57
5 10 18 47 55 60
5 10 19 20 29 47
6 10 19 20 35 36 58
5 10 19 20 43 53
5 10 19 20 46 55
5 10 19 20 51 52
6 10 19 21 28 33 36
5 10 19 21 50 61
5 10 19 21 51 53
5 10 19 22 29 41
6 10 19 22 30 42 59
5 10 19 22 45 61
5 10 19 22 46 55
5 10 19 22 51 54
5 10 19 23 24 41
10 10 19 23 28 29 35 39 44 45 58
5 10 19 23 32 36
5 10 19 23 48 52
5 10 19 23 50 54
5 10 19 24 30 59
5 10 19 24 46 55
5 10 19 24 47 61
5 10 19 24 51 56
6 10 19 28 38 41 53
6 10 19 28 42 54 57
7 10 19 28 43 46 55 61
6 10 19 30 32 52 59
6 10 19 30 33 53 59
5 10 19 30 36 59
5 10 19 30 38 59
5 10 19 30 48 59
5 10 19 30 50 59
5 10 19 32 46 55
5 10 19 33 46 55
5 10 19 38 40 49
6 10 19 38 46 55 63
6 10 19 39 46 55 62
5 10 19 39 50 52
6 10 19 40 46 49 55
6 10 19 40 47 49 62
5 10 19 43 45 56
5 10 19 46 48 55
5 10 19 46 55 56
5 10 19 46 55 57
5 10 19 46 55 60
5 10 20 21 28 29
8 10 20 21 31 36 37 47 58
6 10 20 21 42 60 61
6 10 20 21 43 52 53
5 10 20 21 48 49
5 10 20 21 56 57
6 10 20 27 28 54 62
6 10 20 27 44 54 61
5 10 20 27 48 54
5 10 20 27 54 56
6 10 20 28 36 44 58
5 10 20 28 38 46
5 10 20 28 39 47
6 10 20 28 43 53 61
5 10 20 29 31 32
5 10 20 29 50 59
5 10 20 29 52 61
5 10 20 29 56 63
5 10 20 32 37 39
7 10 20 32 41 43 53 55
5 10 20 32 57 59
5 10 20 32 61 63
6 10 20 37 43 53 59
5 10 20 37 48 55
5 10 20 37 57 60
6 10 20 38 43 53 63
5 10 20 39 59 60
5 10 20 41 46 61
5 10 20 42 57 62
5 10 20 43 44 53
5 10 20 43 48 53
5 10 20 43 51 53
5 10 20 43 53 60
5 10 20 43 53 62
5 10 20 44 49 63
10 10 21 23 29 31 37 39 45 47 58
6 10 21 23 30 41 43
6 10 21 23 54 61 63
5 10 21 23 57 59
6 10 21 27 29 38 46
6 10 21 27 30 38 41
5 10 21 27 38 45
5 10 21 27 38 48
5 10 21 27 38 52
5 10 21 27 38 56
5 10 21 27 38 60
5 10 21 28 53 60
5 10 21 28 55 56
5 10 21 29 54 62
6 10 21 29 55 57 63
5 10 21 30 39 41
5 10 21 30 41 48
5 10 21 30 41 49
5 10 21 30 41 50
5 10 21 30 41 51
5 10 21 39 59 61
5 10 21 45 55 62
5 10 22 24 30 42
5 10 22 24 35 49
5 10 22 24 54 56
6 10 22 25 27 30 42
6 10 22 25 31 43 46
6 10 22 25 35 44 53
5 10 22 25 50 56
5 10 22 25 51 60
5 10 22 25 54 57
5 10 22 25 55 61
6 10 22 27 29 41 46
5 10 22 27 32 49
6 10 22 29 31 41 43
5 10 22 29 32 41
5 10 22 29 41 47
5 10 22 29 41 49
5 10 22 29 41 50
6 10 22 29 41 54 61
5 10 22 29 41 55
5 10 22 29 41 56
5 10 22 30 42 48
5 10 22 30 42 49
5 10 22 30 42 51
5 10 22 31 32 43
5 10 22 31 43 45
5 10 22 31 43 48
5 10 22 31 43 50
5 10 22 31 43 51
5 10 22 31 43 52
6 10 22 31 43 54 63
5 10 22 31 43 56
5 10 22 31 43 60
5 10 22 46 56 57
8 10 23 24 25 35 38 48 49
5 10 23 24 44 63
5 10 23 24 47 61
5 10 23 24 55 56
5 10 23 25 28 38
6 10 23 25 30 38 43
6 10 23 25 31 38 46
5 10 23 25 32 38
5 10 23 25 38 47
5 10 23 25 38 50
5 10 23 25 38 52
6 10 23 25 38 55 57
5 10 23 25 38 56
5 10 23 25 38 61
6 10 23 30 32 43 52
5 10 23 30 37 43
5 10 23 30 43 48
5 10 23 31 36 44
7 10 23 31 40 53 59 61
5 10 23 31 54 62
5 10 23 35 36 37
5 10 23 35 56 57
5 10 23 35 60 61
5 10 23 36 56 63
5 10 23 37 57 63
6 10 23 40 47 53 62
5 10 23 40 53 63
5 10 23 47 49 60
5 10 23 50 59 60
5 10 24 25 31 46
6 10 24 25 39 52 53
6 10 24 25 47 60 61
5 10 24 30 32 52
6 10 24 30 35 49 55
6 10 24 31 34 36 55
5 10 24 31 35 49
5 10 24 31 39 53
5 10 24 32 39 53
6 10 24 33 35 49 51
5 10 24 33 47 61
6 10 24 34 36 44 56
7 10 24 34 36 47 59 61
5 10 24 34 36 60
5 10 24 34 36 62
5 10 24 34 36 63
5 10 24 35 37 49
6 10 24 35 39 49 53
5 10 24 35 45 49
5 10 24 35 46 49
5 10 24 35 49 60
5 10 24 35 49 62
5 10 24 35 49 63
6 10 24 37 39 53 55
5 10 24 37 59 60
6 10 24 39 41 48 53
6 10 24 39 44 53 59
6 10 24 39 47 53 61
5 10 24 39 51 53
5 10 24 39 53 60
5 10 24 39 53 62
5 10 24 39 53 63
5 10 24 41 47 61
5 10 24 42 48 54
5 10 24 45 52 59
5 10 24 47 48 61
5 10 24 47 50 61
5 10 24 47 51 61
5 10 24 47 52 61
5 10 24 47 54 61
6 10 25 27 28 42 62
5 10 25 27 42 48
5 10 25 27 42 52
5 10 25 27 42 60
5 10 25 28 39 55
5 10 25 28 43 61
5 10 25 28 57 60
5 10 25 30 32 52
5 10 25 31 32 46
5 10 25 31 39 46
5 10 25 31 46 48
5 10 25 31 46 49
5 10 25 31 46 50
5 10 25 31 46 51
5 10 25 31 46 56
6 10 25 31 46 57 63
5 10 25 31 46 60
5 10 25 43 50 54
5 10 26 33 48 57
5 10 26 33 54 59
6 10 26 34 38 40 41
5 10 26 34 38 43
7 10 26 34 38 45 57 60
6 10 26 34 38 47 59
5 10 26 34 38 61
5 10 26 34 38 63
6 10 26 35 44 54 57
5 10 26 36 48 54
5 10 26 36 57 62
7 10 26 39 40 41 51 54
5 10 26 39 46 59
5 10 26 40 41 46
6 10 26 40 41 47 62
5 10 26 40 41 55
5 10 26 40 41 63
5 10 26 43 45 62
6 10 27 28 32 49 62
5 10 27 28 33 62
6 10 27 28 36 53 62
5 10 27 28 41 62
5 10 27 28 48 62
5 10 27 28 56 62
6 10 27 29 32 46 49
5 10 27 29 37 46
5 10 27 29 46 48
6 10 27 30 32 49 52
6 10 27 32 33 48 49
6 10 27 32 36 49 53
5 10 27 32 37 49
5 10 27 32 41 49
5 10 27 32 45 49
5 10 27 32 49 56
5 10 27 32 49 60
5 10 27 33 44 61
6 10 27 36 37 52 53
6 10 27 36 44 53 61
5 10 27 36 48 53
5 10 27 36 53 60
5 10 27 41 44 61
6 10 27 44 45 60 61
5 10 27 44 48 61
5 10 28 29 32 33
5 10 28 29 48 49
5 10 28 29 56 57
5 10 28 32 43 61
5 10 28 34 41 52
6 10 28 34 43 52 61
6 10 28 34 47 52 59
5 10 28 36 43 61
5 10 28 39 46 50
6 10 28 41 43 61 63
6 10 28 43 45 59 61
5 10 28 43 48 61
5 10 28 43 50 61
5 10 28 43 51 61
5 10 28 43 54 61
5 10 28 45 49 56
5 10 29 31 33 35
7 10 29 31 34 53 55 62
5 10 29 31 57 59
5 10 29 33 37 44
5 10 29 33 50 63
6 10 29 34 47 53 59
5 10 29 34 53 63
5 10 29 37 54 63
5 10 29 44 50 54
5 10 29 44 51 55
5 10 29 47 51 52
5 10 29 51 56 62
6 10 30 32 33 52 53
6 10 30 32 36 48 52
5 10 30 32 37 52
5 10 30 32 38 52
5 10 30 32 39 52
5 10 30 32 50 52
5 10 30 32 51 52
6 10 30 33 35 53 55
6 10 30 33 37 49 53
5 10 30 33 48 53
5 10 30 33 51 53
5 10 30 35 36 55
5 10 30 35 38 55
6 10 30 35 39 51 55
5 10 30 35 48 55
6 10 31 34 40 55 61
6 10 31 34 44 55 56
6 10 31 34 45 55 57
6 10 31 35 40 50 61
6 10 31 39 40 54 61
5 10 32 33 36 37
5 10 32 33 56 57
5 10 32 33 60 61
5 10 32 36 50 54
5 10 32 36 51 55
5 10 32 38 48 54
5 10 32 39 48 55
5 10 32 41 48 57
5 10 32 43 48 59
5 10 32 45 48 61
5 10 32 46 48 62
5 10 33 35 36 44
5 10 33 35 37 39
5 10 33 35 57 59
5 10 33 35 61 63
5 10 33 36 49 52
5 10 33 36 50 56
5 10 33 36 51 60
5 10 33 36 55 61
5 10 33 36 59 62
5 10 33 37 48 52
5 10 33 37 50 54
5 10 33 37 51 55
5 10 33 39 49 55
5 10 33 39 56 62
5 10 33 44 49 60
5 10 33 46 49 62
6 10 34 40 47 59 62
5 10 34 41 44 56
5 10 34 43 44 56
6 10 34 44 45 56 57
5 10 34 44 56 62
5 10 34 44 56 63
6 10 34 45 47 57 59
5 10 34 45 57 62
5 10 34 45 57 63
5 10 34 47 59 60
5 10 35 36 51 52
5 10 35 37 51 53
5 10 35 38 40 50
7 10 35 38 45 51 54 61
6 10 35 39 40 50 54
5 10 35 39 48 52
5 10 35 40 46 50
5 10 35 40 50 59
5 10 35 40 50 63
6 10 35 44 48 59 62
5 10 35 46 51 62
5 10 36 37 44 45
5 10 36 37 48 49
5 10 36 37 56 57
5 10 36 37 60 61
5 10 36 43 52 59
5 10 36 44 54 62
5 10 36 44 55 63
5 10 36 45 50 59
5 10 36 45 52 61
5 10 37 39 49 51
5 10 37 39 57 59
5 10 37 39 61 63
5 10 37 44 53 60
5 10 37 45 52 60
5 10 37 45 54 62
5 10 37 45 55 63
5 10 38 41 43 46
5 10 38 41 49 52
5 10 38 41 50 56
5 10 38 41 51 60
5 10 38 41 54 57
5 10 38 41 55 61
6 10 39 40 47 54 62
5 10 39 40 54 59
5 10 39 40 54 63
7 10 39 41 44 55 57 60
5 10 39 46 49 56
5 10 39 47 52 60
5 10 40 47 51 62
5 10 43 44 59 60
5 10 43 45 50 52
5 10 43 46 50 56
5 10 43 46 51 60
5 10 44 45 48 49
5 10 45 47 49 51
5 10 48 49 52 53
5 10 49 51 52 60
5 10 49 51 53 55
5 10 50 54 56 57
5 10 51 55 60 61
5 10 52 53 60 61
5 10 53 55 61 63
5 10 54 57 59 62
5 11 12 13 16 17
6 11 12 13 18 20 21
6 11 12 13 19 24 25
8 11 12 13 23 26 34 36 37
9 11 12 13 27 28 29 51 56 57
8 11 12 13 30 46 59 60 61
5 11 12 13 32 33
8 11 12 13 35 40 41 48 49
5 11 12 13 39 42
6 11 12 13 43 44 45
5 11 12 13 47 63
6 11 12 13 50 52 53
5 11 12 13 55 58
6 11 12 16 32 59 60
5 11 12 16 33 46
5 11 12 16 34 53
5 11 12 16 43 44
5 11 12 16 47 52
5 11 12 16 50 63
5 11 12 17 23 36
5 11 12 17 31 57
6 11 12 17 33 59 60
6 11 12 17 34 52 63
5 11 12 17 39 62
5 11 12 17 43 44
5 11 12 17 47 53
5 11 12 18 31 58
6 11 12 18 34 59 60
5 11 12 18 39 61
5 11 12 18 43 44
5 11 12 18 47 54
6 11 12 19 23 32 36
5 11 12 19 34 41
6 11 12 19 43 44 52
5 11 12 19 45 53
5 11 12 19 46 54
5 11 12 19 49 56
5 11 12 20 31 40
5 11 12 20 33 51
5 11 12 20 34 49
5 11 12 20 35 48
5 11 12 20 37 46
5 11 12 20 43 44
6 11 12 21 37 59 60
5 11 12 21 38 63
5 11 12 21 40 58
5 11 12 21 43 44
5 11 12 22 35 48
5 11 12 22 37 56
6 11 12 22 38 59 60
6 11 12 22 40 57 63
5 11 12 22 43 44
5 11 12 23 25 36
6 11 12 23 30 36 42
5 11 12 23 36 47
5 11 12 23 36 49
5 11 12 23 36 52
5 11 12 23 36 55
5 11 12 23 36 57
5 11 12 23 36 58
5 11 12 23 36 61
5 11 12 23 36 62
5 11 12 24 39 55
6 11 12 24 40 59 60
5 11 12 24 43 44
5 11 12 24 58 63
6 11 12 25 35 37 48
5 11 12 25 40 54
5 11 12 25 42 63
5 11 12 25 43 44
6 11 12 26 35 38 48
6 11 12 26 40 51 53
6 11 12 26 42 59 60
5 11 12 26 43 44
5 11 12 27 28 32
5 11 12 27 28 33
5 11 12 27 28 34
8 11 12 27 28 35 39 48 52
5 11 12 27 28 37
5 11 12 27 28 47
5 11 12 27 28 49
5 11 12 27 28 50
5 11 12 27 28 53
5 11 12 27 28 54
5 11 12 27 28 55
5 11 12 27 28 58
5 11 12 27 28 61
6 11 12 29 35 48 53
5 11 12 29 39 50
5 11 12 29 43 44
6 11 12 29 45 59 60
6 11 12 30 35 48 54
5 11 12 30 39 49
6 11 12 30 43 44 51
5 11 12 30 45 56
5 11 12 31 32 52
5 11 12 31 33 53
5 11 12 31 34 54
5 11 12 32 49 63
6 11 12 34 47 56 62
5 11 12 35 42 48
6 11 12 35 45 48 57
5 11 12 35 48 61
5 11 12 35 48 62
5 11 12 39 41 51
5 11 12 39 46 57
5 11 12 43 44 49
5 11 12 43 44 53
5 11 12 43 44 54
5 11 12 43 44 55
5 11 12 43 44 62
5 11 12 45 51 58
5 11 12 46 51 55
6 11 13 16 18 20 22
5 11 13 16 23 37
5 11 13 16 30 33
5 11 13 16 34 36
5 11 13 16 43 45
6 11 13 17 28 56 63
5 11 13 17 31 57
6 11 13 17 33 59 61
7 11 13 17 34 36 47 53
5 11 13 17 43 45
5 11 13 17 50 52
5 11 13 18 20 25
7 11 13 18 20 31 40 58
5 11 13 18 20 32
8 11 13 18 20 34 36 59 61
5 11 13 18 20 39
6 11 13 18 20 43 45
5 11 13 18 20 44
5 11 13 18 20 46
6 11 13 18 20 47 54
6 11 13 18 20 50 52
5 11 13 18 20 51
5 11 13 18 20 53
5 11 13 18 20 55
5 11 13 18 20 57
5 11 13 18 20 60
5 11 13 18 20 62
5 11 13 18 20 63
6 11 13 19 23 33 37
5 11 13 19 30 40
6 11 13 19 34 36 41
6 11 13 19 43 45 53
5 11 13 19 46 54
5 11 13 21 28 56
5 11 13 21 38 47
5 11 13 21 40 55
5 11 13 21 43 45
5 11 13 21 50 52
5 11 13 22 31 42
5 11 13 22 34 36
5 11 13 22 35 49
6 11 13 22 38 59 61
5 11 13 22 50 52
5 11 13 23 32 37
6 11 13 23 37 44 54
5 11 13 23 37 46
5 11 13 23 37 48
6 11 13 23 37 50 52
5 11 13 23 37 51
5 11 13 23 37 55
5 11 13 23 37 58
5 11 13 23 37 60
5 11 13 23 37 62
5 11 13 24 43 45
5 11 13 24 44 53
5 11 13 24 50 52
6 11 13 25 28 38 56
5 11 13 25 34 36
5 11 13 25 39 55
5 11 13 25 42 47
5 11 13 25 43 45
5 11 13 25 50 52
6 11 13 26 35 38 49
6 11 13 26 40 50 52
6 11 13 26 42 59 61
6 11 13 26 43 45 62
5 11 13 27 29 32
5 11 13 27 29 33
6 11 13 27 29 34 36
8 11 13 27 29 35 39 49 53
5 11 13 27 29 40
6 11 13 27 29 44 58
5 11 13 27 29 48
6 11 13 27 29 50 52
5 11 13 27 29 54
5 11 13 27 29 55
5 11 13 27 29 60
5 11 13 27 29 62
5 11 13 27 29 63
8 11 13 28 30 43 45 56 58
5 11 13 28 42 56
5 11 13 28 46 56
6 11 13 30 35 49 54
5 11 13 30 48 57
5 11 13 30 50 52
5 11 13 31 33 53
6 11 13 31 34 36 54
6 11 13 32 34 36 38
5 11 13 33 50 52
5 11 13 34 36 48
6 11 13 34 36 50 52
5 11 13 34 36 51
5 11 13 34 36 55
5 11 13 34 36 57
5 11 13 34 36 58
5 11 13 34 36 60
5 11 13 34 36 62
5 11 13 34 36 63
5 11 13 35 42 49
6 11 13 35 46 49 58
5 11 13 35 49 60
5 11 13 35 49 63
5 11 13 38 50 52
5 11 13 39 50 52
5 11 13 40 47 57
6 11 13 41 44 57 60
5 11 13 41 50 52
5 11 13 42 50 52
5 11 13 43 45 48
6 11 13 43 45 50 52
5 11 13 43 45 51
5 11 13 43 45 54
5 11 13 43 45 55
5 11 13 43 45 60
5 11 13 43 45 63
5 11 13 46 50 52
6 11 13 48 50 52 54
5 11 13 50 52 57
5 11 13 50 52 63
6 11 14 16 17 20 21
5 11 14 16 22 25
7 11 14 16 23 29 38 41
5 11 14 16 33 36
5 11 14 16 34 40
5 11 14 16 39 45
5 11 14 16 43 46
5 11 14 16 51 60
5 11 14 16 54 57
5 11 14 17 20 26
9 11 14 17 20 31 34 40 54 57
5 11 14 17 20 32
8 11 14 17 20 33 36 59 62
6 11 14 17 20 39 45
6 11 14 17 20 43 46
6 11 14 17 20 47 53
5 11 14 17 20 48
6 11 14 17 20 49 52
6 11 14 17 20 51 60
6 11 14 17 20 55 61
5 11 14 17 20 58
5 11 14 17 20 63
6 11 14 18 22 24 25
6 11 14 18 24 31 58
5 11 14 18 24 32
6 11 14 18 24 39 45
6 11 14 18 24 43 46
7 11 14 18 24 47 54 57
6 11 14 18 24 49 52
6 11 14 18 24 51 60
6 11 14 18 24 55 61
5 11 14 18 24 63
5 11 14 19 21 28
10 11 14 19 23 28 29 34 38 40 41
6 11 14 19 26 28 37
7 11 14 19 28 39 45 53
5 11 14 19 28 42
8 11 14 19 28 43 46 54 57
6 11 14 19 28 51 60
5 11 14 19 28 63
5 11 14 21 33 36
6 11 14 21 37 59 62
5 11 14 21 39 45
5 11 14 21 49 52
5 11 14 21 54 57
5 11 14 21 55 61
6 11 14 22 25 31 42
5 11 14 22 25 32
8 11 14 22 25 34 40 49 52
9 11 14 22 25 35 37 44 50 56
6 11 14 22 25 43 46
5 11 14 22 25 47
5 11 14 22 25 48
6 11 14 22 25 51 60
5 11 14 22 25 53
6 11 14 22 25 54 57
6 11 14 22 25 55 61
7 11 14 23 29 32 38 41
7 11 14 23 29 38 41 47
7 11 14 23 29 38 41 48
8 11 14 23 29 38 41 49 52
8 11 14 23 29 38 41 51 60
8 11 14 23 29 38 41 54 57
8 11 14 23 29 38 41 55 61
5 11 14 26 33 36
5 11 14 26 34 40
7 11 14 26 39 45 55 61
6 11 14 26 42 59 62
5 11 14 26 43 46
5 11 14 26 49 52
5 11 14 26 51 60
5 11 14 26 54 57
5 11 14 27 30 32
6 11 14 27 30 33 36
6 11 14 27 30 34 40
12 11 14 27 30 35 39 44 45 50 54 56 57
5 11 14 27 30 47
5 11 14 27 30 48
6 11 14 27 30 49 52
7 11 14 27 30 51 58 60
5 11 14 27 30 53
6 11 14 27 30 55 61
5 11 14 27 30 63
6 11 14 31 33 36 53
6 11 14 32 33 36 37
5 11 14 32 39 45
5 11 14 32 51 60
5 11 14 32 54 57
5 11 14 33 36 42
5 11 14 33 36 47
5 11 14 33 36 48
6 11 14 33 36 49 52
6 11 14 33 36 51 60
6 11 14 33 36 54 57
6 11 14 33 36 55 61
5 11 14 33 36 58
5 11 14 33 36 63
5 11 14 34 40 47
5 11 14 34 40 48
6 11 14 34 40 55 61
5 11 14 34 40 58
5 11 14 34 40 63
7 11 14 35 42 44 50 56
7 11 14 35 44 50 56 63
5 11 14 37 49 52
5 11 14 37 51 60
5 11 14 37 54 57
5 11 14 37 55 61
5 11 14 39 45 48
6 11 14 39 45 49 52
6 11 14 39 45 51 60
5 11 14 42 49 52
5 11 14 42 51 60
5 11 14 42 54 57
5 11 14 42 55 61
6 11 14 43 46 49 52
6 11 14 43 46 51 60
5 11 14 43 46 53
6 11 14 43 46 55 61
5 11 14 43 46 63
5 11 14 47 51 60
6 11 14 48 49 52 53
5 11 14 48 54 57
5 11 14 48 55 61
5 11 14 49 52 58
5 11 14 49 52 63
5 11 14 51 53 60
6 11 14 51 55 60 61
5 11 14 54 57 63
6 11 15 16 18 48 50
6 11 15 16 22 41 45
8 11 15 16 23 32 39 59 63
5 11 15 16 25 29
5 11 15 16 33 54
5 11 15 16 40 44
5 11 15 16 42 46
6 11 15 16 43 47 52
5 11 15 16 58 62
8 11 15 17 23 33 39 59 63
5 11 15 17 24 28
7 11 15 17 26 30 40 44
5 11 15 17 42 46
6 11 15 17 43 47 53
5 11 15 17 58 62
6 11 15 18 21 36 48
8 11 15 18 25 29 40 44 48
6 11 15 18 38 48 53
8 11 15 18 42 46 48 57 61
7 11 15 18 43 47 48 54
5 11 15 18 48 55
5 11 15 19 20 32
5 11 15 19 21 33
8 11 15 19 22 34 41 45 53
8 11 15 19 25 29 49 56 60
6 11 15 19 26 30 50
6 11 15 19 40 44 52
6 11 15 19 42 46 54
5 11 15 19 57 61
5 11 15 19 58 62
6 11 15 20 22 41 45
5 11 15 20 33 50
5 11 15 20 35 51
5 11 15 20 42 46
5 11 15 20 43 47
5 11 15 20 57 61
5 11 15 20 58 62
5 11 15 21 43 47
5 11 15 21 58 62
6 11 15 22 32 41 45
9 11 15 22 35 41 45 51 57 61
6 11 15 22 41 45 49
6 11 15 22 41 45 50
6 11 15 22 41 45 54
6 11 15 22 41 45 55
10 11 15 23 24 28 39 40 44 59 63
10 11 15 23 26 30 39 42 46 59 63
6 11 15 24 26 28 30
5 11 15 24 28 32
5 11 15 24 28 33
5 11 15 24 28 34
8 11 15 24 28 35 36 51 52
7 11 15 24 28 37 58 62
5 11 15 24 28 38
6 11 15 24 28 43 47
5 11 15 24 28 49
5 11 15 24 28 50
5 11 15 24 28 53
5 11 15 24 28 54
5 11 15 24 28 55
6 11 15 24 28 57 61
5 11 15 25 29 32
5 11 15 25 29 33
5 11 15 25 29 34
8 11 15 25 29 35 37 51 53
5 11 15 25 29 36
6 11 15 25 29 42 46
6 11 15 25 29 43 47
5 11 15 25 29 50
5 11 15 25 29 52
5 11 15 25 29 54
5 11 15 25 29 55
6 11 15 25 29 57 61
5 11 15 26 30 32
7 11 15 26 30 34 57 61
8 11 15 26 30 35 38 51 54
5 11 15 26 30 36
6 11 15 26 30 43 47
5 11 15 26 30 49
5 11 15 26 30 53
5 11 15 26 30 55
6 11 15 26 30 58 62
6 11 15 27 31 32 52
6 11 15 27 31 33 53
6 11 15 27 31 34 54
5 11 15 27 31 36
5 11 15 27 31 37
5 11 15 27 31 49
5 11 15 27 31 50
5 11 15 32 57 61
5 11 15 32 58 62
5 11 15 33 40 44
5 11 15 33 42 46
5 11 15 33 57 61
5 11 15 33 58 62
5 11 15 34 58 62
8 11 15 35 42 46 51 58 62
5 11 15 36 57 61
5 11 15 36 58 62
6 11 15 40 42 44 46
5 11 15 40 44 49
5 11 15 40 44 53
5 11 15 40 44 54
5 11 15 40 44 55
6 11 15 40 44 57 61
6 11 15 40 44 58 62
5 11 15 42 46 49
5 11 15 42 46 50
5 11 15 42 46 52
5 11 15 42 46 53
5 11 15 42 46 55
5 11 15 43 47 49
5 11 15 43 47 50
8 11 15 43 47 56 58 60 62
6 11 15 43 47 57 61
5 11 15 49 58 62
5 11 15 50 57 61
5 11 15 55 56 60
5 11 15 55 58 62
6 11 16 17 32 33 59
5 11 16 17 36 37
5 11 16 17 44 45
6 11 16 17 47 52 53
5 11 16 17 48 49
6 11 16 18 32 34 59
5 11 16 18 36 38
5 11 16 18 40 42
5 11 16 18 44 46
6 11 16 18 47 52 54
5 11 16 18 60 62
6 11 16 20 32 36 59
5 11 16 20 33 37
5 11 16 20 34 38
6 11 16 20 47 48 52
5 11 16 20 49 53
5 11 16 20 51 55
5 11 16 21 30 44
6 11 16 21 32 37 59
5 11 16 21 38 50
5 11 16 21 47 52
5 11 16 21 48 53
6 11 16 22 32 38 59
5 11 16 22 47 52
5 11 16 22 48 54
5 11 16 23 30 42
5 11 16 23 47 52
5 11 16 23 48 55
5 11 16 25 42 50
5 11 16 25 47 52
5 11 16 25 48 57
6 11 16 26 47 52 57
5 11 16 26 48 58
5 11 16 26 49 54
6 11 16 29 32 45 59
7 11 16 29 40 46 50 57
5 11 16 29 47 52
6 11 16 30 32 46 59
5 11 16 30 47 52
5 11 16 30 48 62
5 11 16 33 47 52
5 11 16 34 47 52
6 11 16 36 47 52 63
5 11 16 36 50 53
5 11 16 38 47 52
6 11 16 39 47 52 60
5 11 16 40 47 52
5 11 16 41 47 52
5 11 16 42 47 52
5 11 16 47 51 52
5 11 16 47 52 58
6 11 17 21 30 45 56
5 11 17 21 32 36
6 11 17 21 33 37 59
6 11 17 21 42 51 55
6 11 17 21 47 49 53
5 11 17 21 48 52
5 11 17 21 50 54
8 11 17 22 31 32 42 52 57
6 11 17 22 37 46 56
5 11 17 22 39 51
5 11 17 22 47 53
5 11 17 22 48 58
6 11 17 23 28 40 46
6 11 17 23 31 43 57
7 11 17 23 47 53 56 62
5 11 17 23 49 55
5 11 17 24 31 57
6 11 17 24 33 40 59
5 11 17 24 34 58
5 11 17 24 39 46
5 11 17 24 47 53
5 11 17 24 55 62
5 11 17 26 31 57
6 11 17 26 33 42 59
5 11 17 26 43 51
5 11 17 26 49 58
6 11 17 28 33 44 59
5 11 17 28 34 62
5 11 17 28 47 53
5 11 17 28 49 60
5 11 17 30 32 60
6 11 17 30 33 46 59
6 11 17 30 47 51 53
5 11 17 30 49 62
5 11 17 31 48 57
5 11 17 31 50 57
5 11 17 31 51 57
5 11 17 32 34 49
5 11 17 32 46 61
5 11 17 32 54 63
5 11 17 34 44 61
5 11 17 36 50 63
5 11 17 37 51 54
6 11 17 39 47 53 61
5 11 17 40 47 53
5 11 17 42 47 53
5 11 17 43 56 58
5 11 17 45 51 62
5 11 17 47 48 53
5 11 17 47 50 53
5 11 17 47 53 60
5 11 18 21 28 32
6 11 18 21 29 33 56
5 11 18 21 39 42
5 11 18 21 50 53
5 11 18 21 51 57
6 11 18 22 31 42 58
5 11 18 22 32 36
6 11 18 22 34 38 59
6 11 18 22 47 50 54
5 11 18 22 49 53
5 11 18 22 51 55
5 11 18 25 33 56
5 11 18 25 50 57
6 11 18 28 34 44 59
5 11 18 28 47 54
5 11 18 28 50 60
6 11 18 29 34 45 59
5 11 18 29 47 54
5 11 18 29 50 61
6 11 18 31 32 52 58
5 11 18 31 49 58
5 11 18 31 51 58
5 11 18 32 53 60
6 11 18 33 38 46 56
8 11 18 33 39 47 54 56 62
5 11 18 33 42 56
5 11 18 33 51 56
6 11 18 33 55 56 63
5 11 18 36 47 54
5 11 18 36 49 60
6 11 18 38 47 54 63
5 11 18 38 49 62
5 11 18 40 47 54
5 11 18 42 47 54
5 11 18 47 49 54
5 11 18 47 51 54
5 11 18 47 54 60
5 11 18 47 54 61
5 11 19 20 34 41
6 11 19 20 44 51 52
5 11 19 20 45 53
5 11 19 21 44 52
6 11 19 21 45 51 53
5 11 19 21 49 56
6 11 19 22 29 44 52
6 11 19 22 37 49 56
6 11 19 22 46 51 54
9 11 19 23 30 42 45 49 53 56
6 11 19 23 44 48 52
6 11 19 23 46 50 54
5 11 19 24 44 52
5 11 19 24 45 53
5 11 19 24 46 54
5 11 19 25 44 52
6 11 19 25 45 50 53
5 11 19 25 51 57
5 11 19 26 32 33
5 11 19 26 44 52
5 11 19 26 45 53
5 11 19 26 46 54
5 11 19 26 51 58
5 11 19 29 32 42
5 11 19 29 51 61
5 11 19 30 44 52
5 11 19 30 51 62
5 11 19 32 34 41
5 11 19 32 45 53
5 11 19 32 46 54
5 11 19 33 44 52
5 11 19 33 46 54
6 11 19 34 41 44 52
5 11 19 34 41 48
6 11 19 34 41 50 57
5 11 19 34 41 51
5 11 19 34 41 60
5 11 19 34 41 61
5 11 19 34 41 62
5 11 19 34 41 63
6 11 19 36 44 52 60
5 11 19 37 44 52
6 11 19 37 45 53 61
5 11 19 38 44 52
5 11 19 38 45 53
6 11 19 38 46 54 62
5 11 19 38 49 56
5 11 19 39 44 52
7 11 19 39 46 49 54 56
5 11 19 40 46 54
5 11 19 42 44 52
6 11 19 43 49 56 58
6 11 19 44 45 52 53
6 11 19 44 46 52 54
5 11 19 44 52 57
5 11 19 44 52 58
5 11 19 44 52 63
5 11 19 45 48 53
5 11 19 45 53 60
5 11 19 45 53 62
5 11 19 46 48 54
5 11 19 46 54 61
5 11 19 46 54 63
5 11 19 49 56 63
6 11 20 21 36 37 59
5 11 20 21 38 54
6 11 20 21 42 60 61
5 11 20 21 44 45
5 11 20 21 48 49
5 11 20 21 52 53
6 11 20 22 31 40 42
6 11 20 22 36 38 59
5 11 20 22 44 46
5 11 20 22 48 50
5 11 20 22 52 54
5 11 20 22 60 62
5 11 20 25 31 40
7 11 20 25 32 42 49 54
5 11 20 25 33 38
5 11 20 25 35 37
5 11 20 25 45 60
5 11 20 25 52 57
5 11 20 26 31 40
5 11 20 26 32 50
5 11 20 26 35 38
6 11 20 26 36 42 59
5 11 20 26 46 60
5 11 20 26 52 58
6 11 20 28 35 52 60
6 11 20 28 36 44 59
5 11 20 28 37 45
5 11 20 28 38 46
5 11 20 28 39 47
5 11 20 28 53 61
5 11 20 28 54 62
5 11 20 28 55 63
6 11 20 31 33 40 53
5 11 20 31 37 40
5 11 20 31 38 40
5 11 20 31 39 40
5 11 20 31 40 48
5 11 20 31 40 49
5 11 20 31 40 50
5 11 20 31 40 51
5 11 20 32 41 53
5 11 20 35 45 57
5 11 20 35 46 58
5 11 20 37 57 60
5 11 20 38 58 60
5 11 20 41 49 55
5 11 20 42 57 63
5 11 20 44 54 61
5 11 21 24 33 48
6 11 21 24 37 40 59
7 11 21 24 38 44 58 61
5 11 21 24 54 60
6 11 21 28 37 44 59
5 11 21 28 38 62
5 11 21 28 53 60
5 11 21 29 36 44
6 11 21 29 37 45 59
5 11 21 29 39 47
5 11 21 29 52 60
5 11 21 29 54 62
5 11 21 29 55 63
5 11 21 30 36 60
5 11 21 30 53 62
5 11 21 32 38 49
6 11 21 32 42 48 58
5 11 21 33 40 52
5 11 21 33 42 54
5 11 21 36 38 53
5 11 21 36 42 57
5 11 21 38 40 57
5 11 21 39 54 56
6 11 21 42 47 56 62
6 11 21 43 56 58 63
5 11 21 45 55 62
5 11 22 24 34 48
5 11 22 24 35 36
6 11 22 24 38 40 59
5 11 22 24 44 62
5 11 22 28 35 52
5 11 22 28 54 60
5 11 22 28 58 61
6 11 22 29 34 37 56
5 11 22 29 35 53
5 11 22 29 54 61
6 11 22 30 35 54 62
5 11 22 30 36 44
6 11 22 30 38 46 59
5 11 22 30 39 47
5 11 22 30 53 61
5 11 22 30 55 63
5 11 22 31 36 42
5 11 22 31 39 42
5 11 22 31 42 48
5 11 22 31 42 49
5 11 22 31 42 50
5 11 22 31 42 51
5 11 22 35 46 58
5 11 22 37 51 56
5 11 22 37 55 56
5 11 22 37 56 63
5 11 22 43 57 60
5 11 23 24 25 34
5 11 23 24 26 33
5 11 23 24 31 43
5 11 23 25 28 40
5 11 23 25 31 43
5 11 23 25 53 56
5 11 23 25 55 57
5 11 23 26 28 40
5 11 23 26 31 43
5 11 23 26 45 54
5 11 23 26 51 57
5 11 23 26 55 58
7 11 23 28 30 33 40 42
5 11 23 28 40 47
5 11 23 28 40 48
5 11 23 28 40 49
5 11 23 28 40 50
5 11 23 28 40 51
6 11 23 28 40 55 60
5 11 23 28 40 61
5 11 23 30 32 42
5 11 23 30 42 44
5 11 23 30 42 47
5 11 23 30 42 48
5 11 23 30 42 50
5 11 23 30 42 51
5 11 23 30 42 52
6 11 23 30 42 55 62
6 11 23 30 42 57 60
5 11 23 30 42 58
5 11 23 31 43 48
5 11 23 31 43 49
5 11 23 31 43 50
5 11 23 33 44 46
5 11 23 33 48 50
5 11 23 33 52 54
5 11 23 33 60 62
5 11 23 34 44 45
5 11 23 34 60 61
5 11 23 45 50 60
5 11 23 46 49 60
5 11 23 51 53 56
5 11 24 25 32 33
6 11 24 25 35 36 37
6 11 24 25 38 48 49
5 11 24 25 44 45
5 11 24 25 52 53
5 11 24 25 60 61
5 11 24 26 32 34
6 11 24 26 35 36 38
5 11 24 26 44 46
5 11 24 26 48 50
5 11 24 26 52 54
5 11 24 26 60 62
5 11 24 30 32 57
5 11 24 30 33 39
6 11 24 30 35 36 54
6 11 24 30 40 46 59
5 11 24 30 49 55
5 11 24 31 32 52
5 11 24 31 33 53
5 11 24 31 34 54
5 11 24 32 49 58
5 11 24 35 36 60
5 11 24 35 36 62
5 11 24 35 36 63
5 11 24 37 44 57
5 11 24 38 57 63
5 11 24 43 48 55
5 11 24 43 50 53
5 11 24 46 55 57
6 11 25 28 35 37 52
5 11 25 28 42 62
5 11 25 28 57 60
5 11 25 31 32 52
5 11 25 31 33 53
5 11 25 35 37 40
6 11 25 35 37 45 57
5 11 25 35 37 60
5 11 25 35 37 61
5 11 25 35 37 62
5 11 25 35 37 63
5 11 25 36 42 53
5 11 25 38 40 53
6 11 25 38 44 54 60
5 11 25 39 54 56
5 11 25 40 46 61
5 11 25 42 44 61
5 11 25 43 49 55
5 11 25 43 51 54
5 11 25 47 56 62
6 11 26 28 35 38 52
6 11 26 28 42 44 59
5 11 26 28 58 60
5 11 26 29 32 36
5 11 26 29 37 40
6 11 26 29 42 45 59
5 11 26 29 43 63
5 11 26 29 54 60
5 11 26 29 58 61
5 11 26 31 32 52
5 11 26 31 33 53
5 11 26 31 34 54
5 11 26 35 38 40
6 11 26 35 38 45 57
6 11 26 35 38 46 58
5 11 26 35 38 60
5 11 26 35 38 61
5 11 26 35 38 62
5 11 26 35 38 63
5 11 26 37 46 57
5 11 26 39 57 60
5 11 26 43 48 53
5 11 26 44 55 57
5 11 26 46 49 53
5 11 27 32 37 54
5 11 27 34 49 58
5 11 27 35 39 40
7 11 27 35 39 46 58 61
5 11 27 35 39 60
5 11 27 35 39 62
5 11 27 36 48 55
5 11 27 37 40 46
5 11 27 37 49 55
5 11 27 37 58 63
5 11 27 40 50 53
5 11 27 40 51 52
5 11 27 45 55 58
5 11 27 55 56 57
5 11 27 56 57 63
5 11 28 29 32 33
7 11 28 29 35 42 52 53
5 11 28 29 36 37
6 11 28 29 44 45 59
5 11 28 29 46 62
5 11 28 29 48 49
5 11 28 29 60 61
5 11 28 30 32 34
6 11 28 30 35 52 54
5 11 28 30 36 38
6 11 28 30 44 46 59
5 11 28 30 48 50
5 11 28 30 60 62
5 11 28 35 41 52
6 11 28 35 45 52 57
6 11 28 35 46 52 58
5 11 28 35 52 63
5 11 28 36 53 62
5 11 28 42 55 57
5 11 29 32 46 49
5 11 29 33 50 63
5 11 29 34 44 49
5 11 29 35 53 60
5 11 29 35 53 62
5 11 29 36 51 62
5 11 29 37 54 63
6 11 29 39 42 54 56
5 11 29 40 47 51
5 11 29 42 44 57
6 11 29 43 55 56 58
5 11 29 44 46 61
5 11 29 44 51 54
5 11 29 47 56 62
5 11 30 33 47 50
6 11 30 34 38 45 56
5 11 30 34 49 60
5 11 30 35 54 60
5 11 30 35 54 63
5 11 30 36 48 61
5 11 30 38 50 61
5 11 30 38 53 60
5 11 30 39 51 61
5 11 30 40 47 48
5 11 30 40 49 58
5 11 30 43 52 57
5 11 30 44 48 53
6 11 30 45 51 55 56
5 11 30 45 56 63
6 11 31 32 33 52 53
6 11 31 32 34 52 54
6 11 31 32 36 48 52
5 11 31 32 37 52
5 11 31 32 38 52
5 11 31 32 39 52
5 11 31 32 51 52
6 11 31 33 37 49 53
5 11 31 33 38 53
5 11 31 33 39 53
5 11 31 33 48 53
5 11 31 33 50 53
5 11 31 33 51 53
6 11 31 34 38 50 54
5 11 31 34 48 54
5 11 31 34 49 54
5 11 31 34 51 54
5 11 32 33 48 49
5 11 32 33 60 61
5 11 32 34 48 50
5 11 32 34 60 62
5 11 32 36 49 53
5 11 32 36 50 54
5 11 32 36 51 55
5 11 32 37 48 53
5 11 32 38 48 54
5 11 32 39 46 53
5 11 32 39 48 55
5 11 32 45 48 61
5 11 32 46 48 62
5 11 33 37 50 54
5 11 33 37 51 55
5 11 33 38 48 58
5 11 33 38 52 57
5 11 33 39 49 55
5 11 33 40 55 62
5 11 33 42 49 58
5 11 33 44 49 60
5 11 33 46 49 62
5 11 33 47 49 63
5 11 34 37 50 53
5 11 34 37 51 57
5 11 34 38 48 52
5 11 34 38 49 53
5 11 34 38 51 55
5 11 34 45 50 61
5 11 34 47 50 63
5 11 35 40 46 58
5 11 35 42 45 57
5 11 35 45 57 60
5 11 35 45 57 63
5 11 35 46 58 60
5 11 35 46 58 63
5 11 36 37 48 49
5 11 36 37 52 53
5 11 36 37 60 61
5 11 36 38 48 50
5 11 36 38 52 54
5 11 36 38 60 62
5 11 36 41 49 54
5 11 36 42 52 58
5 11 36 44 53 61
5 11 36 44 54 62
5 11 36 44 55 63
5 11 36 47 58 61
5 11 37 40 54 60
5 11 37 40 58 61
5 11 37 44 53 60
5 11 37 45 54 62
5 11 37 45 55 63
5 11 37 46 53 62
5 11 38 45 54 61
5 11 38 46 52 60
5 11 38 46 53 61
5 11 38 46 55 63
5 11 38 47 56 62
6 11 39 40 41 52 53
5 11 39 41 48 50
5 11 39 41 55 57
5 11 39 42 50 53
5 11 39 42 51 57
5 11 39 42 55 58
5 11 39 44 55 60
5 11 39 46 55 62
5 11 39 51 54 56
6 11 40 41 47 60 61
5 11 40 42 48 50
5 11 40 42 52 54
5 11 40 42 60 62
5 11 40 46 49 55
5 11 42 44 58 60
5 11 42 45 54 60
5 11 42 45 58 61
5 11 43 51 56 58
5 11 44 45 48 49
5 11 44 45 60 61
5 11 44 46 60 62
5 11 47 51 56 62
5 12 13 16 17 23
6 12 13 16 17 24 25
10 12 13 16 17 30 32 33 46 60 61
8 12 13 16 17 34 47 50 63
5 12 13 16 17 35
7 12 13 16 17 38 56 57
5 12 13 16 17 39
5 12 13 16 17 42
5 12 13 16 17 43
6 12 13 16 17 44 45
6 12 13 16 17 52 53
5 12 13 16 17 54
5 12 13 16 17 55
5 12 13 16 17 58
5 12 13 16 17 59
5 12 13 16 17 62
6 12 13 18 26 36 37
5 12 13 18 31 35
5 12 13 18 39 59
5 12 13 18 40 41
5 12 13 18 44 45
5 12 13 18 47 63
5 12 13 18 52 53
5 12 13 18 56 57
5 12 13 19 20 21
6 12 13 19 26 36 37
6 12 13 19 27 51 59
8 12 13 19 30 35 46 60 61
5 12 13 19 32 33
5 12 13 19 39 58
5 12 13 19 40 41
6 12 13 19 44 45 50
5 12 13 19 56 57
8 12 13 20 21 27 32 33 51
8 12 13 20 21 31 48 49 55
5 12 13 20 21 34
5 12 13 20 21 35
8 12 13 20 21 38 47 54 63
5 12 13 20 21 39
6 12 13 20 21 40 41
5 12 13 20 21 43
6 12 13 20 21 44 45
5 12 13 20 21 50
6 12 13 20 21 52 53
5 12 13 20 21 58
5 12 13 20 21 59
5 12 13 20 21 62
6 12 13 22 27 34 51
5 12 13 22 31 39
5 12 13 22 44 45
5 12 13 22 56 57
7 12 13 23 24 25 32 33
8 12 13 23 30 39 46 60 61
5 12 13 23 40 41
6 12 13 23 44 45 54
5 12 13 23 56 57
10 12 13 24 25 30 40 41 46 60 61
6 12 13 24 25 31 59
5 12 13 24 25 34
5 12 13 24 25 35
8 12 13 24 25 42 47 58 63
7 12 13 24 25 43 52 53
6 12 13 24 25 44 45
5 12 13 24 25 54
5 12 13 24 25 55
6 12 13 24 25 56 57
5 12 13 24 25 62
8 12 13 26 31 36 37 43 54
6 12 13 26 35 36 37
9 12 13 26 36 37 47 52 53 63
6 12 13 26 36 37 55
6 12 13 26 36 37 58
6 12 13 26 36 37 59
6 12 13 26 36 37 62
8 12 13 27 40 41 51 52 53
6 12 13 27 42 51 54
7 12 13 27 44 45 51 58
5 12 13 27 51 62
5 12 13 28 29 34
6 12 13 28 29 35 50
5 12 13 28 29 38
6 12 13 28 29 39 54
6 12 13 28 29 43 58
5 12 13 28 29 55
5 12 13 28 29 59
6 12 13 31 32 33 50
6 12 13 31 40 41 58
5 12 13 31 52 53
5 12 13 31 56 57
5 12 13 32 33 39
6 12 13 32 33 40 41
6 12 13 32 33 52 53
5 12 13 32 33 54
5 12 13 32 33 55
6 12 13 32 33 56 57
5 12 13 32 33 58
5 12 13 32 33 62
5 12 13 34 52 53
5 12 13 34 56 57
5 12 13 35 52 53
5 12 13 35 56 57
5 12 13 39 40 41
5 12 13 39 52 53
5 12 13 39 56 57
8 12 13 40 41 47 56 57 63
5 12 13 40 41 50
5 12 13 40 41 54
5 12 13 40 41 55
5 12 13 40 41 59
5 12 13 40 41 62
5 12 13 43 56 57
8 12 13 44 45 48 49 56 57
6 12 13 44 45 52 53
5 12 13 44 45 55
5 12 13 44 45 59
5 12 13 48 49 62
5 12 13 52 53 59
5 12 13 55 56 57
5 12 13 56 57 62
6 12 14 16 18 20 22
5 12 14 16 18 21
5 12 14 16 18 25
7 12 14 16 18 27 56 58
5 12 14 16 18 29
8 12 14 16 18 32 34 60 62
5 12 14 16 18 35
5 12 14 16 18 37
5 12 14 16 18 39
5 12 14 16 18 41
5 12 14 16 18 43
5 12 14 16 18 45
6 12 14 16 18 47 49
6 12 14 16 18 52 54
5 12 14 16 18 53
5 12 14 16 18 57
5 12 14 16 18 59
5 12 14 16 18 61
8 12 14 17 31 32 34 49 63
6 12 14 17 36 38 45
5 12 14 17 39 59
5 12 14 17 40 42
5 12 14 17 44 46
5 12 14 17 56 58
5 12 14 19 20 22
5 12 14 19 24 26
6 12 14 19 29 32 34
6 12 14 19 35 60 62
5 12 14 19 36 38
5 12 14 19 39 57
5 12 14 19 40 42
6 12 14 19 44 46 49
5 12 14 19 52 54
5 12 14 19 56 58
5 12 14 20 22 29
8 12 14 20 22 31 52 54 63
6 12 14 20 22 32 34
6 12 14 20 22 33 51
5 12 14 20 22 35
5 12 14 20 22 39
6 12 14 20 22 40 42
5 12 14 20 22 43
5 12 14 20 22 45
6 12 14 20 22 47 53
6 12 14 20 22 48 50
5 12 14 20 22 49
5 12 14 20 22 55
5 12 14 20 22 57
5 12 14 20 22 59
5 12 14 20 22 61
5 12 14 21 27 55
5 12 14 21 32 34
6 12 14 21 37 60 62
5 12 14 21 48 50
5 12 14 21 52 54
5 12 14 21 56 58
5 12 14 23 24 26
6 12 14 23 39 60 62
5 12 14 23 40 42
5 12 14 23 52 54
5 12 14 23 56 58
8 12 14 24 26 31 56 58 63
6 12 14 24 26 32 34
5 12 14 24 26 33
5 12 14 24 26 35
8 12 14 24 26 40 42 60 62
5 12 14 24 26 43
5 12 14 24 26 45
6 12 14 24 26 47 57
6 12 14 24 26 52 54
5 12 14 24 26 53
5 12 14 24 26 55
5 12 14 24 26 59
5 12 14 24 26 61
8 12 14 25 31 40 42 57 63
5 12 14 25 32 34
6 12 14 25 41 60 62
5 12 14 25 44 46
5 12 14 25 52 54
5 12 14 25 56 58
6 12 14 27 29 40 42
5 12 14 27 35 41
6 12 14 28 30 32 34
5 12 14 28 30 33
6 12 14 28 30 35 49
5 12 14 28 30 37
6 12 14 28 30 39 53
7 12 14 28 30 43 51 57
8 12 14 28 30 48 50 52 54
5 12 14 28 30 55
6 12 14 28 30 56 58
5 12 14 28 30 59
5 12 14 29 43 55
6 12 14 29 48 50 53
5 12 14 29 52 54
5 12 14 29 56 58
5 12 14 31 33 63
5 12 14 31 37 63
5 12 14 31 41 63
6 12 14 32 34 36 38
5 12 14 32 34 37
5 12 14 32 34 41
5 12 14 32 34 43
5 12 14 32 34 45
5 12 14 32 34 51
6 12 14 32 34 52 54
5 12 14 32 34 55
6 12 14 32 34 56 58
5 12 14 32 34 59
5 12 14 32 34 61
5 12 14 33 56 58
5 12 14 35 36 38
5 12 14 35 40 42
5 12 14 35 52 54
5 12 14 36 38 47
6 12 14 36 38 52 54
5 12 14 36 38 55
5 12 14 36 38 59
5 12 14 36 38 61
5 12 14 37 52 54
5 12 14 37 56 58
5 12 14 39 40 42
5 12 14 39 56 58
5 12 14 40 42 47
6 12 14 40 42 48 50
5 12 14 40 42 49
6 12 14 40 42 51 53
6 12 14 40 42 52 54
5 12 14 40 42 55
6 12 14 40 42 56 58
5 12 14 40 42 59
5 12 14 40 42 61
5 12 14 41 48 50
5 12 14 41 52 54
5 12 14 41 56 58
6 12 14 44 46 51 55
5 12 14 44 46 59
6 12 14 45 48 50 57
6 12 14 45 51 56 58
5 12 14 45 52 54
6 12 14 47 48 50 59
5 12 14 47 52 54
5 12 14 47 56 58
5 12 14 48 50 61
5 12 14 51 52 54
5 12 14 52 54 61
5 12 14 55 56 58
8 12 15 16 19 20 23 25 26
6 12 15 16 19 21 22
6 12 15 16 19 24 27
6 12 15 16 19 29 30
6 12 15 16 19 37 38
6 12 15 16 19 41 42
6 12 15 16 19 44 47
6 12 15 16 19 52 55
6 12 15 16 19 53 54
6 12 15 16 19 56 59
6 12 15 16 19 57 58
6 12 15 16 19 61 62
6 12 15 17 18 21 22
6 12 15 17 18 25 26
8 12 15 17 18 33 34 60 63
6 12 15 17 18 37 38
6 12 15 17 18 40 43
6 12 15 17 18 41 42
6 12 15 17 18 49 50
6 12 15 17 18 52 55
6 12 15 17 18 53 54
6 12 15 17 18 56 59
6 12 15 17 18 61 62
6 12 15 20 23 32 35
6 12 15 20 23 40 43
6 12 15 20 23 44 47
6 12 15 20 23 49 50
6 12 15 20 23 52 55
6 12 15 20 23 57 58
6 12 15 20 23 61 62
6 12 15 21 22 32 35
6 12 15 21 22 33 34
8 12 15 21 22 37 38 60 63
8 12 15 21 22 40 43 61 62
6 12 15 21 22 44 47
6 12 15 21 22 48 51
6 12 15 21 22 49 50
6 12 15 21 22 53 54
6 12 15 21 22 56 59
6 12 15 21 22 57 58
6 12 15 24 27 32 35
6 12 15 24 27 33 34
6 12 15 24 27 44 47
6 12 15 24 27 52 55
6 12 15 24 27 53 54
6 12 15 24 27 56 59
6 12 15 24 27 61 62
6 12 15 25 26 32 35
6 12 15 25 26 33 34
8 12 15 25 26 40 43 56 59
8 12 15 25 26 41 42 60 63
6 12 15 25 26 44 47
6 12 15 25 26 52 55
6 12 15 25 26 53 54
6 12 15 25 26 57 58
6 12 15 25 26 61 62
8 12 15 28 31 32 35 45 46
12 12 15 28 31 45 46 48 51 52 55 57 58
8 12 15 28 31 45 46 49 50
8 12 15 28 31 45 46 53 54
8 12 15 28 31 45 46 56 59
10 12 15 29 30 32 35 36 39 41 42
6 12 15 29 30 33 34
6 12 15 29 30 37 38
10 12 15 29 30 40 43 48 51 53 54
6 12 15 29 30 49 50
6 12 15 29 30 52 55
6 12 15 29 30 56 59
6 12 15 29 30 57 58
6 12 15 32 35 37 38
6 12 15 32 35 40 43
6 12 15 32 35 52 55
6 12 15 32 35 53 54
6 12 15 32 35 56 59
6 12 15 32 35 57 58
6 12 15 32 35 61 62
6 12 15 33 34 37 38
6 12 15 33 34 41 42
6 12 15 33 34 49 50
6 12 15 33 34 52 55
6 12 15 33 34 53 54
6 12 15 33 34 56 59
6 12 15 33 34 57 58
6 12 15 33 34 61 62
6 12 15 36 39 61 62
6 12 15 37 38 52 55
6 12 15 37 38 53 54
6 12 15 37 38 56 59
6 12 15 37 38 57 58
6 12 15 37 38 61 62
6 12 15 40 43 49 50
6 12 15 40 43 52 55
6 12 15 41 42 48 51
6 12 15 41 42 49 50
6 12 15 41 42 52 55
6 12 15 41 42 53 54
6 12 15 41 42 56 59
6 12 15 41 42 57 58
6 12 15 41 42 61 62
8 12 15 44 47 48 51 56 59
6 12 15 44 47 49 50
6 12 15 44 47 52 55
6 12 15 44 47 53 54
6 12 15 48 51 61 62
6 12 15 49 50 53 54
6 12 15 49 50 57 58
5 12 16 20 29 42
5 12 16 20 30 31
8 12 16 20 33 37 46 51 55
5 12 16 20 34 38
5 12 16 20 35 39
7 12 16 20 41 50 54 63
5 12 16 20 49 53
6 12 16 21 30 43 51
6 12 16 21 32 37 60
6 12 16 21 38 50 63
5 12 16 21 41 56
6 12 16 22 32 38 60
5 12 16 22 42 56
5 12 16 22 50 63
5 12 16 23 30 41
6 12 16 23 32 39 60
5 12 16 23 33 46
5 12 16 23 34 52
5 12 16 23 43 56
6 12 16 24 29 31 38
6 12 16 24 33 41 46
5 12 16 24 34 42
5 12 16 24 35 43
5 12 16 24 49 57
6 12 16 24 50 58 63
5 12 16 24 51 59
5 12 16 25 30 39
6 12 16 25 32 41 60
5 12 16 25 33 46
6 12 16 25 42 50 63
5 12 16 26 34 51
5 12 16 26 49 54
5 12 16 26 52 57
6 12 16 27 32 43 60
5 12 16 27 33 46
6 12 16 29 32 45 60
5 12 16 29 34 35
6 12 16 31 32 47 60
5 12 16 31 37 42
6 12 16 31 44 53 58
5 12 16 31 49 59
5 12 16 31 52 62
5 12 16 33 35 46
5 12 16 33 46 47
6 12 16 33 46 49 62
5 12 16 33 46 57
5 12 16 33 46 59
5 12 16 34 54 56
5 12 16 35 55 56
5 12 16 37 50 63
5 12 16 43 54 61
6 12 16 44 50 61 63
5 12 16 45 50 63
5 12 16 45 51 58
5 12 16 45 54 59
5 12 16 49 51 56
5 12 16 50 52 63
5 12 17 19 21 23
5 12 17 19 24 38
5 12 17 19 25 27
6 12 17 19 33 35 60
5 12 17 19 37 39
5 12 17 19 41 43
5 12 17 19 45 47
5 12 17 19 53 55
5 12 17 19 57 59
5 12 17 21 26 27
6 12 17 21 33 37 60
5 12 17 21 35 39
5 12 17 21 41 57
5 12 17 21 49 53
5 12 17 21 50 54
7 12 17 22 32 42 52 57
6 12 17 22 33 38 60
5 12 17 22 34 63
5 12 17 22 49 54
6 12 17 23 33 39 60
5 12 17 23 40 46
5 12 17 23 43 57
5 12 17 23 49 55
5 12 17 23 56 62
6 12 17 24 33 40 60
6 12 17 24 34 58 63
6 12 17 24 39 41 46
5 12 17 24 49 56
5 12 17 24 55 62
5 12 17 25 32 40
6 12 17 25 33 41 60
5 12 17 25 35 43
5 12 17 25 49 57
5 12 17 25 50 58
5 12 17 26 32 56
6 12 17 26 33 42 60
5 12 17 26 34 63
5 12 17 26 49 58
5 12 17 27 32 47
5 12 17 27 36 46
5 12 17 27 40 45
5 12 17 27 49 59
5 12 17 27 50 55
5 12 17 27 53 58
5 12 17 27 56 61
5 12 17 30 34 63
5 12 17 30 36 42
5 12 17 30 49 62
6 12 17 31 33 47 60
5 12 17 31 36 43
5 12 17 32 38 53
6 12 17 34 36 53 63
5 12 17 34 37 63
5 12 17 34 41 63
5 12 17 34 45 63
5 12 17 35 55 57
5 12 17 36 54 61
5 12 17 44 54 59
5 12 17 47 54 56
5 12 18 19 22 23
5 12 18 19 26 27
5 12 18 19 33 49
6 12 18 19 34 35 60
5 12 18 19 38 39
5 12 18 19 42 43
5 12 18 19 54 55
5 12 18 20 31 41
5 12 18 20 40 58
5 12 18 20 43 45
5 12 18 20 50 52
5 12 18 20 54 63
5 12 18 20 59 61
5 12 18 21 23 26
6 12 18 21 34 37 60
7 12 18 21 35 41 55 58
5 12 18 21 38 63
5 12 18 21 50 53
5 12 18 22 33 37
6 12 18 22 34 38 60
5 12 18 22 35 39
5 12 18 22 49 53
5 12 18 22 50 54
5 12 18 23 32 47
7 12 18 23 33 43 53 58
6 12 18 23 34 39 60
5 12 18 23 37 42
5 12 18 23 40 45
5 12 18 23 49 59
5 12 18 23 52 62
5 12 18 23 56 61
6 12 18 25 34 41 60
5 12 18 25 35 59
5 12 18 25 42 63
5 12 18 25 50 57
5 12 18 26 32 40
5 12 18 26 33 41
6 12 18 26 34 42 60
5 12 18 26 35 43
5 12 18 26 49 57
5 12 18 26 50 58
5 12 18 27 33 57
6 12 18 27 34 43 60
5 12 18 27 36 45
5 12 18 27 50 59
5 12 18 27 52 61
6 12 18 29 34 45 60
5 12 18 29 36 41
5 12 18 29 50 61
5 12 18 31 33 61
6 12 18 31 34 47 60
5 12 18 31 36 43
5 12 18 31 39 62
5 12 18 32 49 63
5 12 18 32 52 58
5 12 18 33 35 50
5 12 18 33 39 54
5 12 18 33 47 62
5 12 18 35 37 54
5 12 18 35 45 62
5 12 18 36 53 63
5 12 18 40 57 63
5 12 18 44 61 63
6 12 19 20 33 51 52
5 12 19 20 34 55
5 12 19 20 37 46
5 12 19 20 40 59
6 12 19 21 35 37 60
6 12 19 21 40 51 53
5 12 19 21 41 59
5 12 19 22 24 33
5 12 19 22 29 43
5 12 19 22 37 49
5 12 19 22 42 59
5 12 19 23 33 37
5 12 19 23 34 38
6 12 19 23 35 39 60
5 12 19 23 43 59
5 12 19 23 50 54
6 12 19 24 35 40 60
5 12 19 24 41 46
5 12 19 24 51 56
5 12 19 25 50 53
5 12 19 25 55 58
6 12 19 26 35 42 60
5 12 19 26 41 49
6 12 19 26 45 51 58
5 12 19 27 29 38
5 12 19 27 32 40
5 12 19 27 33 41
5 12 19 27 34 42
6 12 19 27 35 43 60
5 12 19 27 49 57
5 12 19 27 50 58
6 12 19 29 35 45 60
5 12 19 29 36 41
5 12 19 29 51 61
5 12 19 30 36 42
5 12 19 30 39 50
6 12 19 30 43 51 62
5 12 19 30 45 49
5 12 19 32 52 59
5 12 19 33 53 59
5 12 19 34 54 59
5 12 19 39 49 54
5 12 19 40 54 61
5 12 19 43 49 58
5 12 19 45 54 56
5 12 19 47 49 62
5 12 20 25 31 34
8 12 20 25 32 42 49 54 63
7 12 20 25 37 46 48 58
5 12 20 25 52 57
6 12 20 26 31 33 51
5 12 20 26 32 50
5 12 20 26 38 48
5 12 20 26 52 58
5 12 20 26 54 63
5 12 20 27 37 46
5 12 20 27 39 48
5 12 20 27 52 59
5 12 20 29 33 51
5 12 20 29 34 43
5 12 20 29 38 39
5 12 20 29 48 53
5 12 20 29 50 59
5 12 20 29 52 61
5 12 20 30 32 47
5 12 20 30 34 39
6 12 20 30 48 54 63
5 12 20 30 49 59
5 12 20 30 50 55
5 12 20 30 52 62
5 12 20 30 53 58
5 12 20 32 37 46
5 12 20 32 41 53
5 12 20 32 43 55
5 12 20 33 39 51
6 12 20 33 40 51 53
6 12 20 33 41 51 59
6 12 20 33 42 47 51
5 12 20 33 51 61
5 12 20 33 51 62
5 12 20 35 40 55
5 12 20 37 39 46
5 12 20 37 46 49
5 12 20 37 46 50
5 12 20 37 46 52
6 12 20 37 46 53 62
5 12 20 37 46 59
6 12 20 44 54 61 63
5 12 20 44 57 62
5 12 20 45 48 57
5 12 20 47 48 59
5 12 21 23 33 35
6 12 21 23 37 39 60
5 12 21 23 41 43
5 12 21 23 45 47
5 12 21 23 53 55
5 12 21 23 57 59
5 12 21 26 32 47
7 12 21 26 33 43 50 55
5 12 21 26 34 39
6 12 21 26 38 48 63
5 12 21 26 40 45
5 12 21 26 49 59
5 12 21 26 52 62
5 12 21 26 53 58
6 12 21 27 37 43 60
5 12 21 27 39 48
5 12 21 27 47 61
5 12 21 27 53 59
5 12 21 30 38 63
5 12 21 30 47 55
5 12 21 30 48 54
5 12 21 30 53 62
5 12 21 31 39 51
5 12 21 31 54 59
5 12 21 31 57 62
6 12 21 32 38 49 63
5 12 21 32 41 52
5 12 21 33 38 63
5 12 21 33 40 52
5 12 21 33 41 53
5 12 21 34 41 54
6 12 21 38 40 57 63
5 12 21 38 45 63
5 12 21 38 52 63
5 12 21 38 56 63
5 12 21 39 59 61
5 12 21 44 48 56
5 12 21 44 55 57
5 12 21 45 48 57
5 12 21 45 55 62
5 12 21 47 48 59
5 12 21 51 54 61
5 12 22 23 34 35
6 12 22 23 38 39 60
5 12 22 23 42 43
5 12 22 23 54 55
5 12 22 23 58 59
6 12 22 24 38 40 60
5 12 22 24 44 62
5 12 22 24 51 52
5 12 22 24 54 56
5 12 22 24 58 63
7 12 22 27 37 47 57 62
6 12 22 27 38 43 60
5 12 22 27 39 48
5 12 22 27 54 59
6 12 22 29 38 45 60
5 12 22 29 44 52
5 12 22 29 48 53
5 12 22 29 51 62
5 12 22 29 54 61
5 12 22 31 37 61
6 12 22 31 38 47 60
5 12 22 31 48 55
5 12 22 33 39 50
5 12 22 33 42 53
5 12 22 34 42 54
5 12 22 34 43 55
5 12 22 35 37 50
5 12 22 35 42 55
5 12 22 37 39 54
5 12 22 37 43 58
5 12 22 44 48 56
5 12 22 44 61 63
6 12 23 24 39 40 60
5 12 23 24 41 46
5 12 23 24 55 56
5 12 23 25 35 49
5 12 23 25 37 48
6 12 23 25 39 41 60
5 12 23 25 55 57
7 12 23 26 35 41 50 53
5 12 23 26 38 48
6 12 23 26 39 42 60
5 12 23 26 55 58
5 12 23 30 33 40
5 12 23 30 45 53
5 12 23 30 48 54
5 12 23 30 49 56
5 12 23 30 55 62
5 12 23 32 43 52
5 12 23 34 43 54
5 12 23 35 40 52
5 12 23 35 42 54
5 12 23 35 43 55
5 12 23 44 48 56
5 12 23 45 48 57
5 12 23 46 48 58
5 12 23 47 48 59
5 12 23 47 53 62
5 12 24 29 32 47
7 12 24 29 33 37 42 43
5 12 24 29 34 39
6 12 24 29 40 45 60
5 12 24 29 49 59
5 12 24 29 50 55
5 12 24 29 52 62
5 12 24 29 56 61
5 12 24 30 31 37
5 12 24 30 33 39
5 12 24 30 34 38
5 12 24 30 43 51
5 12 24 30 49 55
5 12 24 30 56 62
5 12 24 30 58 63
5 12 24 31 35 39
6 12 24 31 40 47 60
5 12 24 32 41 46
5 12 24 32 42 51
6 12 24 32 49 58 63
5 12 24 32 53 62
5 12 24 33 35 38
5 12 24 35 54 61
5 12 24 38 45 47
5 12 24 38 53 55
5 12 24 38 57 59
5 12 24 41 46 49
5 12 24 41 46 50
6 12 24 41 46 51 55
5 12 24 41 46 52
6 12 24 41 46 54 59
5 12 24 41 46 56
6 12 24 41 46 57 62
5 12 24 42 53 59
5 12 24 44 50 53
5 12 24 47 49 54
5 12 24 52 58 63
5 12 25 27 33 35
6 12 25 27 41 43 60
5 12 25 27 45 47
5 12 25 27 53 55
5 12 25 27 57 59
7 12 25 30 36 42 53 63
8 12 25 30 37 47 48 54 59
5 12 25 30 57 62
5 12 25 31 36 43
6 12 25 31 37 48 55
6 12 25 31 41 47 60
5 12 25 33 42 63
5 12 25 33 50 59
6 12 25 36 46 52 62
6 12 25 37 42 48 63
5 12 25 37 43 48
5 12 25 37 48 61
5 12 25 37 48 62
5 12 25 42 52 63
5 12 25 42 56 63
5 12 25 43 49 55
5 12 26 27 34 35
5 12 26 27 41 57
6 12 26 27 42 43 60
5 12 26 27 54 55
5 12 26 27 58 59
6 12 26 31 38 48 55
5 12 26 31 41 61
6 12 26 31 42 47 60
5 12 26 32 49 63
5 12 26 34 49 56
5 12 26 38 40 48
5 12 26 38 43 48
6 12 26 38 45 48 57
6 12 26 38 47 48 59
5 12 26 38 48 61
5 12 26 38 48 62
5 12 26 39 41 54
5 12 26 40 50 52
5 12 26 40 57 63
5 12 26 41 43 58
5 12 26 41 47 62
5 12 26 43 45 62
5 12 26 44 50 57
5 12 26 44 61 63
5 12 26 51 54 56
6 12 27 29 34 36 41
6 12 27 29 39 48 53
6 12 27 29 43 45 60
5 12 27 29 50 52
5 12 27 29 59 61
5 12 27 32 54 61
5 12 27 35 50 57
5 12 27 38 47 58
5 12 27 39 40 48
5 12 27 39 41 48
5 12 27 39 42 48
6 12 27 39 46 48 58
5 12 27 44 49 54
5 12 27 46 54 56
6 12 28 32 47 53 58
6 12 28 32 49 62 63
5 12 28 32 51 57
5 12 28 33 50 61
5 12 28 33 54 59
5 12 28 33 62 63
6 12 28 34 37 51 57
5 12 28 37 54 61
6 12 28 39 42 51 57
5 12 28 42 54 56
5 12 28 43 48 52
5 12 28 43 49 54
5 12 28 43 55 56
6 12 28 47 48 52 59
5 12 28 47 51 57
5 12 28 48 52 61
6 12 28 48 52 62 63
6 12 28 49 51 57 59
5 12 28 56 62 63
5 12 29 31 33 35
6 12 29 31 36 41 43
5 12 29 31 37 39
6 12 29 31 48 53 55
5 12 29 31 49 51
5 12 29 31 57 59
5 12 29 32 38 40
5 12 29 32 54 59
5 12 29 35 38 43
5 12 29 35 54 56
5 12 29 36 41 47
6 12 29 36 41 49 54
6 12 29 36 41 50 51
6 12 29 36 41 52 57
5 12 29 36 41 55
5 12 29 36 41 59
5 12 29 36 41 61
5 12 29 36 41 62
5 12 29 37 47 51
5 12 29 37 49 58
5 12 29 38 49 57
5 12 29 38 50 58
5 12 29 44 55 58
6 12 29 47 48 53 59
5 12 29 47 52 58
5 12 29 48 53 62
5 12 30 31 34 35
8 12 30 31 36 42 43 50 51
5 12 30 31 38 39
7 12 30 31 41 48 54 55
5 12 30 31 58 59
6 12 30 32 37 43 51
5 12 30 32 49 63
5 12 30 33 47 50
5 12 30 34 36 42
5 12 30 34 43 51
5 12 30 35 45 50
5 12 30 36 42 47
5 12 30 36 42 49
6 12 30 36 42 52 58
5 12 30 36 42 55
5 12 30 36 42 59
5 12 30 36 42 62
5 12 30 40 57 63
6 12 30 41 43 49 51
5 12 30 41 47 58
6 12 30 43 45 51 58
5 12 30 43 51 52
5 12 30 43 51 56
6 12 30 44 48 54 56
5 12 30 44 52 57
5 12 31 32 36 43
5 12 31 33 54 56
5 12 31 35 36 43
5 12 31 35 50 61
5 12 31 36 43 49
6 12 31 36 43 52 59
5 12 31 36 43 57
5 12 31 39 54 61
5 12 31 40 48 55
5 12 31 40 49 54
5 12 31 40 51 53
5 12 31 42 48 55
6 12 31 44 48 55 56
5 12 31 48 55 62
5 12 31 51 59 61
7 12 32 36 45 49 53 63
9 12 32 36 46 47 50 51 54 55
5 12 32 37 49 63
5 12 32 40 45 47
6 12 32 40 49 57 63
5 12 32 40 50 58
6 12 32 40 51 53 59
5 12 32 41 49 63
5 12 32 43 54 56
5 12 32 45 51 58
5 12 32 47 56 61
5 12 32 49 56 63
5 12 33 35 37 39
5 12 33 35 41 43
5 12 33 35 57 59
5 12 33 37 49 53
5 12 33 37 50 54
5 12 33 38 49 54
5 12 33 38 52 57
5 12 33 39 49 55
5 12 33 39 56 62
5 12 33 40 49 56
5 12 33 40 55 62
5 12 33 40 57 63
5 12 33 41 49 57
5 12 33 41 50 58
5 12 33 42 49 58
5 12 33 43 56 61
5 12 33 47 54 61
5 12 34 35 38 39
5 12 34 35 42 43
5 12 34 35 54 55
5 12 34 35 58 59
5 12 34 36 59 61
5 12 34 37 39 42
5 12 34 37 50 53
5 12 34 37 55 58
5 12 34 38 49 53
5 12 34 38 50 54
5 12 34 39 49 59
5 12 34 39 50 55
5 12 34 39 52 62
5 12 34 39 53 58
5 12 34 39 56 61
5 12 34 41 50 57
5 12 34 42 49 57
5 12 34 42 50 58
5 12 34 43 50 59
5 12 34 43 52 61
5 12 34 45 50 61
5 12 34 45 51 58
5 12 35 39 49 53
5 12 35 39 50 54
5 12 35 40 54 59
5 12 35 43 49 57
5 12 35 45 49 54
7 12 36 45 50 51 58 59
5 12 36 45 52 61
5 12 36 46 49 59
5 12 36 50 51 61
5 12 37 39 53 55
5 12 37 39 57 59
5 12 37 42 49 59
5 12 37 42 50 55
5 12 37 42 52 62
5 12 37 42 53 58
5 12 37 43 53 59
5 12 38 39 54 55
5 12 38 39 58 59
5 12 38 40 54 56
5 12 38 43 54 59
5 12 38 43 57 62
5 12 38 45 54 61
5 12 39 40 51 53
5 12 39 40 55 56
5 12 39 41 55 57
5 12 39 42 50 53
5 12 39 42 55 58
5 12 39 46 49 56
6 12 40 45 48 57 63
5 12 40 45 49 59
5 12 40 45 50 55
6 12 40 45 51 53 58
5 12 40 45 52 62
5 12 40 45 56 61
7 12 40 46 47 48 58 59
7 12 40 46 49 51 53 55
5 12 40 46 56 62
5 12 40 47 51 53
5 12 40 52 57 63
5 12 41 43 53 55
5 12 41 43 57 59
5 12 41 47 48 59
5 12 42 43 54 55
5 12 42 43 58 59
5 12 42 47 48 59
5 12 43 45 48 57
5 12 43 45 50 52
5 12 43 45 59 61
6 12 44 48 56 61 63
5 12 44 48 56 62
5 12 44 51 52 62
5 12 44 52 61 63
6 12 45 47 48 57 59
6 12 45 47 49 51 58
5 12 45 47 53 55
5 12 45 48 57 62
5 12 46 51 55 56
5 12 47 48 59 61
5 12 49 53 58 59
5 12 50 53 55 58
8 13 14 16 19 20 23 25 26
6 13 14 16 19 21 22
8 13 14 16 19 24 27 37 38
6 13 14 16 19 36 39
6 13 14 16 19 40 43
6 13 14 16 19 41 42
6 13 14 16 19 45 46
6 13 14 16 19 48 51
6 13 14 16 19 53 54
6 13 14 16 19 57 58
6 13 14 16 19 60 63
6 13 14 17 18 21 22
6 13 14 17 18 25 26
12 13 14 17 18 28 31 33 34 44 47 61 62
8 13 14 17 18 32 35 48 51
8 13 14 17 18 36 39 57 58
6 13 14 17 18 40 43
6 13 14 17 18 45 46
6 13 14 17 18 52 55
6 13 14 17 18 53 54
6 13 14 17 18 56 59
6 13 14 17 18 60 63
6 13 14 20 23 32 35
6 13 14 20 23 40 43
6 13 14 20 23 45 46
6 13 14 20 23 48 51
6 13 14 20 23 52 55
6 13 14 20 23 56 59
6 13 14 20 23 57 58
6 13 14 20 23 60 63
6 13 14 21 22 32 35
6 13 14 21 22 33 34
8 13 14 21 22 36 39 52 55
6 13 14 21 22 41 42
6 13 14 21 22 45 46
6 13 14 21 22 48 51
6 13 14 21 22 49 50
6 13 14 21 22 53 54
6 13 14 21 22 56 59
6 13 14 21 22 60 63
8 13 14 24 27 32 35 37 38
8 13 14 24 27 33 34 37 38
8 13 14 24 27 37 38 52 55
8 13 14 24 27 37 38 53 54
8 13 14 24 27 37 38 56 59
8 13 14 24 27 37 38 60 63
12 13 14 25 26 28 31 41 42 44 47 61 62
6 13 14 25 26 32 35
6 13 14 25 26 33 34
8 13 14 25 26 40 43 56 59
6 13 14 25 26 45 46
6 13 14 25 26 52 55
6 13 14 25 26 53 54
6 13 14 25 26 57 58
6 13 14 25 26 60 63
6 13 14 29 30 32 35
6 13 14 29 30 36 39
10 13 14 29 30 40 43 49 50 53 54
6 13 14 29 30 48 51
6 13 14 29 30 52 55
6 13 14 29 30 56 59
6 13 14 29 30 57 58
8 13 14 32 35 36 39 41 42
6 13 14 32 35 40 43
6 13 14 32 35 53 54
6 13 14 32 35 57 58
6 13 14 32 35 60 63
6 13 14 33 34 41 42
6 13 14 33 34 48 51
6 13 14 33 34 52 55
6 13 14 33 34 53 54
6 13 14 33 34 56 59
6 13 14 33 34 57 58
6 13 14 33 34 60 63
6 13 14 36 39 56 59
6 13 14 36 39 60 63
6 13 14 40 43 48 51
6 13 14 40 43 52 55
6 13 14 40 43 60 63
6 13 14 41 42 48 51
6 13 14 41 42 49 50
6 13 14 41 42 52 55
6 13 14 41 42 53 54
6 13 14 41 42 56 59
6 13 14 41 42 57 58
6 13 14 41 42 60 63
6 13 14 45 46 48 51
8 13 14 45 46 49 50 57 58
6 13 14 45 46 52 55
6 13 14 45 46 53 54
6 13 14 45 46 56 59
8 13 14 48 51 52 55 57 58
6 13 14 48 51 53 54
6 13 14 48 51 56 59
6 13 14 49 50 60 63
6 13 14 57 58 60 63
5 13 15 16 21 23
5 13 15 16 25 27
6 13 15 16 30 33 35
6 13 15 16 32 61 63
5 13 15 16 36 58
5 13 15 16 37 39
5 13 15 16 41 43
6 13 15 16 45 47 50
5 13 15 16 53 55
5 13 15 16 57 59
6 13 15 17 19 21 23
5 13 15 17 19 22
7 13 15 17 19 24 57 59
5 13 15 17 19 26
5 13 15 17 19 30
5 13 15 17 19 32
8 13 15 17 19 33 35 61 63
5 13 15 17 19 36
5 13 15 17 19 38
5 13 15 17 19 40
5 13 15 17 19 42
6 13 15 17 19 44 50
5 13 15 17 19 46
6 13 15 17 19 53 55
5 13 15 17 19 54
5 13 15 17 19 56
5 13 15 17 19 58
5 13 15 17 19 62
8 13 15 18 28 33 35 50 60
5 13 15 18 36 56
6 13 15 18 37 39 46
5 13 15 18 41 43
5 13 15 18 45 47
5 13 15 18 57 59
5 13 15 20 25 27
6 13 15 20 36 61 63
5 13 15 20 41 43
5 13 15 20 53 55
5 13 15 20 57 59
8 13 15 21 23 28 53 55 60
5 13 15 21 23 30
5 13 15 21 23 32
6 13 15 21 23 33 35
6 13 15 21 23 34 48
5 13 15 21 23 36
5 13 15 21 23 40
6 13 15 21 23 41 43
6 13 15 21 23 44 54
5 13 15 21 23 46
6 13 15 21 23 49 51
5 13 15 21 23 50
5 13 15 21 23 52
5 13 15 21 23 56
5 13 15 21 23 58
5 13 15 21 23 62
5 13 15 22 24 52
5 13 15 22 33 35
6 13 15 22 38 61 63
5 13 15 22 49 51
5 13 15 22 53 55
5 13 15 22 57 59
6 13 15 24 30 41 43
5 13 15 24 32 42
8 13 15 25 27 28 57 59 60
5 13 15 25 27 32
6 13 15 25 27 33 35
5 13 15 25 27 34
5 13 15 25 27 40
8 13 15 25 27 41 43 61 63
6 13 15 25 27 44 58
5 13 15 25 27 46
5 13 15 25 27 52
6 13 15 25 27 53 55
5 13 15 25 27 54
5 13 15 25 27 56
5 13 15 25 27 62
8 13 15 26 28 41 43 58 60
5 13 15 26 33 35
6 13 15 26 42 61 63
5 13 15 26 45 47
5 13 15 26 53 55
5 13 15 26 57 59
5 13 15 28 34 60
5 13 15 28 38 60
5 13 15 28 42 60
6 13 15 29 31 32 50
6 13 15 29 31 33 35
5 13 15 29 31 34
6 13 15 29 31 36 54
5 13 15 29 31 38
7 13 15 29 31 40 48 58
8 13 15 29 31 49 51 53 55
5 13 15 29 31 52
5 13 15 29 31 56
6 13 15 29 31 57 59
5 13 15 30 40 52
6 13 15 30 49 51 54
5 13 15 30 53 55
5 13 15 30 57 59
5 13 15 32 37 39
5 13 15 32 41 43
5 13 15 32 53 55
6 13 15 33 35 37 39
5 13 15 33 35 38
5 13 15 33 35 40
5 13 15 33 35 42
5 13 15 33 35 46
5 13 15 33 35 48
5 13 15 33 35 52
6 13 15 33 35 53 55
5 13 15 33 35 56
6 13 15 33 35 57 59
5 13 15 33 35 62
5 13 15 34 57 59
5 13 15 36 41 43
5 13 15 36 57 59
5 13 15 37 39 44
5 13 15 37 39 52
6 13 15 37 39 53 55
5 13 15 37 39 56
5 13 15 37 39 62
5 13 15 38 53 55
5 13 15 38 57 59
5 13 15 41 43 44
6 13 15 41 43 48 54
6 13 15 41 43 49 51
5 13 15 41 43 50
5 13 15 41 43 52
6 13 15 41 43 53 55
5 13 15 41 43 56
6 13 15 41 43 57 59
5 13 15 41 43 62
5 13 15 42 49 51
5 13 15 42 53 55
5 13 15 42 57 59
6 13 15 44 49 51 56
5 13 15 44 53 55
5 13 15 44 57 59
6 13 15 45 47 48 52
5 13 15 45 47 56
6 13 15 46 48 57 59
6 13 15 46 49 51 58
5 13 15 46 53 55
5 13 15 48 53 55
5 13 15 49 51 62
5 13 15 52 57 59
5 13 15 53 55 62
6 13 16 18 32 34 61
5 13 16 18 36 38
5 13 16 18 40 42
5 13 16 18 44 46
6 13 16 18 47 48 50
5 13 16 18 52 54
5 13 16 18 56 58
5 13 16 18 60 62
6 13 16 20 32 36 61
5 13 16 20 34 38
5 13 16 20 35 39
5 13 16 20 40 56
7 13 16 20 41 47 50 54
5 13 16 20 48 52
5 13 16 20 51 55
5 13 16 21 30 33
6 13 16 21 38 47 50
5 13 16 21 41 56
5 13 16 21 48 53
5 13 16 22 27 35
6 13 16 22 32 38 61
5 13 16 22 42 56
5 13 16 22 48 54
6 13 16 23 30 33 40
6 13 16 23 32 39 61
5 13 16 23 43 56
5 13 16 23 44 54
5 13 16 23 48 55
7 13 16 24 30 33 39 41
6 13 16 24 32 40 61
5 13 16 24 34 42
5 13 16 24 35 43
6 13 16 24 47 50 58
5 13 16 24 48 56
5 13 16 24 51 59
5 13 16 25 30 33
6 13 16 25 32 41 61
6 13 16 25 42 47 50
5 13 16 25 48 57
5 13 16 26 47 50
5 13 16 26 48 58
5 13 16 26 52 57
6 13 16 27 32 43 61
5 13 16 27 44 58
5 13 16 27 48 59
5 13 16 30 33 44
6 13 16 30 33 48 62
5 13 16 30 33 51
5 13 16 30 33 52
5 13 16 30 33 55
5 13 16 30 33 59
5 13 16 30 33 63
5 13 16 34 54 56
6 13 16 36 47 50 53
5 13 16 37 47 50
6 13 16 40 47 50 57
5 13 16 41 53 62
5 13 16 47 50 60
5 13 17 21 30 43
5 13 17 21 32 36
6 13 17 21 34 38 47
5 13 17 21 35 39
6 13 17 21 42 51 55
5 13 17 21 48 52
5 13 17 21 50 54
7 13 17 22 32 42 52 57
6 13 17 22 33 38 61
5 13 17 22 39 51
5 13 17 22 48 58
5 13 17 23 28 53
6 13 17 23 33 39 61
5 13 17 23 40 46
5 13 17 23 43 57
5 13 17 23 44 54
5 13 17 23 56 62
6 13 17 24 33 40 61
6 13 17 24 34 47 58
5 13 17 24 35 53
5 13 17 24 39 46
5 13 17 24 55 62
5 13 17 25 30 39
5 13 17 25 32 40
6 13 17 25 34 42 47
5 13 17 25 35 43
5 13 17 25 48 56
5 13 17 25 50 58
5 13 17 25 51 59
5 13 17 26 32 56
6 13 17 26 33 42 61
5 13 17 26 34 47
5 13 17 26 43 51
5 13 17 28 30 45
5 13 17 28 35 50
5 13 17 28 39 54
5 13 17 28 43 58
5 13 17 31 32 50
5 13 17 31 36 54
5 13 17 31 40 58
5 13 17 32 38 53
5 13 17 34 47 48
5 13 17 34 47 56
5 13 17 34 47 60
5 13 17 35 55 57
5 13 17 40 53 62
5 13 17 42 53 60
5 13 17 45 51 62
5 13 17 45 54 59
6 13 18 19 34 35 61
5 13 18 19 38 39
5 13 18 19 42 43
6 13 18 19 44 50 51
5 13 18 19 54 55
5 13 18 19 62 63
5 13 18 21 28 33
7 13 18 21 35 41 55 58
5 13 18 21 36 48
5 13 18 21 38 47
5 13 18 21 39 42
5 13 18 21 50 53
5 13 18 22 32 36
6 13 18 22 34 38 61
6 13 18 22 41 48 52
5 13 18 22 42 58
5 13 18 22 50 54
5 13 18 22 51 55
5 13 18 25 28 33
6 13 18 25 34 41 61
5 13 18 25 35 59
5 13 18 25 40 48
5 13 18 25 42 47
5 13 18 25 50 57
6 13 18 26 28 33 41
5 13 18 26 32 40
6 13 18 26 34 42 61
5 13 18 26 48 56
5 13 18 26 50 58
5 13 18 26 51 59
5 13 18 28 33 38
6 13 18 28 33 39 54
5 13 18 28 33 42
5 13 18 28 33 46
5 13 18 28 33 51
5 13 18 28 33 55
5 13 18 28 33 59
5 13 18 28 33 63
6 13 18 31 32 50 63
5 13 18 31 36 54
5 13 18 31 37 43
5 13 18 32 52 58
5 13 18 35 37 54
5 13 18 36 47 53
5 13 18 37 55 62
5 13 18 38 48 53
5 13 18 40 47 57
5 13 18 41 53 60
5 13 18 42 48 57
7 13 19 20 33 40 53 59
6 13 19 20 35 36 61
5 13 19 20 44 50
5 13 19 21 41 59
5 13 19 21 44 50
5 13 19 21 51 53
5 13 19 22 24 32
6 13 19 22 35 38 61
5 13 19 22 42 59
5 13 19 22 44 50
5 13 19 22 51 54
5 13 19 23 32 36
5 13 19 23 34 38
6 13 19 23 35 39 61
6 13 19 23 44 50 54
5 13 19 23 51 55
5 13 19 24 30 41
6 13 19 24 35 40 61
5 13 19 24 44 50
5 13 19 24 51 56
6 13 19 25 44 50 53
5 13 19 25 51 57
5 13 19 25 55 58
6 13 19 26 35 42 61
5 13 19 26 44 50
5 13 19 26 51 58
5 13 19 27 32 40
5 13 19 27 33 41
5 13 19 27 34 42
6 13 19 27 35 43 61
6 13 19 27 44 50 58
5 13 19 27 48 56
5 13 19 30 44 50
5 13 19 30 51 62
5 13 19 33 44 50
6 13 19 34 44 50 60
5 13 19 34 54 59
5 13 19 37 44 50
5 13 19 39 44 50
5 13 19 41 44 50
5 13 19 42 44 50
5 13 19 43 44 50
6 13 19 44 46 48 50
5 13 19 44 50 57
5 13 19 44 50 63
6 13 20 22 27 39 49
5 13 20 22 32 34
6 13 20 22 36 38 61
5 13 20 22 44 46
5 13 20 22 48 50
5 13 20 22 56 58
5 13 20 22 60 62
5 13 20 25 33 38
5 13 20 25 34 35
6 13 20 25 36 41 61
5 13 20 25 45 60
5 13 20 25 48 58
5 13 20 25 52 57
6 13 20 26 31 32 50
6 13 20 26 38 43 49
5 13 20 26 47 54
5 13 20 26 52 58
6 13 20 27 36 43 61
5 13 20 27 44 58
5 13 20 27 52 59
5 13 20 31 35 41
5 13 20 31 52 63
5 13 20 32 40 52
5 13 20 32 41 53
5 13 20 32 43 55
5 13 20 32 58 63
5 13 20 33 44 63
5 13 20 34 56 63
5 13 20 35 40 55
5 13 20 38 58 60
5 13 20 39 59 60
6 13 20 41 46 49 58
5 13 20 44 49 56
6 13 20 45 49 57 62
5 13 20 47 48 54
5 13 20 47 54 56
5 13 21 27 39 49
5 13 21 27 53 59
5 13 21 28 30 45
5 13 21 28 35 50
5 13 21 28 39 54
5 13 21 30 49 54
5 13 21 30 53 62
5 13 21 31 32 50
6 13 21 31 36 54 59
5 13 21 31 53 63
5 13 21 32 41 52
6 13 21 32 42 48 58
5 13 21 33 38 47
5 13 21 33 40 52
5 13 21 33 42 54
5 13 21 34 41 54
6 13 21 36 38 47 53
5 13 21 38 47 48
5 13 21 38 47 52
5 13 21 38 47 56
5 13 21 38 47 60
5 13 21 44 49 56
5 13 21 45 55 62
5 13 21 45 58 63
5 13 21 46 49 58
6 13 22 23 24 36 49
5 13 22 23 34 35
6 13 22 23 38 39 61
6 13 22 23 41 62 63
6 13 22 23 44 54 55
5 13 22 23 50 51
5 13 22 23 58 59
5 13 22 24 34 48
5 13 22 24 54 56
5 13 22 27 41 46
5 13 22 27 53 63
5 13 22 27 54 59
5 13 22 31 32 50
6 13 22 31 36 54 63
5 13 22 31 49 55
5 13 22 33 39 50
5 13 22 33 42 53
5 13 22 34 41 53
5 13 22 34 42 54
6 13 22 35 41 51 57
5 13 22 35 42 55
5 13 22 36 56 62
5 13 22 39 41 58
6 13 22 41 44 49 56
6 13 22 45 49 57 60
5 13 22 46 49 58
5 13 23 24 35 48
6 13 23 24 39 40 61
6 13 23 24 44 54 63
5 13 23 24 55 56
5 13 23 25 28 53
6 13 23 25 39 41 61
5 13 23 25 45 63
5 13 23 25 55 57
8 13 23 26 28 35 41 50 53
6 13 23 26 38 40 49
5 13 23 26 44 54
5 13 23 26 46 63
5 13 23 26 51 57
6 13 23 28 30 45 53
5 13 23 28 51 53
5 13 23 28 53 59
5 13 23 28 53 63
7 13 23 30 44 49 54 56
5 13 23 30 55 62
5 13 23 32 43 52
5 13 23 33 44 54
5 13 23 34 59 60
5 13 23 35 40 52
5 13 23 35 43 55
5 13 23 35 58 60
5 13 23 36 56 63
5 13 23 38 58 63
5 13 23 41 44 54
6 13 23 44 46 52 54
5 13 23 44 48 54
5 13 23 44 51 54
5 13 23 44 54 59
5 13 23 45 49 57
5 13 24 26 32 34
6 13 24 26 40 42 61
5 13 24 26 44 46
6 13 24 26 47 56 58
5 13 24 26 52 54
5 13 24 26 60 62
9 13 24 30 31 36 41 49 54 55
5 13 24 30 32 41
5 13 24 30 35 41
5 13 24 30 41 44
6 13 24 30 41 48 53
5 13 24 30 41 50
5 13 24 30 41 51
6 13 24 30 41 56 62
5 13 24 30 41 57
5 13 24 30 41 59
5 13 24 30 41 63
5 13 24 31 32 50
5 13 24 31 56 63
5 13 24 32 51 54
5 13 24 33 44 51
5 13 24 33 55 57
5 13 24 34 51 52
6 13 24 36 42 43 49
5 13 24 36 49 60
6 13 24 36 49 62 63
5 13 24 39 44 59
5 13 24 42 48 54
5 13 24 42 52 59
5 13 24 43 48 55
5 13 24 45 50 53
5 13 24 46 52 63
5 13 24 47 48 58
5 13 24 47 58 60
5 13 25 28 30 45
5 13 25 28 35 50
5 13 25 28 39 54
5 13 25 28 43 58
5 13 25 30 36 58
5 13 25 30 53 63
5 13 25 30 57 62
5 13 25 31 32 50
5 13 25 31 35 39
5 13 25 31 36 54
5 13 25 31 40 58
5 13 25 31 57 63
5 13 25 32 53 62
5 13 25 33 42 47
6 13 25 36 42 47 53
5 13 25 38 40 53
6 13 25 40 42 47 57
5 13 25 40 54 55
5 13 25 42 47 48
5 13 25 42 47 52
5 13 25 42 47 56
5 13 25 42 47 60
5 13 25 45 51 54
5 13 25 46 48 53
6 13 26 27 28 41 57
5 13 26 27 34 35
6 13 26 27 42 43 61
6 13 26 27 44 58 59
5 13 26 27 54 55
5 13 26 27 62 63
5 13 26 28 34 41
5 13 26 28 41 46
5 13 26 28 41 51
5 13 26 28 41 55
5 13 26 28 41 59
5 13 26 28 41 63
6 13 26 31 38 49 55
6 13 26 31 40 58 63
5 13 26 38 49 60
5 13 26 38 49 62
5 13 26 38 49 63
5 13 26 40 47 57
5 13 26 45 48 53
6 13 27 28 35 50 57
5 13 27 28 55 57
5 13 27 28 57 63
5 13 27 33 44 58
5 13 27 34 44 58
5 13 27 34 48 55
5 13 27 35 48 54
6 13 27 39 40 42 49
5 13 27 39 41 49
8 13 27 39 44 46 49 56 58
6 13 27 39 49 60 62
5 13 27 39 49 63
5 13 27 41 44 58
6 13 27 42 44 58 60
5 13 27 42 55 56
5 13 27 44 48 58
5 13 27 44 52 58
5 13 27 44 55 58
5 13 27 44 58 63
5 13 28 30 45 51
5 13 28 30 45 55
5 13 28 30 45 59
6 13 28 34 35 50 51
5 13 28 35 38 50
6 13 28 35 39 50 54
5 13 28 35 42 50
6 13 28 35 43 50 58
5 13 28 35 46 50
5 13 28 35 50 63
6 13 28 38 39 54 55
5 13 28 39 42 54
5 13 28 39 46 54
5 13 28 39 51 54
5 13 28 39 54 59
5 13 28 39 54 63
6 13 28 42 43 58 59
5 13 28 43 51 58
5 13 28 43 55 58
5 13 28 43 58 63
5 13 29 33 38 40
5 13 29 33 46 47
5 13 29 33 50 63
5 13 29 33 54 59
5 13 29 34 51 62
5 13 29 35 38 58
5 13 29 36 57 62
5 13 29 38 55 62
5 13 29 38 57 60
7 13 29 40 46 47 52 57
5 13 29 43 55 57
5 13 29 46 47 48
5 13 29 46 47 56
5 13 29 49 53 60
5 13 29 49 53 62
6 13 30 31 32 50 51
6 13 30 31 40 58 59
5 13 30 32 36 43
5 13 30 32 39 40
5 13 30 36 48 59
5 13 30 39 48 56
5 13 30 39 50 58
5 13 30 39 51 59
5 13 30 40 48 55
5 13 30 43 48 52
5 13 30 49 54 63
6 13 31 32 34 48 50
6 13 31 32 36 50 54
6 13 31 32 37 43 50
5 13 31 32 38 50
5 13 31 32 39 50
6 13 31 32 40 50 58
5 13 31 32 41 50
5 13 31 32 42 50
5 13 31 32 46 50
5 13 31 32 50 53
5 13 31 32 50 57
5 13 31 32 50 60
5 13 31 33 40 58
5 13 31 35 36 54
5 13 31 35 37 43
5 13 31 35 40 58
6 13 31 36 38 52 54
5 13 31 36 42 54
5 13 31 36 48 54
5 13 31 36 51 54
5 13 31 36 54 56
5 13 31 37 43 48
5 13 31 37 43 51
5 13 31 37 43 52
6 13 31 37 43 53 59
5 13 31 37 43 56
5 13 31 37 43 60
5 13 31 37 43 63
5 13 31 39 40 58
6 13 31 40 42 56 58
7 13 31 40 46 49 55 58
5 13 31 40 51 58
5 13 31 40 52 58
5 13 31 40 58 60
5 13 31 42 49 55
6 13 31 45 49 55 57
5 13 31 49 55 60
5 13 32 34 52 54
5 13 32 34 56 58
5 13 32 34 60 62
5 13 32 36 48 52
5 13 32 36 51 55
5 13 32 38 48 54
5 13 32 39 48 55
5 13 32 40 48 56
5 13 32 41 48 57
5 13 32 46 48 62
6 13 33 37 44 48 52
6 13 33 37 46 50 54
5 13 33 38 48 58
5 13 33 38 52 57
5 13 33 39 56 62
5 13 33 40 47 57
5 13 33 40 55 62
5 13 33 41 48 56
5 13 33 41 50 58
5 13 33 41 51 59
5 13 34 35 54 55
5 13 34 35 58 59
5 13 34 35 62 63
5 13 34 37 55 58
5 13 34 38 48 52
5 13 34 38 50 54
5 13 34 38 51 55
5 13 34 41 50 57
5 13 34 42 48 56
5 13 34 42 50 58
5 13 34 42 51 59
5 13 34 44 52 57
5 13 35 36 51 52
5 13 35 38 51 54
5 13 35 39 48 52
5 13 35 39 51 55
5 13 35 40 46 54
5 13 35 40 51 56
5 13 35 42 51 58
5 13 35 43 48 56
5 13 35 43 51 59
5 13 35 46 51 62
5 13 36 38 56 58
5 13 36 38 60 62
5 13 36 41 47 53
5 13 36 41 48 58
5 13 36 41 52 57
5 13 36 42 52 58
5 13 36 43 52 59
5 13 36 47 48 53
5 13 36 47 53 60
5 13 37 46 51 59
5 13 37 46 53 62
5 13 38 39 58 59
5 13 38 39 62 63
5 13 38 40 54 56
5 13 38 43 53 63
5 13 38 43 54 59
5 13 39 40 55 56
5 13 39 41 55 57
5 13 39 42 50 53
5 13 39 42 51 57
5 13 39 44 55 60
5 13 39 46 55 62
5 13 40 42 48 50
5 13 40 42 52 54
5 13 40 42 60 62
5 13 40 46 56 62
5 13 40 47 48 57
5 13 40 47 57 60
5 13 41 46 53 63
5 13 41 46 54 59
5 13 41 46 57 62
5 13 42 43 50 51
5 13 42 43 54 55
5 13 42 43 62 63
5 13 42 44 49 56
5 13 43 44 59 60
5 13 44 49 56 63
5 13 45 49 57 63
5 13 46 49 58 63
5 14 15 16 22 23
6 14 15 16 24 48 56
6 14 15 16 25 38 39
8 14 15 16 29 32 45 62 63
5 14 15 16 34 35
5 14 15 16 36 57
5 14 15 16 42 43
6 14 15 16 46 47 49
5 14 15 16 58 59
6 14 15 17 25 38 39
5 14 15 17 28 32
5 14 15 17 36 56
5 14 15 17 42 43
5 14 15 17 44 60
5 14 15 17 46 47
5 14 15 17 54 55
5 14 15 17 58 59
5 14 15 18 19 20
6 14 15 18 19 26 27
10 14 15 18 19 29 34 35 45 62 63
5 14 15 18 19 32
8 14 15 18 19 33 44 49 60
5 14 15 18 19 36
7 14 15 18 19 37 58 59
5 14 15 18 19 40
5 14 15 18 19 41
6 14 15 18 19 46 47
5 14 15 18 19 52
5 14 15 18 19 53
6 14 15 18 19 54 55
5 14 15 18 19 56
5 14 15 18 19 57
5 14 15 18 19 61
7 14 15 20 26 27 34 35
8 14 15 20 29 36 45 62 63
5 14 15 20 42 43
6 14 15 20 46 47 53
5 14 15 20 58 59
6 14 15 21 24 33 48
5 14 15 21 28 36
5 14 15 21 46 47
5 14 15 21 58 59
8 14 15 22 23 24 34 35 48
8 14 15 22 23 28 50 51 52
5 14 15 22 23 32
5 14 15 22 23 33
5 14 15 22 23 36
8 14 15 22 23 37 44 53 60
5 14 15 22 23 40
6 14 15 22 23 42 43
6 14 15 22 23 46 47
5 14 15 22 23 49
6 14 15 22 23 54 55
5 14 15 22 23 56
5 14 15 22 23 57
5 14 15 22 23 61
6 14 15 24 41 48 53
8 14 15 24 42 43 48 54 55
7 14 15 24 46 47 48 57
5 14 15 24 48 61
8 14 15 25 28 38 39 40 53
6 14 15 25 32 38 39
9 14 15 25 38 39 44 54 55 60
6 14 15 25 38 39 52
6 14 15 25 38 39 56
6 14 15 25 38 39 57
6 14 15 25 38 39 61
6 14 15 26 27 28 56
10 14 15 26 27 29 42 43 45 62 63
5 14 15 26 27 32
5 14 15 26 27 33
7 14 15 26 27 40 54 55
8 14 15 26 27 41 44 57 60
6 14 15 26 27 46 47
5 14 15 26 27 52
5 14 15 26 27 53
6 14 15 26 27 58 59
5 14 15 26 27 61
6 14 15 28 34 35 49
6 14 15 28 42 43 57
5 14 15 28 54 55
5 14 15 28 58 59
6 14 15 30 31 32 49
5 14 15 30 31 33
6 14 15 30 31 36 53
5 14 15 30 31 37
6 14 15 30 31 40 57
5 14 15 30 31 52
5 14 15 30 31 56
5 14 15 32 54 55
5 14 15 32 58 59
5 14 15 33 54 55
5 14 15 33 58 59
5 14 15 34 35 36
6 14 15 34 35 42 43
5 14 15 34 35 52
5 14 15 34 35 53
6 14 15 34 35 54 55
5 14 15 34 35 57
6 14 15 34 35 58 59
5 14 15 34 35 61
5 14 15 36 42 43
5 14 15 36 54 55
5 14 15 36 58 59
5 14 15 40 58 59
8 14 15 42 43 44 58 59 60
5 14 15 42 43 49
5 14 15 42 43 52
5 14 15 42 43 53
5 14 15 42 43 56
5 14 15 42 43 61
8 14 15 46 47 50 51 58 59
5 14 15 46 47 52
6 14 15 46 47 54 55
5 14 15 46 47 56
5 14 15 50 51 61
5 14 15 52 58 59
5 14 15 54 55 56
5 14 15 58 59 61
6 14 16 17 32 33 62
5 14 16 17 36 37
5 14 16 17 40 41
6 14 16 17 47 48 49
5 14 16 17 52 53
5 14 16 17 60 61
6 14 16 20 32 36 62
5 14 16 20 33 37
5 14 16 20 35 39
6 14 16 20 47 49 53
5 14 16 20 48 52
5 14 16 21 27 35
6 14 16 21 32 37 62
5 14 16 21 41 56
5 14 16 21 47 49
5 14 16 21 48 53
5 14 16 22 42 56
5 14 16 22 47 49
5 14 16 22 48 54
6 14 16 23 32 39 62
7 14 16 23 34 43 54 56
5 14 16 23 47 49
6 14 16 24 32 40 62
5 14 16 24 33 41
5 14 16 24 34 42
5 14 16 24 35 43
6 14 16 24 47 49 57
5 14 16 24 51 59
6 14 16 25 32 41 62
5 14 16 25 47 49
5 14 16 25 48 57
6 14 16 26 47 49 54
5 14 16 26 48 58
5 14 16 26 52 57
5 14 16 27 29 42
6 14 16 27 32 43 62
5 14 16 27 47 49
5 14 16 27 48 59
5 14 16 29 47 49
5 14 16 29 48 61
6 14 16 33 47 49 63
5 14 16 33 53 56
5 14 16 34 47 49
5 14 16 36 47 49
5 14 16 38 47 49
5 14 16 40 47 49
5 14 16 41 47 49
5 14 16 42 47 49
6 14 16 45 47 49 51
5 14 16 47 49 58
5 14 16 47 49 60
6 14 17 19 33 35 62
5 14 17 19 37 39
5 14 17 19 41 43
6 14 17 19 44 49 51
5 14 17 19 45 47
5 14 17 19 53 55
5 14 17 19 57 59
5 14 17 19 61 63
6 14 17 21 33 37 62
5 14 17 21 35 39
5 14 17 21 41 57
6 14 17 21 42 51 55
5 14 17 21 48 52
5 14 17 21 49 53
5 14 17 22 31 34
7 14 17 22 32 42 52 57
5 14 17 22 36 41
5 14 17 22 37 44
5 14 17 22 39 51
5 14 17 22 49 54
6 14 17 25 31 34 42
6 14 17 25 33 41 62
5 14 17 25 35 43
5 14 17 25 48 56
5 14 17 25 49 57
5 14 17 25 51 59
5 14 17 26 31 34
5 14 17 26 32 56
6 14 17 26 33 42 62
5 14 17 26 41 44
5 14 17 26 43 51
5 14 17 26 49 58
6 14 17 28 35 49 60
5 14 17 28 38 40
5 14 17 28 39 53
6 14 17 31 34 36 53
5 14 17 31 34 37
5 14 17 31 34 41
5 14 17 31 34 45
5 14 17 31 34 48
5 14 17 31 34 52
5 14 17 31 34 56
5 14 17 31 34 60
5 14 17 32 38 53
5 14 17 35 55 57
5 14 17 37 51 54
5 14 17 38 52 61
5 14 17 39 44 54
5 14 17 41 51 58
5 14 17 42 54 63
5 14 17 43 44 58
5 14 18 20 31 54
6 14 18 20 34 36 62
5 14 18 20 40 58
5 14 18 20 43 45
5 14 18 20 47 53
5 14 18 20 59 61
6 14 18 21 34 37 62
7 14 18 21 35 41 55 58
5 14 18 21 36 48
5 14 18 21 51 57
5 14 18 22 29 40
5 14 18 22 32 36
6 14 18 22 33 37 44
5 14 18 22 35 39
6 14 18 22 41 48 52
5 14 18 22 49 53
5 14 18 22 51 55
5 14 18 25 33 44
6 14 18 25 34 41 62
5 14 18 25 35 59
5 14 18 25 40 48
5 14 18 26 29 36
5 14 18 26 32 40
6 14 18 26 33 41 44
5 14 18 26 35 43
5 14 18 26 48 56
5 14 18 26 49 57
5 14 18 26 51 59
5 14 18 27 32 54
6 14 18 27 33 44 57
6 14 18 27 34 43 62
5 14 18 27 36 45
5 14 18 27 52 61
5 14 18 28 35 49
5 14 18 28 39 53
5 14 18 28 43 57
5 14 18 29 31 46
5 14 18 31 32 49
5 14 18 31 36 53
5 14 18 31 40 57
5 14 18 32 52 58
5 14 18 33 44 51
5 14 18 33 44 59
5 14 18 33 44 63
5 14 18 35 37 54
5 14 18 41 54 63
5 14 18 43 54 61
5 14 18 46 48 61
5 14 18 46 53 56
6 14 19 20 29 34 43
6 14 19 20 35 36 62
5 14 19 20 40 59
5 14 19 20 47 53
5 14 19 20 51 52
5 14 19 21 24 32
6 14 19 21 35 37 62
5 14 19 21 41 59
5 14 19 21 51 53
5 14 19 22 29 34
6 14 19 22 37 44 49
5 14 19 22 42 59
5 14 19 22 51 54
5 14 19 23 32 36
5 14 19 23 33 37
6 14 19 23 35 39 62
7 14 19 23 42 44 49 53
5 14 19 23 43 59
5 14 19 23 48 52
5 14 19 23 51 55
6 14 19 24 35 40 62
5 14 19 24 47 57
5 14 19 24 51 56
5 14 19 25 44 49
5 14 19 25 51 57
5 14 19 25 55 58
5 14 19 26 29 34
6 14 19 26 35 42 62
6 14 19 26 41 44 49
5 14 19 26 51 58
7 14 19 27 29 34 36 42
5 14 19 27 32 40
5 14 19 27 33 41
6 14 19 27 35 43 62
6 14 19 27 44 49 57
5 14 19 27 48 56
5 14 19 27 51 59
5 14 19 29 34 47
5 14 19 29 34 48
6 14 19 29 34 51 61
5 14 19 29 34 52
5 14 19 29 34 55
5 14 19 29 34 56
5 14 19 29 34 60
5 14 19 33 53 59
5 14 19 38 44 49
6 14 19 39 44 49 54
5 14 19 42 54 61
6 14 19 43 44 49 58
5 14 19 44 49 63
6 14 20 21 27 39 50
5 14 20 21 32 33
6 14 20 21 36 37 62
6 14 20 21 42 60 61
6 14 20 21 47 52 53
5 14 20 21 48 49
5 14 20 21 56 57
8 14 20 25 31 32 42 49 54
6 14 20 25 37 43 50
5 14 20 25 45 60
5 14 20 25 47 53
5 14 20 25 48 58
5 14 20 26 31 54
6 14 20 26 36 42 62
5 14 20 26 46 60
5 14 20 26 52 58
5 14 20 27 32 51
6 14 20 27 36 43 62
6 14 20 27 47 53 60
5 14 20 27 52 59
6 14 20 29 31 46 54
7 14 20 29 47 50 53 59
5 14 20 29 52 61
5 14 20 31 48 54
5 14 20 31 54 56
5 14 20 31 54 60
5 14 20 32 40 52
5 14 20 32 43 55
5 14 20 32 57 63
5 14 20 33 56 63
5 14 20 34 47 53
5 14 20 35 40 55
5 14 20 37 57 60
5 14 20 39 59 60
5 14 20 42 47 53
6 14 20 45 47 53 55
5 14 20 46 50 58
5 14 20 47 48 53
5 14 20 47 51 53
5 14 20 47 53 56
6 14 21 23 24 36 50
5 14 21 23 33 35
6 14 21 23 37 39 62
5 14 21 23 45 47
5 14 21 23 49 51
5 14 21 23 57 59
5 14 21 23 61 63
5 14 21 24 42 45
5 14 21 24 53 56
5 14 21 24 54 60
5 14 21 27 33 51
5 14 21 27 53 59
5 14 21 28 35 49
6 14 21 28 39 53 60
5 14 21 28 50 52
5 14 21 32 41 52
6 14 21 32 42 48 58
5 14 21 33 41 53
5 14 21 33 42 54
5 14 21 34 36 49
5 14 21 34 41 54
5 14 21 36 42 57
5 14 21 39 59 61
6 14 21 42 47 50 59
5 14 21 45 50 57
6 14 21 46 50 58 63
5 14 22 24 36 50
5 14 22 24 54 56
5 14 22 28 35 49
6 14 22 28 39 53 56
5 14 22 28 54 60
5 14 22 29 31 46
5 14 22 29 50 53
5 14 22 29 54 61
5 14 22 31 32 49
5 14 22 31 36 53
5 14 22 33 42 53
5 14 22 34 37 44
5 14 22 34 41 53
5 14 22 34 43 55
6 14 22 35 41 51 57
5 14 22 35 42 55
6 14 22 37 39 44 54
5 14 22 37 44 51
5 14 22 37 44 55
5 14 22 37 44 59
5 14 22 37 44 63
5 14 22 45 50 57
5 14 22 46 52 61
5 14 22 46 57 60
5 14 22 47 50 59
6 14 23 24 39 40 62
5 14 23 24 47 57
5 14 23 24 55 56
6 14 23 25 28 35 49
6 14 23 25 37 40 50
5 14 23 25 44 53
5 14 23 25 55 57
5 14 23 26 32 33
5 14 23 26 34 37
6 14 23 26 39 42 62
5 14 23 26 46 63
5 14 23 26 51 57
5 14 23 26 55 58
5 14 23 28 32 42
5 14 23 28 55 60
5 14 23 32 43 52
5 14 23 33 59 60
5 14 23 34 47 60
5 14 23 35 40 52
5 14 23 35 42 54
5 14 23 35 43 55
5 14 23 35 57 60
5 14 23 36 56 63
5 14 23 37 57 63
6 14 23 42 45 50 57
5 14 23 44 51 53
5 14 23 44 53 59
6 14 23 46 50 58 61
5 14 23 47 50 59
6 14 24 25 31 42 58
5 14 24 25 32 33
6 14 24 25 40 41 62
6 14 24 25 47 56 57
5 14 24 25 52 53
5 14 24 25 60 61
6 14 24 31 32 49 58
5 14 24 31 52 58
5 14 24 31 58 60
5 14 24 32 51 53
5 14 24 33 47 57
5 14 24 33 51 52
5 14 24 34 47 57
6 14 24 36 41 43 50
5 14 24 36 42 50
8 14 24 36 45 47 50 57 59
5 14 24 36 50 60
6 14 24 36 50 61 63
6 14 24 41 47 57 63
5 14 24 41 52 59
5 14 24 42 47 57
5 14 24 47 51 57
5 14 24 47 52 57
5 14 24 47 55 57
5 14 24 47 57 60
5 14 25 27 33 35
6 14 25 27 41 43 62
6 14 25 27 44 57 59
5 14 25 27 45 47
5 14 25 27 53 55
5 14 25 27 61 63
6 14 25 28 37 50 52
6 14 25 28 43 57 60
5 14 25 31 33 42
5 14 25 31 42 45
5 14 25 31 42 48
5 14 25 31 42 52
5 14 25 31 42 56
5 14 25 31 42 60
5 14 25 37 50 60
5 14 25 37 50 61
5 14 25 37 50 63
5 14 25 43 44 58
5 14 25 46 51 54
5 14 26 28 32 36
5 14 26 28 35 49
5 14 26 28 39 53
5 14 26 28 43 57
5 14 26 28 58 60
5 14 26 29 31 46
5 14 26 29 39 57
5 14 26 29 54 60
5 14 26 29 58 61
5 14 26 31 32 49
5 14 26 31 36 53
5 14 26 31 40 57
5 14 26 34 41 44
5 14 26 35 54 61
5 14 26 37 43 54
6 14 26 39 41 44 54
6 14 26 41 43 44 58
5 14 26 41 44 51
5 14 26 41 44 55
5 14 26 41 44 59
5 14 26 41 44 63
5 14 26 43 52 53
5 14 26 45 51 54
5 14 26 46 48 53
9 14 27 28 29 39 42 50 52 53
5 14 27 28 35 49
5 14 27 28 59 60
5 14 27 29 32 42
5 14 27 29 35 42
5 14 27 29 42 47
5 14 27 29 42 48
5 14 27 29 42 49
6 14 27 29 42 51 54
5 14 27 29 42 56
5 14 27 29 42 58
6 14 27 29 42 59 61
5 14 27 29 42 60
5 14 27 33 48 55
5 14 27 34 47 48
5 14 27 34 52 58
5 14 27 35 48 53
5 14 27 36 47 56
6 14 27 39 40 41 50
6 14 27 39 50 60 61
5 14 27 39 50 63
5 14 27 40 51 52
5 14 27 41 51 53
5 14 27 41 55 56
5 14 27 44 51 57
5 14 27 44 57 63
5 14 27 45 55 60
5 14 27 46 49 54
6 14 28 29 35 48 49
6 14 28 29 43 56 57
5 14 28 32 38 40
5 14 28 32 39 53
5 14 28 32 43 57
6 14 28 33 35 49 51
5 14 28 34 43 57
5 14 28 35 36 49
5 14 28 35 37 49
6 14 28 35 38 40 49
6 14 28 35 39 49 53
5 14 28 35 41 49
5 14 28 35 42 49
6 14 28 35 43 49 57
5 14 28 35 45 49
5 14 28 35 49 54
5 14 28 35 49 58
5 14 28 35 49 63
5 14 28 36 43 57
6 14 28 37 39 53 55
5 14 28 38 40 48
5 14 28 38 40 51
6 14 28 38 40 54 56
5 14 28 38 40 55
5 14 28 38 40 59
5 14 28 38 40 60
5 14 28 38 40 63
5 14 28 39 41 53
5 14 28 39 48 53
5 14 28 39 51 53
5 14 28 39 53 59
6 14 28 41 43 57 59
5 14 28 41 50 52
7 14 28 43 45 50 52 57
5 14 28 43 48 57
5 14 28 43 55 57
5 14 28 43 57 63
6 14 28 46 50 52 58
5 14 28 50 52 63
5 14 29 31 46 48
5 14 29 31 46 52
5 14 29 31 46 56
5 14 29 35 36 43
5 14 29 35 39 40
5 14 29 36 48 56
5 14 29 36 49 57
5 14 29 36 51 59
5 14 29 39 51 56
5 14 29 40 51 55
5 14 29 43 51 52
5 14 29 50 53 60
5 14 30 32 37 57
5 14 30 33 48 61
5 14 30 34 37 43
5 14 30 34 44 45
5 14 30 34 49 60
5 14 30 34 53 56
5 14 30 37 52 61
5 14 30 37 58 63
5 14 30 39 58 61
5 14 30 40 52 58
7 14 30 43 44 45 55 58
5 14 30 44 45 51
5 14 30 44 45 59
5 14 30 50 54 61
5 14 30 50 54 63
6 14 31 32 33 48 49
6 14 31 32 36 49 53
5 14 31 32 37 49
6 14 31 32 40 49 57
5 14 31 32 41 49
5 14 31 32 45 49
5 14 31 32 49 60
6 14 31 36 37 52 53
5 14 31 36 41 53
5 14 31 36 45 53
5 14 31 36 48 53
5 14 31 36 53 56
5 14 31 36 53 60
6 14 31 40 41 56 57
5 14 31 40 48 57
5 14 31 40 52 57
5 14 31 40 57 60
5 14 32 33 52 53
5 14 32 33 56 57
5 14 32 33 60 61
5 14 32 36 48 52
5 14 32 36 51 55
5 14 32 37 48 53
5 14 32 39 48 55
5 14 32 40 48 56
5 14 32 40 51 59
5 14 32 41 48 57
5 14 32 43 45 53
5 14 32 43 48 59
5 14 32 45 48 61
5 14 33 35 53 55
5 14 33 35 57 59
5 14 33 35 61 63
5 14 33 37 48 52
5 14 33 37 49 53
5 14 33 37 51 55
5 14 33 38 52 57
5 14 33 41 48 56
5 14 33 41 49 57
5 14 33 41 51 59
5 14 33 42 49 58
5 14 33 47 55 58
5 14 34 36 59 61
5 14 34 37 51 57
5 14 34 37 55 58
6 14 34 38 45 49 53
6 14 34 38 47 51 55
5 14 34 42 48 56
5 14 34 42 49 57
5 14 34 42 51 59
5 14 34 43 44 58
5 14 34 43 52 61
5 14 35 36 51 52
5 14 35 37 51 53
5 14 35 39 48 52
5 14 35 39 51 55
5 14 35 42 51 58
5 14 35 43 51 59
5 14 35 45 51 61
5 14 36 37 56 57
5 14 36 37 60 61
5 14 36 41 48 58
5 14 36 41 49 54
5 14 36 42 52 58
5 14 36 43 52 59
5 14 36 45 52 61
5 14 36 47 52 63
5 14 37 39 57 59
5 14 37 39 61 63
5 14 37 40 53 56
5 14 37 40 54 60
5 14 37 43 53 59
5 14 38 45 48 56
5 14 38 45 54 61
5 14 39 40 55 56
5 14 39 41 55 57
5 14 39 42 44 54
5 14 39 42 51 57
5 14 39 42 55 58
5 14 39 44 51 54
5 14 39 44 54 63
5 14 40 41 48 49
5 14 40 41 52 53
5 14 40 41 60 61
5 14 40 47 56 63
5 14 41 43 49 51
5 14 41 43 53 55
5 14 41 43 61 63
5 14 41 47 50 59
5 14 42 45 53 56
5 14 42 45 54 60
5 14 42 45 58 61
5 14 43 44 51 58
5 14 43 44 58 63
5 14 43 45 59 61
5 14 45 50 57 60
5 14 46 50 58 60
5 14 47 50 59 60
5 15 16 17 20 21
5 15 16 17 24 25
6 15 16 17 32 33 63
5 15 16 17 34 50
5 15 16 17 36 37
5 15 16 17 40 41
5 15 16 17 52 53
5 15 16 18 20 22
5 15 16 18 24 26
5 15 16 18 27 37
6 15 16 18 32 34 63
5 15 16 18 36 38
5 15 16 18 40 42
5 15 16 18 44 46
5 15 16 18 52 54
5 15 16 18 56 58
6 15 16 20 32 36 63
5 15 16 20 33 37
5 15 16 20 34 38
5 15 16 20 40 56
5 15 16 20 49 53
5 15 16 21 27 34
5 15 16 21 30 40
5 15 16 21 38 50
5 15 16 21 41 56
6 15 16 22 32 38 63
5 15 16 22 42 56
6 15 16 22 43 48 54
5 15 16 23 33 52
6 15 16 23 34 48 55
5 15 16 23 38 45
5 15 16 23 43 56
5 15 16 24 30 37
6 15 16 24 32 40 63
5 15 16 24 33 41
5 15 16 24 34 42
5 15 16 24 35 43
5 15 16 24 49 57
5 15 16 24 50 58
6 15 16 25 32 41 63
5 15 16 25 42 50
6 15 16 25 46 48 57
5 15 16 26 49 54
5 15 16 26 52 57
6 15 16 27 32 43 63
5 15 16 27 42 45
5 15 16 27 48 59
5 15 16 29 36 49
5 15 16 29 39 41
6 15 16 29 40 48 61
5 15 16 29 46 50
6 15 16 30 32 46 63
5 15 16 30 39 42
5 15 16 30 48 62
5 15 16 33 53 56
5 15 16 34 54 56
5 15 16 35 55 56
5 15 16 36 50 53
5 15 16 40 50 57
5 15 16 43 53 62
5 15 16 44 50 61
5 15 16 46 53 59
5 15 17 20 22 25
6 15 17 20 33 36 63
7 15 17 20 34 40 54 57
5 15 17 20 35 44
5 15 17 20 38 41
5 15 17 20 43 46
5 15 17 20 50 56
5 15 17 20 55 61
5 15 17 20 59 62
5 15 17 21 32 36
6 15 17 21 33 37 63
5 15 17 21 34 38
5 15 17 21 49 53
5 15 17 21 50 54
7 15 17 22 32 42 52 57
6 15 17 22 33 38 63
5 15 17 22 37 60
5 15 17 22 49 54
5 15 17 23 28 42
5 15 17 23 40 46
5 15 17 23 43 57
5 15 17 23 49 55
5 15 17 23 53 60
5 15 17 23 56 62
6 15 17 24 33 40 63
5 15 17 24 34 58
5 15 17 24 39 46
5 15 17 24 49 56
5 15 17 24 55 62
5 15 17 25 32 40
6 15 17 25 33 41 63
5 15 17 25 34 42
5 15 17 25 35 43
5 15 17 25 49 57
5 15 17 25 50 58
5 15 17 26 32 56
6 15 17 26 33 42 63
5 15 17 26 41 60
5 15 17 26 49 58
6 15 17 28 33 44 63
5 15 17 28 34 62
5 15 17 28 36 61
5 15 17 28 39 40
6 15 17 30 33 46 63
5 15 17 30 39 42
5 15 17 30 49 62
5 15 17 32 34 49
5 15 17 32 38 53
5 15 17 32 46 61
5 15 17 34 36 53
5 15 17 34 44 61
5 15 17 35 50 60
5 15 17 35 55 57
5 15 17 39 54 60
5 15 17 43 58 60
5 15 17 47 60 62
6 15 18 20 34 36 63
5 15 18 20 40 58
5 15 18 20 43 45
5 15 18 20 50 52
5 15 18 20 59 61
5 15 18 21 33 60
6 15 18 21 34 37 63
7 15 18 21 35 41 55 58
5 15 18 21 50 53
5 15 18 22 24 25
5 15 18 22 32 36
6 15 18 22 34 38 63
5 15 18 22 42 58
5 15 18 22 49 53
5 15 18 22 50 54
5 15 18 24 35 44
5 15 18 24 39 45
5 15 18 24 43 46
5 15 18 24 49 52
5 15 18 24 50 56
5 15 18 24 54 57
5 15 18 24 59 62
5 15 18 25 33 60
6 15 18 25 34 41 63
5 15 18 25 35 59
5 15 18 25 50 57
5 15 18 26 32 40
6 15 18 26 34 42 63
5 15 18 26 35 43
5 15 18 26 49 57
5 15 18 26 50 58
6 15 18 27 33 57 60
6 15 18 27 34 43 63
6 15 18 27 36 42 45
5 15 18 27 50 59
5 15 18 27 52 61
6 15 18 28 34 44 63
5 15 18 28 39 40
5 15 18 29 33 60
5 15 18 29 39 41
5 15 18 29 50 61
5 15 18 32 52 58
5 15 18 33 38 60
6 15 18 33 39 54 60
5 15 18 33 42 60
5 15 18 33 46 60
5 15 18 35 37 54
5 15 18 39 53 62
5 15 18 44 53 59
5 15 18 47 53 56
5 15 19 20 29 42
5 15 19 20 33 55
5 15 19 20 34 45
6 15 19 20 35 36 63
5 15 19 20 40 59
6 15 19 21 35 37 63
5 15 19 21 41 59
5 15 19 21 49 60
6 15 19 22 29 40 48
6 15 19 22 35 38 63
6 15 19 22 37 49 60
5 15 19 22 42 59
5 15 19 23 28 29
5 15 19 23 30 41
5 15 19 23 32 36
5 15 19 23 33 37
8 15 19 23 34 38 45 48 52
7 15 19 23 42 49 53 60
5 15 19 23 50 54
5 15 19 24 34 45
6 15 19 24 35 40 63
5 15 19 25 33 48
5 15 19 25 50 53
5 15 19 25 55 58
5 15 19 26 29 36
5 15 19 26 34 45
6 15 19 26 35 42 63
6 15 19 26 41 49 60
6 15 19 27 28 30 37
5 15 19 27 32 40
5 15 19 27 33 41
6 15 19 27 34 42 45
5 15 19 27 48 56
6 15 19 27 49 57 60
5 15 19 27 50 58
6 15 19 28 35 44 63
5 15 19 28 38 41
6 15 19 28 47 54 57
5 15 19 28 50 56
5 15 19 28 55 61
5 15 19 30 32 33
6 15 19 30 35 46 63
5 15 19 32 34 45
5 15 19 32 52 59
5 15 19 33 53 59
5 15 19 34 44 45
6 15 19 34 45 50 61
5 15 19 34 45 56
5 15 19 34 45 58
5 15 19 38 49 60
5 15 19 40 53 62
5 15 19 46 48 57
5 15 19 46 49 60
5 15 19 46 53 56
6 15 19 47 49 60 62
5 15 19 48 50 59
5 15 19 49 55 60
5 15 20 21 32 33
6 15 20 21 36 37 63
5 15 20 21 40 41
5 15 20 21 52 53
5 15 20 21 56 57
5 15 20 22 32 34
6 15 20 22 36 38 63
5 15 20 22 40 42
5 15 20 22 44 46
5 15 20 22 52 54
5 15 20 22 56 58
7 15 20 25 32 42 49 54
6 15 20 25 36 41 63
5 15 20 25 37 51
5 15 20 25 52 57
5 15 20 26 32 50
6 15 20 26 36 42 63
5 15 20 26 38 51
5 15 20 26 52 58
6 15 20 27 36 43 63
5 15 20 27 42 45
5 15 20 27 52 59
5 15 20 29 34 43
5 15 20 29 46 54
5 15 20 29 50 59
5 15 20 29 51 53
5 15 20 29 52 61
5 15 20 32 40 52
5 15 20 32 41 53
5 15 20 32 43 55
5 15 20 33 40 53
5 15 20 35 40 55
5 15 20 44 51 56
5 15 20 44 54 61
5 15 20 45 51 57
5 15 20 46 51 58
5 15 20 47 51 59
5 15 21 24 36 51
6 15 21 24 37 40 63
7 15 21 24 38 44 58 61
5 15 21 24 53 56
6 15 21 27 37 43 63
5 15 21 27 47 61
5 15 21 27 48 55
5 15 21 27 53 59
5 15 21 27 57 60
6 15 21 28 37 44 63
5 15 21 28 38 62
5 15 21 28 51 52
6 15 21 30 37 46 63
5 15 21 30 47 55
5 15 21 30 48 61
5 15 21 30 51 54
5 15 21 30 53 62
5 15 21 32 38 49
5 15 21 32 41 52
5 15 21 33 40 52
5 15 21 33 41 53
5 15 21 34 36 49
5 15 21 34 41 54
5 15 21 36 38 53
5 15 21 38 40 57
5 15 21 47 51 59
5 15 21 47 60 62
5 15 22 24 36 51
6 15 22 24 38 40 63
5 15 22 24 44 62
5 15 22 24 54 56
5 15 22 25 33 36
7 15 22 25 34 40 49 52
5 15 22 25 35 44
6 15 22 25 37 51 60
5 15 22 25 43 46
5 15 22 25 50 56
5 15 22 25 54 57
5 15 22 25 55 61
5 15 22 28 36 48
5 15 22 28 53 56
5 15 22 28 58 61
5 15 22 29 37 60
5 15 22 29 44 52
5 15 22 29 51 53
5 15 22 29 54 61
5 15 22 33 42 53
5 15 22 34 37 60
5 15 22 34 42 54
5 15 22 34 43 55
6 15 22 35 37 50 60
5 15 22 35 42 55
5 15 22 36 56 62
6 15 22 37 43 58 60
5 15 22 37 46 60
5 15 22 37 55 60
5 15 22 37 59 60
5 15 22 44 51 56
5 15 22 46 51 58
5 15 22 46 52 61
5 15 22 47 51 59
5 15 22 47 52 58
5 15 22 48 53 62
5 15 23 24 36 51
5 15 23 24 38 45
5 15 23 24 55 56
6 15 23 25 28 34 48
5 15 23 25 35 49
5 15 23 25 37 51
5 15 23 25 53 60
5 15 23 25 55 57
5 15 23 26 28 33
8 15 23 26 35 41 50 53 60
7 15 23 26 38 45 51 57
5 15 23 26 55 58
5 15 23 29 33 36
5 15 23 29 35 44
5 15 23 29 49 52
5 15 23 29 50 56
6 15 23 29 51 53 60
5 15 23 29 54 57
5 15 23 29 55 61
5 15 23 30 33 40
5 15 23 30 34 48
5 15 23 30 36 37
5 15 23 30 49 56
5 15 23 30 51 54
5 15 23 30 55 62
5 15 23 32 43 52
5 15 23 34 36 48
6 15 23 34 41 44 48
6 15 23 34 42 48 56
6 15 23 34 43 48 54
5 15 23 34 48 61
5 15 23 34 48 62
5 15 23 35 38 45
5 15 23 35 40 52
5 15 23 35 42 54
5 15 23 36 38 45
5 15 23 38 45 49
5 15 23 38 45 50
6 15 23 38 45 54 61
5 15 23 38 45 55
5 15 23 38 45 56
5 15 23 44 51 56
5 15 23 46 51 58
6 15 23 47 53 60 62
5 15 23 47 58 61
5 15 24 25 32 33
6 15 24 25 40 41 63
5 15 24 25 42 58
5 15 24 25 52 53
5 15 24 25 56 57
5 15 24 26 32 34
6 15 24 26 40 42 63
5 15 24 26 44 46
5 15 24 26 52 54
5 15 24 26 56 58
6 15 24 30 33 39 42
6 15 24 30 36 51 54
6 15 24 30 40 46 63
5 15 24 30 49 55
5 15 24 30 56 62
5 15 24 32 49 58
5 15 24 35 53 62
5 15 24 36 41 51
5 15 24 36 42 51
5 15 24 36 43 51
6 15 24 36 45 51 57
5 15 24 37 44 57
5 15 24 45 53 59
5 15 24 47 50 53
6 15 25 28 37 51 52
6 15 25 28 41 44 63
5 15 25 28 42 62
5 15 25 33 50 59
5 15 25 35 50 60
5 15 25 36 42 53
5 15 25 37 40 51
5 15 25 37 43 51
6 15 25 37 44 51 56
6 15 25 37 46 51 58
5 15 25 37 51 61
5 15 25 37 51 62
5 15 25 40 42 57
5 15 25 40 46 61
5 15 25 42 44 61
5 15 25 43 49 55
5 15 25 43 58 60
5 15 25 47 49 58
5 15 25 47 60 62
5 15 25 48 53 59
6 15 26 28 38 51 52
5 15 26 28 39 40
6 15 26 28 42 44 63
8 15 26 29 38 44 51 53 56
7 15 26 29 39 41 54 60
5 15 26 29 58 61
5 15 26 34 41 60
5 15 26 34 49 56
5 15 26 38 40 51
6 15 26 38 41 51 60
5 15 26 38 51 61
5 15 26 38 51 62
6 15 26 39 45 55 61
5 15 26 40 50 52
5 15 26 41 55 60
5 15 26 41 59 60
5 15 27 28 29 38
5 15 27 28 32 36
6 15 27 28 43 44 63
5 15 27 29 33 37
5 15 27 29 34 36
5 15 27 29 40 48
5 15 27 29 50 52
5 15 27 29 57 60
5 15 27 29 59 61
5 15 27 30 33 36
7 15 27 30 34 38 40 41
5 15 27 30 35 44
6 15 27 30 43 46 63
5 15 27 30 49 52
5 15 27 30 50 56
5 15 27 30 55 61
5 15 27 30 59 62
5 15 27 32 34 37
5 15 27 32 53 62
5 15 27 35 41 48
5 15 27 35 42 45
6 15 27 35 50 57 60
5 15 27 35 54 61
5 15 27 37 44 46
5 15 27 37 52 54
5 15 27 37 56 58
5 15 27 41 54 56
6 15 27 42 45 48 52
5 15 27 42 45 49
5 15 27 42 45 50
6 15 27 42 45 53 56
5 15 27 42 45 55
6 15 27 42 45 58 61
5 15 27 42 45 59
5 15 27 44 50 53
5 15 27 47 49 54
5 15 27 55 57 60
5 15 28 29 32 33
5 15 28 29 36 37
8 15 28 29 39 40 41 48 49
7 15 28 29 42 51 52 53
5 15 28 29 56 57
5 15 28 30 32 34
5 15 28 30 36 38
6 15 28 30 39 40 42
5 15 28 30 48 50
6 15 28 30 51 52 54
5 15 28 30 56 58
5 15 28 32 39 40
5 15 28 32 49 62
5 15 28 34 53 59
5 15 28 35 39 40
5 15 28 36 53 62
5 15 28 39 40 50
6 15 28 39 40 55 56
5 15 28 39 40 58
5 15 28 41 51 52
5 15 28 43 48 54
5 15 28 43 50 53
5 15 28 43 51 52
6 15 28 47 51 52 59
5 15 28 48 56 62
5 15 28 51 52 61
5 15 29 32 46 49
5 15 29 33 39 41
5 15 29 33 40 48
5 15 29 34 44 49
6 15 29 35 38 40 48
5 15 29 35 50 60
5 15 29 39 41 44
5 15 29 39 41 50
5 15 29 39 41 52
6 15 29 39 41 55 57
5 15 29 39 41 56
5 15 29 39 41 61
6 15 29 40 42 48 50
6 15 29 40 46 48 57
5 15 29 40 48 55
5 15 29 40 48 59
5 15 29 42 44 57
5 15 29 43 58 60
6 15 29 47 51 53 59
5 15 29 47 55 58
5 15 30 32 37 40
5 15 30 32 53 59
5 15 30 35 37 43
5 15 30 35 53 56
5 15 30 37 49 57
5 15 30 37 50 58
5 15 30 38 44 48
5 15 30 38 50 57
5 15 30 39 42 44
6 15 30 39 42 48 49
6 15 30 39 42 50 53
5 15 30 39 42 52
6 15 30 39 42 55 58
5 15 30 39 42 56
5 15 30 39 42 61
5 15 30 39 42 62
6 15 30 44 51 54 56
5 15 30 44 55 57
5 15 30 47 52 57
5 15 30 51 54 61
6 15 31 33 38 48 58
5 15 31 34 49 62
5 15 31 34 53 56
5 15 31 34 60 61
6 15 31 35 44 54 57
5 15 31 35 48 58
6 15 31 35 50 60 61
6 15 31 36 41 48 58
5 15 31 38 53 62
5 15 31 40 50 53
5 15 31 40 51 55
5 15 31 40 52 59
5 15 31 41 53 59
5 15 31 44 48 58
6 15 31 44 51 55 56
6 15 31 48 50 56 58
6 15 31 51 55 60 61
5 15 31 51 55 62
5 15 31 59 60 61
5 15 32 33 36 37
5 15 32 33 40 41
5 15 32 33 52 53
5 15 32 33 56 57
5 15 32 34 36 38
5 15 32 34 40 42
5 15 32 34 56 58
5 15 32 36 49 53
5 15 32 36 50 54
5 15 32 40 50 58
5 15 32 43 53 56
5 15 32 46 50 53
5 15 33 36 38 41
5 15 33 36 49 52
5 15 33 36 50 56
5 15 33 36 54 57
5 15 33 36 55 61
5 15 33 36 59 62
5 15 33 37 49 53
5 15 33 37 50 54
5 15 33 38 49 54
5 15 33 38 52 57
5 15 33 39 56 62
5 15 33 40 49 56
5 15 33 40 55 62
5 15 33 41 49 57
5 15 33 41 50 58
5 15 33 42 49 58
5 15 33 46 48 57
5 15 33 46 49 62
5 15 34 36 50 52
5 15 34 36 59 61
5 15 34 37 50 53
5 15 34 37 55 58
5 15 34 38 49 53
5 15 34 38 50 54
5 15 34 40 59 62
5 15 34 41 50 57
5 15 34 42 49 57
5 15 34 42 50 58
5 15 34 43 50 59
5 15 34 43 52 61
5 15 34 43 58 60
5 15 34 44 53 62
5 15 35 38 50 60
9 15 35 39 44 45 48 49 52 53
7 15 35 39 46 50 54 60
5 15 35 40 53 59
5 15 35 42 50 60
5 15 35 43 44 46
6 15 35 43 48 54 56
5 15 35 43 49 57
6 15 35 43 50 58 60
5 15 35 44 59 62
5 15 35 46 48 57
5 15 35 50 59 60
5 15 36 37 52 53
5 15 36 37 56 57
5 15 36 38 52 54
5 15 36 38 56 58
5 15 36 41 49 54
5 15 36 41 52 57
5 15 36 42 52 58
5 15 36 43 48 54
5 15 36 43 52 59
5 15 36 45 50 59
5 15 37 40 53 56
5 15 37 40 58 61
5 15 37 43 53 59
5 15 37 46 53 62
5 15 38 40 54 56
5 15 38 41 49 52
5 15 38 41 50 56
5 15 38 41 54 57
5 15 38 41 55 61
5 15 39 45 50 56
7 15 39 46 48 49 56 57
5 15 39 46 55 62
5 15 39 48 49 62
5 15 40 41 52 53
5 15 40 41 56 57
5 15 40 42 52 54
5 15 40 42 56 58
5 15 40 46 49 55
5 15 40 46 51 58
5 15 40 46 56 62
5 15 41 44 51 56
5 15 42 44 51 56
7 15 43 44 45 51 56 57
5 15 43 44 48 54
7 15 43 45 48 50 52 54
5 15 43 45 59 61
6 15 43 46 48 54 57
5 15 43 46 49 52
5 15 43 46 50 56
6 15 43 46 51 58 60
5 15 43 46 55 61
5 15 43 46 59 62
5 15 43 55 58 60
6 15 44 46 48 50 57
6 15 44 46 51 56 58
5 15 44 46 52 54
5 15 44 51 56 62
5 15 45 48 52 59
5 15 46 51 58 61
5 15 47 48 55 61
6 15 47 51 59 60 62
5 15 47 51 59 61
5 15 47 55 60 62
5 15 49 52 54 57
5 15 50 54 56 57
8 16 17 20 21 32 33 36 37
12 16 17 20 21 34 38 40 41 50 54 56 57
8 16 17 20 21 35 39 44 45
9 16 17 20 21 42 51 55 60 61
6 16 17 20 21 43 46
5 16 17 20 21 47
8 16 17 20 21 48 49 52 53
5 16 17 20 21 58
6 16 17 20 21 59 62
5 16 17 20 21 63
10 16 17 22 26 28 29 34 46 50 62
8 16 17 22 26 28 29 35 47
10 16 17 22 26 28 29 39 43 51 63
12 16 17 22 26 28 29 48 49 54 58 60 61
8 16 17 22 26 28 29 55 59
6 16 17 23 32 33 39
6 16 17 23 36 37 47
6 16 17 23 40 41 46
5 16 17 23 44 45
6 16 17 23 48 49 55
5 16 17 23 54 59
5 16 17 23 60 61
8 16 17 24 25 32 33 40 41
8 16 17 24 25 34 42 50 58
6 16 17 24 25 35 43
9 16 17 24 25 38 48 49 56 57
6 16 17 24 25 39 46
6 16 17 24 25 44 45
5 16 17 24 25 47
6 16 17 24 25 51 59
6 16 17 24 25 52 53
5 16 17 24 25 54
6 16 17 24 25 55 62
6 16 17 24 25 60 61
5 16 17 24 25 63
5 16 17 27 31 35
8 16 17 27 31 40 41 44 45
8 16 17 27 31 48 49 59 63
8 16 17 27 31 52 53 58 62
5 16 17 30 34 50
5 16 17 30 36 37
5 16 17 30 40 41
5 16 17 30 43 55
5 16 17 30 47 51
6 16 17 30 48 49 62
5 16 17 30 52 53
8 16 17 34 36 37 50 52 53
8 16 17 34 44 45 50 60 61
5 16 17 35 36 37
7 16 17 35 38 55 56 57
5 16 17 35 40 41
5 16 17 35 42 59
5 16 17 35 46 63
5 16 17 35 52 53
5 16 17 35 60 61
6 16 17 36 37 44 45
6 16 17 36 37 48 49
6 16 17 36 37 51 54
5 16 17 36 37 55
5 16 17 36 37 62
5 16 17 36 37 63
6 16 17 38 51 56 57
7 16 17 39 40 41 60 61
5 16 17 39 42 62
5 16 17 40 41 47
6 16 17 40 41 48 49
6 16 17 40 41 51 58
6 16 17 40 41 52 53
5 16 17 40 41 55
5 16 17 40 41 59
5 16 17 40 41 62
5 16 17 40 41 63
5 16 17 42 48 49
5 16 17 43 44 45
5 16 17 43 52 53
6 16 17 44 45 48 49
6 16 17 44 45 51 62
5 16 17 44 45 54
5 16 17 44 45 55
5 16 17 44 45 58
5 16 17 44 45 59
5 16 17 44 45 63
5 16 17 46 48 49
5 16 17 51 52 53
5 16 17 52 53 59
6 16 17 52 53 60 61
5 16 17 59 60 61
8 16 18 20 22 32 34 36 38
6 16 18 20 22 35 39
8 16 18 20 22 40 42 56 58
9 16 18 20 22 41 48 50 52 54
6 16 18 20 22 43 45
6 16 18 20 22 44 46
5 16 18 20 22 47
6 16 18 20 22 49 53
6 16 18 20 22 51 55
5 16 18 20 22 57
6 16 18 20 22 59 61
6 16 18 20 22 60 62
5 16 18 20 22 63
6 16 18 21 32 34 37
8 16 18 21 35 41 55 56 58
8 16 18 21 36 38 48 50 53
6 16 18 21 39 40 42
5 16 18 21 43 63
5 16 18 21 44 46
5 16 18 21 51 57
5 16 18 21 52 54
5 16 18 21 60 62
8 16 18 23 31 32 34 39 47
8 16 18 23 31 36 38 44 46
8 16 18 23 31 37 40 42 45
6 16 18 23 31 49 59
5 16 18 23 31 51
8 16 18 23 31 52 54 60 62
5 16 18 23 31 57
8 16 18 24 26 35 43 44 46
8 16 18 24 26 39 45 55 61
5 16 18 24 26 47
8 16 18 24 26 48 50 56 58
8 16 18 24 26 49 52 54 57
8 16 18 24 26 51 59 60 62
5 16 18 24 26 63
6 16 18 25 32 34 41
5 16 18 25 35 59
5 16 18 25 39 51
8 16 18 25 40 42 48 50 57
5 16 18 25 44 46
5 16 18 25 52 54
5 16 18 25 56 58
5 16 18 25 60 62
6 16 18 27 32 34 43
5 16 18 27 40 42
5 16 18 27 44 46
6 16 18 27 52 54 61
5 16 18 27 60 62
6 16 18 28 30 35 47
6 16 18 28 30 49 61
6 16 18 28 30 51 63
6 16 18 28 30 53 57
6 16 18 28 30 55 59
6 16 18 29 32 34 45
5 16 18 29 35 63
5 16 18 29 36 38
5 16 18 29 40 42
5 16 18 29 43 55
8 16 18 29 44 46 48 50 61
5 16 18 29 52 54
5 16 18 29 60 62
5 16 18 35 36 38
6 16 18 35 37 52 54
5 16 18 35 40 42
6 16 18 35 45 60 62
5 16 18 36 38 47
5 16 18 36 38 49
5 16 18 36 38 51
6 16 18 36 38 52 54
5 16 18 36 38 55
6 16 18 36 38 60 62
5 16 18 36 38 61
5 16 18 36 38 63
5 16 18 37 44 46
5 16 18 37 48 50
5 16 18 37 60 62
5 16 18 39 44 46
6 16 18 40 42 44 46
5 16 18 40 42 47
5 16 18 40 42 49
5 16 18 40 42 51
6 16 18 40 42 52 54
5 16 18 40 42 55
5 16 18 40 42 59
6 16 18 40 42 60 62
5 16 18 40 42 61
5 16 18 40 42 63
5 16 18 41 44 46
5 16 18 41 60 62
5 16 18 43 52 54
5 16 18 44 46 49
5 16 18 44 46 51
5 16 18 44 46 53
5 16 18 44 46 55
5 16 18 44 46 57
5 16 18 44 46 59
6 16 18 44 46 60 62
5 16 18 44 46 63
5 16 18 45 48 50
5 16 18 49 60 62
5 16 18 51 52 54
5 16 18 51 56 58
5 16 18 52 54 59
5 16 18 52 54 63
5 16 18 53 60 62
5 16 18 55 60 62
5 16 18 57 60 62
10 16 19 20 23 25 26 40 43 56 59
8 16 19 20 23 25 26 44 47
10 16 19 20 23 25 26 45 46 60 63
12 16 19 20 23 25 26 48 51 52 55 57 58
8 16 19 20 23 25 26 61 62
8 16 19 21 22 36 39 52 55
8 16 19 21 22 40 43 61 62
8 16 19 21 22 41 42 56 59
6 16 19 21 22 44 47
6 16 19 21 22 45 46
8 16 19 21 22 48 51 53 54
6 16 19 21 22 57 58
6 16 19 21 22 60 63
6 16 19 24 27 44 47
6 16 19 24 27 52 55
6 16 19 24 27 53 54
6 16 19 24 27 60 63
6 16 19 24 27 61 62
8 16 19 28 31 37 38 41 42
8 16 19 28 31 48 51 60 63
8 16 19 28 31 53 54 57 58
6 16 19 29 30 37 38
6 16 19 29 30 41 42
8 16 19 29 30 44 47 60 63
8 16 19 29 30 48 51 61 62
6 16 19 29 30 52 55
6 16 19 29 30 57 58
6 16 19 36 39 44 47
6 16 19 36 39 48 51
6 16 19 36 39 60 63
6 16 19 36 39 61 62
8 16 19 37 38 40 43 44 47
6 16 19 37 38 45 46
6 16 19 37 38 48 51
6 16 19 37 38 52 55
6 16 19 37 38 53 54
6 16 19 37 38 60 63
6 16 19 37 38 61 62
6 16 19 40 43 48 51
6 16 19 40 43 60 63
6 16 19 41 42 44 47
6 16 19 41 42 45 46
6 16 19 41 42 48 51
6 16 19 41 42 52 55
6 16 19 41 42 57 58
6 16 19 41 42 60 63
6 16 19 41 42 61 62
6 16 19 44 47 48 51
6 16 19 44 47 53 54
6 16 19 44 47 57 58
6 16 19 45 46 61 62
6 16 19 52 55 60 63
6 16 19 53 54 61 62
6 16 19 57 58 60 63
6 16 19 57 58 61 62
5 16 20 27 33 37
5 16 20 27 34 38
5 16 20 27 40 56
5 16 20 27 46 61
5 16 20 27 47 60
6 16 20 27 48 52 59
5 16 20 27 49 53
6 16 20 29 32 36 45
6 16 20 29 33 37 47
6 16 20 29 34 38 43
5 16 20 29 35 39
6 16 20 29 48 52 61
5 16 20 29 51 55
5 16 20 29 57 62
8 16 20 30 31 34 35 38 39
5 16 20 30 31 44
8 16 20 30 31 48 52 62 63
8 16 20 30 31 49 53 58 59
6 16 20 33 35 37 39
8 16 20 33 37 40 49 53 56
5 16 20 33 37 44
6 16 20 33 37 48 52
6 16 20 33 37 57 60
5 16 20 33 37 59
5 16 20 33 37 61
5 16 20 33 37 63
5 16 20 34 38 44
7 16 20 34 38 45 51 55
5 16 20 34 38 47
6 16 20 34 38 48 52
6 16 20 34 38 49 53
6 16 20 34 38 58 60
5 16 20 34 38 59
5 16 20 34 38 61
5 16 20 34 38 62
5 16 20 34 38 63
8 16 20 35 39 40 51 55 56
5 16 20 35 39 46
6 16 20 35 39 48 52
5 16 20 35 39 57
5 16 20 35 39 58
6 16 20 35 39 59 60
5 16 20 35 39 61
5 16 20 35 39 62
5 16 20 35 39 63
7 16 20 41 44 50 54 61
6 16 20 41 50 54 60
5 16 20 42 44 62
5 16 20 42 45 59
5 16 20 42 48 52
5 16 20 43 44 63
5 16 20 43 48 52
5 16 20 44 49 53
5 16 20 44 51 55
5 16 20 46 49 53
6 16 20 49 51 53 55
5 16 20 49 53 60
5 16 20 49 53 62
5 16 20 51 55 62
6 16 21 23 32 37 39
5 16 21 23 33 35
5 16 21 23 36 58
6 16 21 23 41 43 56
5 16 21 23 45 47
5 16 21 23 49 51
5 16 21 23 57 59
5 16 21 23 61 63
6 16 21 24 32 37 40
8 16 21 24 33 41 48 53 56
6 16 21 24 34 42 45
5 16 21 24 35 43
8 16 21 24 38 44 50 58 61
5 16 21 24 46 63
5 16 21 24 49 57
5 16 21 24 51 59
5 16 21 24 54 60
8 16 21 25 28 33 45 49 61
8 16 21 25 28 34 46 55 59
6 16 21 25 28 35 47
8 16 21 25 28 38 42 50 62
6 16 21 25 28 39 43
8 16 21 25 28 48 53 57 60
6 16 21 25 28 51 63
6 16 21 25 28 54 58
6 16 21 27 32 37 43
5 16 21 27 33 51
5 16 21 27 41 56
6 16 21 27 48 53 59
6 16 21 29 32 37 45
5 16 21 29 33 58
5 16 21 29 36 44
6 16 21 29 38 46 50
5 16 21 29 39 47
5 16 21 29 52 60
5 16 21 29 54 62
5 16 21 29 55 63
6 16 21 30 32 37 46
5 16 21 30 36 60
5 16 21 30 38 50
6 16 21 30 48 53 62
5 16 21 33 40 52
5 16 21 34 36 49
5 16 21 34 48 53
5 16 21 35 48 53
5 16 21 38 45 50
5 16 21 38 50 52
5 16 21 38 50 60
5 16 21 39 41 56
5 16 21 39 59 61
5 16 21 40 48 53
5 16 21 41 49 56
5 16 21 41 51 56
5 16 21 43 48 53
5 16 21 44 48 53
5 16 21 45 55 62
5 16 21 46 48 53
5 16 21 49 58 62
5 16 21 52 58 59
6 16 22 23 32 38 39
5 16 22 23 34 35
5 16 22 23 36 57
6 16 22 23 41 62 63
6 16 22 23 42 43 56
5 16 22 23 46 47
6 16 22 23 48 54 55
5 16 22 23 58 59
6 16 22 24 32 38 40
8 16 22 24 34 42 48 54 56
5 16 22 24 35 43
5 16 22 24 44 62
5 16 22 24 45 60
5 16 22 24 49 57
5 16 22 24 50 58
5 16 22 24 51 59
6 16 22 25 32 38 41
7 16 22 25 34 40 49 52
5 16 22 25 35 44
7 16 22 25 39 45 59 62
6 16 22 25 42 50 56
5 16 22 25 43 46
6 16 22 25 48 54 57
5 16 22 25 51 60
5 16 22 25 55 61
6 16 22 27 32 38 43
5 16 22 27 34 51
5 16 22 27 41 46
5 16 22 27 42 56
6 16 22 27 48 54 59
6 16 22 30 32 38 46
5 16 22 30 36 44
5 16 22 30 39 47
5 16 22 30 52 60
5 16 22 30 53 61
5 16 22 30 55 63
6 16 22 31 32 38 47
5 16 22 31 36 46
5 16 22 31 40 45
6 16 22 31 48 54 63
5 16 22 31 53 58
5 16 22 34 41 53
5 16 22 34 43 55
6 16 22 35 41 51 57
6 16 22 35 42 55 56
5 16 22 35 48 54
5 16 22 36 48 54
5 16 22 36 50 53
5 16 22 39 41 58
5 16 22 39 42 56
5 16 22 40 48 54
5 16 22 40 50 57
5 16 22 42 49 56
5 16 22 42 51 56
5 16 22 44 48 54
5 16 22 44 50 61
5 16 22 45 48 54
5 16 22 47 48 54
6 16 23 24 32 39 40
5 16 23 24 33 41
5 16 23 24 34 42
8 16 23 24 35 43 48 55 56
5 16 23 24 44 63
5 16 23 24 46 61
5 16 23 24 49 57
5 16 23 24 51 59
8 16 23 27 28 35 47 51 63
6 16 23 27 28 37 41
6 16 23 27 28 38 42
8 16 23 27 28 48 55 59 60
6 16 23 27 28 49 61
6 16 23 27 28 54 58
5 16 23 29 33 36
5 16 23 29 35 44
5 16 23 29 49 52
5 16 23 29 51 60
5 16 23 29 54 57
5 16 23 29 59 62
6 16 23 30 32 39 46
6 16 23 30 48 55 62
5 16 23 33 48 55
5 16 23 35 40 52
5 16 23 36 48 55
5 16 23 37 43 56
5 16 23 37 48 55
5 16 23 37 57 63
5 16 23 38 48 55
5 16 23 38 58 63
5 16 23 40 48 55
5 16 23 41 48 55
5 16 23 42 48 55
5 16 23 43 51 56
5 16 23 44 48 55
5 16 23 45 48 55
5 16 23 46 48 55
8 16 24 29 31 32 40 45 47
8 16 24 29 31 33 35 41 43
8 16 24 29 31 34 37 39 42
8 16 24 29 31 49 51 57 59
6 16 24 29 31 52 62
5 16 24 29 31 54
5 16 24 29 31 60
6 16 24 30 32 40 46
5 16 24 30 34 42
5 16 24 30 35 43
6 16 24 30 49 55 57
5 16 24 30 51 59
5 16 24 33 41 44
5 16 24 33 41 47
6 16 24 33 41 49 57
6 16 24 33 41 51 59
5 16 24 33 41 52
5 16 24 33 41 55
5 16 24 33 41 60
5 16 24 33 41 61
5 16 24 33 41 63
6 16 24 34 35 42 43
5 16 24 34 42 44
5 16 24 34 42 47
6 16 24 34 42 49 57
6 16 24 34 42 51 59
5 16 24 34 42 52
5 16 24 34 42 55
5 16 24 34 42 60
5 16 24 34 42 61
5 16 24 34 42 62
5 16 24 34 42 63
5 16 24 35 37 43
5 16 24 35 38 43
5 16 24 35 43 45
6 16 24 35 43 51 59
5 16 24 35 43 52
5 16 24 35 43 53
5 16 24 35 43 54
5 16 24 35 43 60
5 16 24 35 43 61
5 16 24 35 43 62
5 16 24 35 43 63
6 16 24 37 44 49 57
5 16 24 37 48 56
5 16 24 37 51 59
5 16 24 38 51 59
6 16 24 39 44 51 59
5 16 24 39 48 56
5 16 24 46 49 57
5 16 24 49 57 60
5 16 24 49 57 62
5 16 24 49 57 63
5 16 24 50 58 60
5 16 24 51 52 59
5 16 24 51 53 59
5 16 24 51 54 59
5 16 24 51 59 61
6 16 25 27 32 41 43
5 16 25 27 33 35
5 16 25 27 45 47
5 16 25 27 49 51
5 16 25 27 53 55
5 16 25 27 61 63
6 16 25 29 32 41 45
5 16 25 29 33 54
6 16 25 29 38 59 63
5 16 25 29 40 44
6 16 25 29 42 46 50
5 16 25 29 43 47
6 16 25 29 48 57 61
5 16 25 29 58 62
6 16 25 30 32 41 46
5 16 25 30 38 43
5 16 25 30 40 60
5 16 25 30 42 50
6 16 25 30 48 57 62
6 16 25 31 32 41 47
5 16 25 31 33 43
5 16 25 31 34 39
6 16 25 31 48 57 63
5 16 25 31 53 58
5 16 25 33 48 57
5 16 25 33 53 56
5 16 25 34 48 57
5 16 25 34 54 56
5 16 25 35 48 57
5 16 25 35 55 56
5 16 25 38 40 53
6 16 25 38 44 54 60
5 16 25 38 45 58
5 16 25 39 48 57
5 16 25 40 46 61
6 16 25 42 44 50 61
5 16 25 42 45 50
5 16 25 42 50 52
5 16 25 42 50 60
5 16 25 44 48 57
5 16 25 47 48 57
5 16 26 27 34 35
6 16 26 27 40 46 47
6 16 26 27 48 58 59
6 16 26 27 49 54 55
6 16 26 30 34 43 47
5 16 26 30 40 44
6 16 26 30 48 58 62
6 16 26 30 52 57 61
6 16 26 34 45 48 58
6 16 26 34 49 54 56
5 16 26 34 52 57
5 16 26 34 55 63
5 16 26 35 45 59
5 16 26 35 48 58
5 16 26 35 52 57
5 16 26 35 55 56
6 16 26 39 40 48 58
5 16 26 39 44 62
5 16 26 39 46 59
5 16 26 39 52 57
5 16 26 40 49 54
6 16 26 40 50 52 57
5 16 26 40 61 63
5 16 26 43 45 62
5 16 26 44 48 58
5 16 26 44 49 54
5 16 26 44 50 61
5 16 26 45 49 54
5 16 26 49 51 54
5 16 26 49 54 62
5 16 26 49 54 63
5 16 26 52 57 59
5 16 26 52 57 60
5 16 26 52 57 63
6 16 27 29 32 43 45
6 16 27 29 48 59 61
6 16 27 30 32 43 46
5 16 27 30 34 40
5 16 27 30 38 41
6 16 27 30 48 59 62
5 16 27 30 49 52
5 16 27 30 51 60
5 16 27 33 48 59
5 16 27 33 53 56
5 16 27 34 48 59
5 16 27 34 54 56
5 16 27 35 48 59
5 16 27 35 55 56
5 16 27 37 48 59
5 16 27 38 47 58
5 16 27 38 48 59
5 16 27 40 48 59
5 16 27 40 51 52
5 16 27 41 48 59
5 16 27 41 51 53
5 16 27 42 48 59
5 16 27 42 51 54
5 16 27 44 48 59
6 16 28 33 35 45 47
6 16 28 33 45 48 60
6 16 28 33 45 51 63
6 16 28 33 45 55 59
8 16 28 34 35 37 41 46 47
6 16 28 34 46 48 60
6 16 28 34 46 51 63
6 16 28 35 38 42 47
6 16 28 35 47 48 60
6 16 28 35 47 53 57
6 16 28 35 47 54 58
6 16 28 37 39 41 43
6 16 28 37 41 48 60
6 16 28 37 41 49 61
6 16 28 37 41 51 63
6 16 28 37 41 53 57
6 16 28 37 41 55 59
6 16 28 38 39 42 43
6 16 28 38 42 48 60
6 16 28 38 42 49 61
6 16 28 38 42 51 63
6 16 28 38 42 54 58
6 16 28 38 42 55 59
6 16 28 39 43 55 59
6 16 28 49 51 61 63
6 16 28 51 54 58 63
6 16 28 53 55 57 59
6 16 28 54 55 58 59
5 16 29 33 48 61
5 16 29 34 44 49
5 16 29 34 48 61
5 16 29 35 48 61
5 16 29 36 48 61
5 16 29 37 46 50
5 16 29 37 48 61
5 16 29 37 54 63
5 16 29 38 48 61
5 16 29 39 48 61
5 16 29 41 48 61
5 16 29 41 58 63
5 16 29 42 48 61
5 16 29 43 48 61
5 16 29 46 50 60
5 16 30 34 48 62
5 16 30 34 49 60
5 16 30 35 48 62
5 16 30 36 48 62
5 16 30 36 50 53
5 16 30 37 48 62
5 16 30 38 48 62
5 16 30 38 53 60
5 16 30 40 48 62
5 16 30 40 50 57
5 16 30 41 47 58
5 16 30 41 48 62
5 16 30 42 48 62
5 16 30 42 57 60
5 16 30 44 48 62
5 16 30 44 50 61
5 16 31 33 43 44
6 16 31 33 43 48 63
5 16 31 33 43 51
6 16 31 33 43 52 62
5 16 31 33 43 60
5 16 31 34 39 41
6 16 31 34 39 44 57
6 16 31 34 39 48 63
5 16 31 34 39 51
6 16 31 34 39 52 62
5 16 31 34 39 60
5 16 31 35 36 46
5 16 31 35 37 42
6 16 31 35 40 45 54
5 16 31 35 48 63
6 16 31 36 46 48 63
6 16 31 36 46 49 59
5 16 31 36 46 51
5 16 31 36 46 60
5 16 31 37 42 44
6 16 31 37 42 49 59
5 16 31 37 42 51
6 16 31 37 42 52 62
5 16 31 37 42 60
5 16 31 38 40 45
5 16 31 38 48 63
5 16 31 38 49 59
5 16 31 38 52 62
6 16 31 40 45 48 63
6 16 31 40 45 49 59
5 16 31 40 45 51
5 16 31 40 45 60
5 16 31 41 48 63
5 16 31 41 49 59
5 16 31 41 52 62
5 16 31 44 48 63
5 16 31 49 59 60
5 16 31 51 52 62
5 16 31 51 53 58
5 16 31 53 58 60
6 16 33 35 36 44 58
6 16 33 35 53 55 56
5 16 33 35 57 59
5 16 33 35 61 63
5 16 33 36 49 52
5 16 33 36 51 60
7 16 33 36 54 55 57 61
5 16 33 36 59 62
5 16 33 39 47 58
5 16 33 40 44 54
5 16 33 40 55 62
5 16 33 40 58 59
5 16 33 44 49 60
5 16 33 44 62 63
5 16 33 51 53 56
5 16 33 52 58 60
5 16 33 55 58 63
5 16 34 35 36 57
5 16 34 35 40 44
6 16 34 35 54 55 56
5 16 34 35 58 59
5 16 34 35 62 63
5 16 34 36 58 62
5 16 34 36 59 61
5 16 34 37 44 59
5 16 34 37 51 57
5 16 34 37 54 56
5 16 34 40 51 60
5 16 34 40 59 62
5 16 34 41 44 55
5 16 34 43 44 53
5 16 34 43 52 61
5 16 34 51 54 56
5 16 34 55 57 60
5 16 35 36 51 52
5 16 35 36 59 63
5 16 35 37 40 62
5 16 35 37 51 53
5 16 35 37 55 56
5 16 35 38 40 61
5 16 35 38 51 54
5 16 35 40 46 53
5 16 35 42 51 58
5 16 35 44 51 60
5 16 35 45 51 61
5 16 35 46 51 62
6 16 36 44 50 53 61
5 16 36 44 54 62
5 16 36 44 55 63
5 16 36 45 47 58
5 16 36 49 51 58
5 16 36 50 53 60
5 16 36 58 61 63
5 16 37 39 45 47
5 16 37 39 61 63
5 16 37 40 50 57
5 16 37 40 54 60
5 16 37 43 53 59
5 16 37 44 50 61
5 16 37 44 53 60
5 16 37 45 55 63
5 16 37 46 53 62
5 16 38 39 41 45
5 16 38 39 46 47
5 16 38 39 62 63
5 16 38 41 43 46
5 16 38 41 49 52
5 16 38 41 51 60
5 16 38 41 55 61
5 16 38 41 59 62
5 16 38 43 54 59
5 16 38 45 54 61
5 16 38 46 53 61
5 16 38 46 55 63
5 16 38 47 54 63
5 16 39 41 55 57
5 16 39 42 51 57
5 16 39 42 55 58
5 16 39 44 55 60
5 16 39 45 51 60
5 16 39 46 55 62
6 16 40 44 50 57 61
5 16 40 44 58 62
5 16 40 44 59 63
5 16 40 46 49 55
5 16 40 50 57 60
5 16 40 51 54 61
5 16 41 43 45 47
5 16 41 43 53 55
5 16 41 43 61 63
5 16 41 44 57 60
5 16 41 45 59 63
5 16 41 46 57 62
5 16 41 47 57 63
5 16 42 43 46 47
5 16 42 43 54 55
5 16 42 43 62 63
5 16 42 44 58 60
5 16 42 45 54 60
5 16 42 45 58 61
5 16 42 46 57 61
5 16 42 46 59 63
5 16 43 44 59 60
5 16 43 45 59 61
5 16 43 46 51 60
5 16 43 46 55 61
5 16 43 46 59 62
5 16 49 51 52 60
5 16 54 55 62 63
5 16 54 57 59 62
5 16 57 59 61 63
5 16 58 59 62 63
16 17 18 20 23 24 27 29 30 32 35 44 47 48 51 60 63
16 17 18 20 23 24 27 29 30 49 50 52 55 56 59 61 62
16 17 18 21 22 32 35 36 39 41 42 48 51 52 55 57 58
8 17 18 21 22 33 34 37 38
8 17 18 21 22 40 43 61 62
6 17 18 21 22 44 47
6 17 18 21 22 45 46
8 17 18 21 22 49 50 53 54
6 17 18 21 22 56 59
6 17 18 21 22 60 63
12 17 18 25 26 32 35 40 43 48 51 56 59
8 17 18 25 26 33 34 41 42
10 17 18 25 26 36 39 49 50 57 58
6 17 18 25 26 44 47
6 17 18 25 26 45 46
6 17 18 25 26 52 55
6 17 18 25 26 53 54
6 17 18 25 26 60 63
6 17 18 25 26 61 62
8 17 18 28 31 32 35 48 51
6 17 18 28 31 37 38
6 17 18 28 31 41 42
8 17 18 28 31 49 50 60 63
6 17 18 28 31 53 54
6 17 18 28 31 56 59
10 17 18 32 35 37 38 48 51 53 54
10 17 18 32 35 45 46 48 51 61 62
6 17 18 37 38 45 46
6 17 18 37 38 49 50
6 17 18 37 38 52 55
6 17 18 37 38 60 63
6 17 18 37 38 61 62
6 17 18 40 43 49 50
6 17 18 40 43 52 55
6 17 18 40 43 60 63
6 17 18 41 42 44 47
6 17 18 41 42 45 46
6 17 18 41 42 49 50
6 17 18 41 42 53 54
6 17 18 41 42 56 59
6 17 18 41 42 60 63
6 17 18 41 42 61 62
6 17 18 44 47 49 50
6 17 18 45 46 49 50
6 17 18 45 46 52 55
6 17 18 45 46 56 59
6 17 18 45 46 60 63
6 17 18 52 55 60 63
8 17 18 53 54 56 59 60 63
6 17 18 53 54 61 62
8 17 19 20 28 33 35 36 44
8 17 19 20 28 37 39 45 47
8 17 19 20 28 38 41 43 46
5 17 19 20 28 48
6 17 19 20 28 50 56
8 17 19 20 28 53 55 61 63
5 17 19 20 28 58
6 17 19 21 23 32 36
8 17 19 21 23 33 35 37 39
6 17 19 21 23 40 46
8 17 19 21 23 41 43 57 59
9 17 19 21 23 42 49 51 53 55
5 17 19 21 23 44
6 17 19 21 23 45 47
6 17 19 21 23 48 52
6 17 19 21 23 50 54
6 17 19 21 23 56 62
5 17 19 21 23 58
5 17 19 21 23 60
6 17 19 21 23 61 63
8 17 19 22 32 42 52 57 59
6 17 19 22 33 35 38
6 17 19 22 36 41 43
8 17 19 22 37 39 49 51 54
5 17 19 22 40 60
5 17 19 22 45 47
5 17 19 22 48 58
5 17 19 22 53 55
5 17 19 22 61 63
6 17 19 24 33 35 40
5 17 19 24 41 43
5 17 19 24 45 47
6 17 19 24 53 55 62
5 17 19 24 61 63
8 17 19 25 27 32 40 45 47
8 17 19 25 27 36 46 52 62
5 17 19 25 27 44
8 17 19 25 27 48 56 61 63
8 17 19 25 27 49 51 57 59
8 17 19 25 27 50 53 55 58
5 17 19 25 27 60
5 17 19 26 32 56
6 17 19 26 33 35 42
5 17 19 26 36 48
8 17 19 26 41 43 49 51 58
5 17 19 26 45 47
5 17 19 26 53 55
5 17 19 26 57 59
5 17 19 26 61 63
6 17 19 29 31 32 44
6 17 19 29 31 48 60
6 17 19 29 31 50 62
6 17 19 29 31 52 56
6 17 19 29 31 54 58
5 17 19 30 32 60
6 17 19 30 33 35 46
5 17 19 30 37 39
5 17 19 30 40 52
5 17 19 30 41 43
8 17 19 30 45 47 49 51 62
5 17 19 30 53 55
5 17 19 30 61 63
5 17 19 32 37 39
6 17 19 32 38 53 55
5 17 19 32 41 43
6 17 19 32 46 61 63
5 17 19 36 45 47
5 17 19 37 39 44
5 17 19 37 39 48
5 17 19 37 39 50
5 17 19 37 39 52
6 17 19 37 39 53 55
5 17 19 37 39 60
6 17 19 37 39 61 63
5 17 19 37 39 62
5 17 19 38 45 47
5 17 19 38 49 51
5 17 19 38 61 63
5 17 19 40 53 55
5 17 19 41 43 44
6 17 19 41 43 45 47
5 17 19 41 43 48
5 17 19 41 43 50
5 17 19 41 43 52
6 17 19 41 43 53 55
5 17 19 41 43 56
5 17 19 41 43 60
6 17 19 41 43 61 63
5 17 19 41 43 62
5 17 19 42 45 47
5 17 19 42 61 63
5 17 19 45 47 48
5 17 19 45 47 50
5 17 19 45 47 52
5 17 19 45 47 54
5 17 19 45 47 56
5 17 19 45 47 58
5 17 19 45 47 60
6 17 19 45 47 61 63
5 17 19 46 49 51
5 17 19 48 53 55
5 17 19 48 57 59
5 17 19 50 61 63
5 17 19 52 61 63
5 17 19 53 55 56
5 17 19 53 55 60
5 17 19 54 61 63
5 17 19 58 61 63
12 17 20 22 25 32 34 40 42 49 52 54 57
8 17 20 22 25 33 36 38 41
8 17 20 22 25 35 43 44 46
10 17 20 22 25 39 45 51 59 60 62
5 17 20 22 25 47
8 17 20 22 25 48 50 56 58
5 17 20 22 25 53
6 17 20 22 25 55 61
5 17 20 22 25 63
6 17 20 26 32 50 56
6 17 20 26 33 36 42
7 17 20 26 34 40 54 57
5 17 20 26 35 44
7 17 20 26 39 45 55 61
7 17 20 26 43 46 51 60
6 17 20 26 49 52 58
5 17 20 26 59 62
6 17 20 31 33 36 47
5 17 20 31 38 41
5 17 20 31 39 45
6 17 20 31 49 52 63
5 17 20 31 51 60
5 17 20 31 59 62
6 17 20 32 38 41 53
5 17 20 32 39 45
7 17 20 32 43 46 55 61
5 17 20 32 59 62
7 17 20 34 40 48 54 57
6 17 20 35 37 44 58
5 17 20 35 42 44
5 17 20 37 49 52
5 17 20 37 50 56
5 17 20 37 55 61
5 17 20 37 59 62
5 17 20 38 41 47
5 17 20 38 41 48
6 17 20 38 41 49 52
7 17 20 38 41 51 58 60
6 17 20 38 41 55 61
5 17 20 38 41 63
5 17 20 39 45 48
6 17 20 39 45 49 52
6 17 20 39 45 50 56
5 17 20 39 45 63
6 17 20 42 43 46 47
5 17 20 42 50 56
5 17 20 42 59 62
5 17 20 43 46 48
6 17 20 43 46 49 52
6 17 20 43 46 50 56
6 17 20 43 46 59 62
5 17 20 43 46 63
5 17 20 47 49 52
5 17 20 47 50 56
5 17 20 48 55 61
5 17 20 48 59 62
5 17 20 50 56 63
5 17 20 53 59 62
6 17 20 58 59 62 63
8 17 21 24 34 38 44 58 61
6 17 21 24 35 39 46
5 17 21 24 41 57
8 17 21 24 42 45 51 55 62
6 17 21 24 49 53 56
6 17 21 24 50 54 60
10 17 21 26 27 32 36 46 47 56 61
7 17 21 26 27 40 45 60
6 17 21 26 27 41 57
5 17 21 26 27 44
8 17 21 26 27 48 52 62 63
8 17 21 26 27 49 53 58 59
5 17 21 28 32 36
6 17 21 28 33 37 44
6 17 21 28 34 38 62
5 17 21 28 35 39
6 17 21 28 42 51 55
5 17 21 28 45 58
6 17 21 28 49 53 60
5 17 21 28 50 54
6 17 21 30 33 37 46
5 17 21 30 34 38
5 17 21 30 48 52
6 17 21 30 49 53 62
5 17 21 30 58 63
6 17 21 31 32 36 45
5 17 21 31 35 39
6 17 21 31 49 53 63
6 17 21 31 50 54 59
8 17 21 32 34 36 38 49 53
5 17 21 32 36 43
6 17 21 32 36 50 54
5 17 21 32 36 59
5 17 21 32 36 62
5 17 21 32 36 63
5 17 21 34 38 45
6 17 21 34 38 48 52
5 17 21 34 38 60
5 17 21 35 39 40
6 17 21 35 39 49 53
6 17 21 35 39 50 54
5 17 21 35 39 56
6 17 21 35 39 59 61
5 17 21 35 39 60
5 17 21 35 39 62
5 17 21 35 39 63
6 17 21 40 42 51 55
5 17 21 40 49 53
6 17 21 42 44 51 55
6 17 21 42 51 55 56
5 17 21 43 45 63
5 17 21 43 48 52
5 17 21 43 49 53
5 17 21 44 50 54
5 17 21 46 48 52
5 17 21 47 48 52
5 17 21 47 50 54
6 17 21 48 50 52 54
5 17 21 48 52 59
5 17 21 50 54 61
5 17 21 50 54 63
8 17 22 23 32 42 43 52 57
8 17 22 23 36 41 56 62 63
5 17 22 23 37 53
6 17 22 23 40 46 47
6 17 22 23 48 58 59
6 17 22 23 49 54 55
7 17 22 24 32 42 52 57
6 17 22 24 33 38 40
6 17 22 24 34 48 58
6 17 22 24 39 46 51
6 17 22 24 44 55 62
5 17 22 24 45 61
6 17 22 24 49 54 56
6 17 22 30 33 38 46
6 17 22 30 36 41 44
5 17 22 30 37 45
6 17 22 30 39 47 51
5 17 22 30 48 58
5 17 22 30 53 61
5 17 22 30 55 63
6 17 22 31 33 38 47
5 17 22 31 36 41
5 17 22 31 37 61
5 17 22 31 39 51
6 17 22 31 49 54 63
7 17 22 32 42 50 52 57
6 17 22 34 36 41 53
5 17 22 34 44 61
5 17 22 35 37 50
5 17 22 35 49 54
5 17 22 36 41 47
6 17 22 36 41 49 54
5 17 22 36 41 50
5 17 22 36 41 59
5 17 22 36 41 61
5 17 22 39 40 51
5 17 22 39 44 51
5 17 22 39 51 53
5 17 22 39 51 56
5 17 22 39 51 61
5 17 22 40 48 58
5 17 22 44 48 58
5 17 22 44 49 54
5 17 22 45 48 58
5 17 22 45 49 54
5 17 22 47 48 58
5 17 22 47 49 54
5 17 22 50 59 63
7 17 23 25 32 40 46 61
6 17 23 25 33 39 41
8 17 23 25 35 43 49 55 57
6 17 23 25 36 51 59
5 17 23 25 45 63
6 17 23 25 48 56 62
5 17 23 25 50 58
6 17 23 26 32 56 62
6 17 23 26 33 39 42
7 17 23 26 35 41 50 53
5 17 23 26 36 52
6 17 23 26 40 46 63
6 17 23 26 43 51 57
6 17 23 26 49 55 58
6 17 23 28 33 39 44
6 17 23 28 49 55 60
6 17 23 31 33 39 47
5 17 23 31 36 44
5 17 23 31 37 45
5 17 23 31 52 60
6 17 23 31 54 56 62
5 17 23 32 37 58
6 17 23 35 40 46 52
5 17 23 35 42 54
5 17 23 35 56 62
5 17 23 36 49 55
5 17 23 37 49 55
5 17 23 37 51 54
5 17 23 37 56 62
6 17 23 40 42 44 46
5 17 23 40 46 48
6 17 23 40 46 49 55
5 17 23 40 46 50
5 17 23 40 46 51
6 17 23 40 46 56 62
5 17 23 40 46 59
5 17 23 40 46 60
5 17 23 41 49 55
5 17 23 41 51 58
5 17 23 42 56 62
5 17 23 43 48 57
5 17 23 43 50 57
5 17 23 44 49 55
5 17 23 45 49 55
6 17 23 45 51 56 62
6 17 23 56 58 60 62
8 17 24 26 32 34 49 56 58
6 17 24 26 33 40 42
7 17 24 26 39 44 46 59
5 17 24 26 43 51
6 17 24 26 45 48 50
5 17 24 26 52 54
6 17 24 26 55 60 62
6 17 24 28 33 40 44
6 17 24 28 35 41 45
6 17 24 28 39 42 46
5 17 24 28 43 47
6 17 24 28 49 56 60
5 17 24 28 50 53
5 17 24 28 59 63
6 17 24 31 33 40 47
6 17 24 31 49 56 63
5 17 24 32 38 53
6 17 24 32 39 46 61
5 17 24 32 55 62
5 17 24 34 52 58
5 17 24 34 58 60
6 17 24 38 39 46 47
5 17 24 38 55 62
5 17 24 39 46 48
6 17 24 39 46 49 56
5 17 24 39 46 50
5 17 24 39 46 52
6 17 24 39 46 55 62
5 17 24 39 46 60
5 17 24 39 46 63
5 17 24 41 44 54
5 17 24 41 48 53
5 17 24 41 49 56
5 17 24 41 55 62
5 17 24 42 48 54
5 17 24 42 49 56
6 17 24 43 48 55 62
5 17 24 43 49 56
5 17 24 45 49 56
5 17 24 47 49 56
6 17 24 54 55 62 63
5 17 25 28 32 40
6 17 25 28 33 41 44
6 17 25 28 34 42 62
5 17 25 28 35 43
5 17 25 28 45 54
5 17 25 28 48 56
5 17 25 28 50 58
5 17 25 28 51 59
6 17 25 30 32 40 60
6 17 25 30 33 41 46
5 17 25 30 34 42
6 17 25 30 35 38 43
5 17 25 30 48 56
5 17 25 30 50 58
5 17 25 30 53 63
5 17 25 31 32 40
6 17 25 31 33 41 47
5 17 25 31 35 43
5 17 25 31 48 56
5 17 25 31 50 58
5 17 25 31 51 59
6 17 25 32 38 40 53
5 17 25 32 39 40
6 17 25 32 40 50 58
5 17 25 32 40 55
5 17 25 32 40 62
5 17 25 32 40 63
6 17 25 34 36 42 53
6 17 25 34 42 44 61
5 17 25 34 42 45
6 17 25 34 42 48 56
5 17 25 34 42 60
5 17 25 35 36 43
5 17 25 35 43 45
6 17 25 35 43 50 58
5 17 25 35 43 52
5 17 25 35 43 53
5 17 25 35 43 60
5 17 25 35 43 61
5 17 25 35 43 62
5 17 25 35 43 63
6 17 25 36 45 48 56
6 17 25 38 44 54 60
6 17 25 38 45 50 58
5 17 25 39 48 56
5 17 25 44 50 58
5 17 25 44 51 59
5 17 25 46 48 56
5 17 25 47 48 56
5 17 25 47 50 58
5 17 25 48 53 56
5 17 25 48 54 56
5 17 25 48 55 56
5 17 25 50 52 58
5 17 25 50 58 60
5 17 25 50 58 61
5 17 25 50 58 63
5 17 25 51 52 59
5 17 25 51 59 61
6 17 26 30 33 42 46
5 17 26 30 41 45
5 17 26 30 48 53
6 17 26 30 49 58 62
5 17 26 30 59 63
6 17 26 31 33 42 47
5 17 26 31 41 61
5 17 26 31 43 51
6 17 26 31 49 58 63
5 17 26 32 39 56
5 17 26 32 54 56
5 17 26 32 55 56
5 17 26 32 56 63
5 17 26 34 36 53
5 17 26 34 44 61
5 17 26 35 49 58
5 17 26 35 55 57
5 17 26 36 43 51
5 17 26 39 41 54
5 17 26 40 49 58
5 17 26 40 50 52
5 17 26 41 47 62
5 17 26 43 44 51
6 17 26 43 45 51 62
5 17 26 43 51 52
5 17 26 43 51 53
5 17 26 43 51 61
5 17 26 44 49 58
5 17 26 45 49 58
5 17 26 47 49 58
5 17 27 28 32 47
5 17 27 28 40 45
5 17 27 28 48 63
5 17 27 28 50 55
5 17 27 28 53 58
5 17 27 28 56 61
5 17 27 32 41 47
7 17 27 35 36 46 49 59
5 17 27 35 40 45
6 17 27 35 50 55 57
5 17 27 35 52 62
5 17 27 35 53 58
5 17 27 35 56 61
6 17 27 36 46 48 63
6 17 27 36 46 50 55
5 17 27 36 46 51
6 17 27 40 45 48 63
6 17 27 40 45 49 59
6 17 27 40 45 50 55
7 17 27 40 45 51 52 62
6 17 27 40 45 56 61
5 17 27 41 48 63
5 17 27 41 49 59
5 17 27 41 50 55
6 17 27 41 51 53 58
5 17 27 41 52 62
5 17 27 41 56 61
5 17 27 44 49 59
5 17 27 44 50 55
6 17 27 48 50 55 63
5 17 27 50 55 60
5 17 27 51 56 61
6 17 27 53 56 58 61
5 17 27 53 58 60
8 17 28 30 32 34 49 60 62
6 17 28 30 33 44 46
5 17 28 30 36 38
5 17 28 30 39 59
5 17 28 30 40 42
5 17 28 30 47 51
5 17 28 30 48 50
5 17 28 30 56 58
5 17 28 32 46 61
5 17 28 34 41 62
5 17 28 34 48 62
5 17 28 37 49 60
5 17 28 37 51 54
5 17 28 38 49 60
5 17 28 39 49 60
5 17 28 40 49 60
5 17 28 41 49 60
5 17 28 41 51 58
5 17 28 42 49 60
5 17 28 43 49 60
5 17 28 45 49 60
5 17 28 46 49 60
5 17 28 47 49 60
8 17 29 32 34 44 46 49 61
8 17 29 32 39 43 44 50 62
6 17 29 32 44 54 58
6 17 29 32 44 55 59
6 17 29 34 46 48 60
6 17 29 34 46 52 56
6 17 29 35 47 49 61
6 17 29 35 47 52 56
6 17 29 39 43 48 60
6 17 29 39 43 49 61
6 17 29 39 43 52 56
6 17 29 39 43 55 59
6 17 29 48 50 60 62
6 17 29 48 55 59 60
6 17 29 51 52 56 63
6 17 29 52 54 56 58
6 17 29 54 55 58 59
5 17 30 31 32 60
5 17 30 31 36 56
5 17 30 31 38 39
5 17 30 31 42 43
5 17 30 31 45 61
6 17 30 31 49 62 63
5 17 30 31 58 59
6 17 30 32 38 53 60
5 17 30 32 39 60
5 17 30 32 41 60
5 17 30 32 43 60
5 17 30 32 50 60
5 17 30 32 55 60
5 17 30 32 59 60
5 17 30 34 44 61
5 17 30 35 45 50
5 17 30 35 49 62
5 17 30 36 47 51
5 17 30 36 49 62
5 17 30 37 49 62
5 17 30 38 47 51
5 17 30 38 49 62
5 17 30 39 49 62
5 17 30 40 47 51
5 17 30 40 49 62
6 17 30 41 47 51 58
5 17 30 41 49 62
5 17 30 42 49 62
5 17 30 43 49 62
5 17 30 44 49 62
5 17 30 47 51 52
5 17 30 47 51 56
5 17 30 47 51 61
5 17 31 32 38 53
5 17 31 35 49 63
5 17 31 35 50 61
5 17 31 37 49 63
5 17 31 37 51 54
5 17 31 38 49 63
5 17 31 39 49 63
5 17 31 39 54 61
5 17 31 41 49 63
5 17 31 41 51 58
5 17 31 42 49 63
5 17 31 43 49 63
5 17 31 43 58 61
5 17 31 44 49 63
5 17 31 45 49 63
5 17 31 45 51 62
5 17 32 34 37 49
5 17 32 34 41 49
5 17 32 34 45 49
5 17 32 37 46 61
5 17 32 38 39 53
6 17 32 38 43 53 63
5 17 32 38 50 53
5 17 32 38 53 62
5 17 32 41 46 61
5 17 32 46 50 61
5 17 32 46 59 61
5 17 34 36 48 53
5 17 34 37 44 61
5 17 34 41 44 61
5 17 34 44 48 61
5 17 35 37 59 63
5 17 35 38 40 60
5 17 35 40 53 63
5 17 36 38 48 50
5 17 36 38 52 54
5 17 36 42 43 56
5 17 36 43 52 59
5 17 36 44 54 62
5 17 36 44 55 63
5 17 36 45 50 59
5 17 36 45 51 62
5 17 36 45 52 61
5 17 36 47 52 63
5 17 36 54 55 56
5 17 37 44 51 54
6 17 37 45 51 54 62
5 17 37 45 52 60
5 17 37 45 55 63
5 17 37 51 52 54
5 17 37 51 54 56
5 17 37 51 54 61
5 17 38 39 54 55
5 17 38 39 62 63
5 17 38 40 55 58
5 17 38 45 51 62
5 17 38 45 54 61
5 17 38 46 52 60
5 17 38 47 54 63
5 17 39 40 42 59
5 17 39 40 55 56
5 17 39 42 44 63
5 17 39 42 50 53
5 17 39 44 55 60
5 17 39 47 52 60
5 17 39 47 54 62
5 17 39 48 50 59
5 17 40 42 48 50
5 17 40 42 56 58
5 17 40 42 60 62
5 17 40 44 58 62
5 17 40 44 59 63
5 17 40 47 52 61
5 17 40 47 56 63
5 17 41 44 51 58
5 17 41 45 59 63
5 17 41 51 56 58
5 17 41 51 58 61
5 17 42 43 58 59
5 17 42 43 62 63
5 17 42 44 58 60
5 17 42 45 54 60
5 17 42 45 58 61
5 17 42 46 56 60
5 17 42 47 58 63
5 17 43 44 59 60
5 17 43 45 50 52
5 17 43 45 59 61
5 17 43 47 56 60
5 17 43 47 58 62
5 17 44 46 48 50
5 17 44 46 60 62
5 17 46 47 62 63
6 18 19 20 34 35 36
6 18 19 20 38 39 44
6 18 19 20 42 43 45
5 18 19 20 46 47
6 18 19 20 50 51 52
5 18 19 20 53 56
5 18 19 20 62 63
8 18 19 21 25 30 31 32 44
10 18 19 21 25 30 31 33 45 49 61
10 18 19 21 25 30 31 36 40 48 60
12 18 19 21 25 30 31 50 51 53 57 62 63
8 18 19 21 25 30 31 52 56
8 18 19 22 23 32 36 46 47
12 18 19 22 23 33 37 42 43 49 53 58 59
8 18 19 22 23 34 35 38 39
6 18 19 22 23 40 45
9 18 19 22 23 41 48 52 62 63
5 18 19 22 23 44
8 18 19 22 23 50 51 54 55
6 18 19 22 23 56 61
5 18 19 22 23 57
5 18 19 22 23 60
5 18 19 24 28 32
8 18 19 24 28 42 43 46 47
8 18 19 24 28 50 51 56 60
8 18 19 24 28 54 55 57 61
6 18 19 26 27 32 40
8 18 19 26 27 33 41 49 57
8 18 19 26 27 34 35 42 43
6 18 19 26 27 36 45
9 18 19 26 27 37 50 51 58 59
5 18 19 26 27 44
6 18 19 26 27 46 47
6 18 19 26 27 48 56
6 18 19 26 27 52 61
5 18 19 26 27 53
6 18 19 26 27 54 55
5 18 19 26 27 60
6 18 19 26 27 62 63
5 18 19 29 33 49
5 18 19 29 38 39
5 18 19 29 40 52
5 18 19 29 42 43
5 18 19 29 44 48
6 18 19 29 50 51 61
5 18 19 29 54 55
7 18 19 32 37 52 58 59
5 18 19 32 38 39
5 18 19 32 41 56
5 18 19 32 42 43
5 18 19 32 45 60
5 18 19 32 54 55
5 18 19 32 62 63
8 18 19 33 38 39 49 54 55
8 18 19 33 46 47 49 62 63
5 18 19 36 41 61
7 18 19 36 42 43 62 63
6 18 19 37 48 58 59
6 18 19 38 39 46 47
6 18 19 38 39 48 53
6 18 19 38 39 50 51
5 18 19 38 39 52
5 18 19 38 39 60
5 18 19 38 39 61
5 18 19 40 46 47
5 18 19 40 54 55
5 18 19 41 50 51
5 18 19 42 43 44
6 18 19 42 43 48 57
6 18 19 42 43 50 51
5 18 19 42 43 52
6 18 19 42 43 54 55
5 18 19 42 43 56
5 18 19 42 43 60
5 18 19 42 43 61
5 18 19 45 50 51
6 18 19 46 47 48 61
6 18 19 46 47 50 51
5 18 19 46 47 52
5 18 19 46 47 53
5 18 19 46 47 56
5 18 19 46 47 57
5 18 19 46 47 60
5 18 19 48 54 55
5 18 19 54 55 56
6 18 19 54 55 62 63
5 18 19 56 62 63
8 18 20 21 35 40 41 55 58
5 18 20 21 38 54
8 18 20 21 39 42 59 60 61
6 18 20 21 43 44 45
6 18 20 21 50 52 53
6 18 20 21 51 56 57
7 18 20 25 32 42 49 54
6 18 20 25 34 36 41
6 18 20 25 35 59 61
5 18 20 25 39 55
6 18 20 25 40 48 58
6 18 20 25 43 45 60
6 18 20 25 50 52 57
8 18 20 26 32 40 50 52 58
6 18 20 26 34 36 42
7 18 20 26 35 43 45 62
6 18 20 26 39 48 56
5 18 20 26 46 60
5 18 20 26 49 57
6 18 20 26 51 59 61
6 18 20 28 34 36 44
5 18 20 28 38 46
5 18 20 28 39 47
6 18 20 28 53 59 61
5 18 20 28 55 63
6 18 20 31 34 36 47
6 18 20 31 50 52 63
5 18 20 32 41 53
6 18 20 32 43 45 55
5 18 20 32 59 61
5 18 20 35 38 57
5 18 20 38 48 53
5 18 20 38 50 52
5 18 20 38 59 61
5 18 20 39 50 52
5 18 20 40 49 58
5 18 20 40 51 58
6 18 20 41 43 45 47
5 18 20 41 59 61
5 18 20 42 48 57
5 18 20 42 50 52
5 18 20 43 45 48
5 18 20 43 45 49
6 18 20 43 45 50 52
5 18 20 43 45 51
5 18 20 43 45 56
6 18 20 43 45 59 61
5 18 20 43 45 63
6 18 20 46 48 59 61
5 18 20 46 50 52
5 18 20 47 50 52
6 18 20 57 59 61 63
8 18 21 23 26 32 40 45 47
12 18 21 23 26 33 35 41 43 50 53 55 58
8 18 21 23 26 34 37 39 42
10 18 21 23 26 36 46 48 56 61 63
5 18 21 23 26 44
8 18 21 23 26 49 51 57 59
6 18 21 23 26 52 62
5 18 21 23 26 54
5 18 21 23 26 60
6 18 21 27 33 51 57
6 18 21 27 34 37 43
7 18 21 27 35 41 55 58
6 18 21 27 36 45 48
5 18 21 27 46 62
6 18 21 27 47 52 61
6 18 21 27 50 53 59
6 18 21 28 34 37 44
5 18 21 28 36 48
5 18 21 28 38 62
5 18 21 28 39 42
6 18 21 28 50 53 60
6 18 21 29 34 37 45
6 18 21 29 36 44 48
5 18 21 29 38 46
6 18 21 29 39 42 47
5 18 21 29 51 57
5 18 21 29 52 60
5 18 21 29 54 62
5 18 21 32 38 49
5 18 21 32 50 53
6 18 21 33 39 42 54
5 18 21 33 47 62
7 18 21 35 41 49 55 58
5 18 21 36 43 48
5 18 21 36 47 48
5 18 21 36 48 54
5 18 21 36 48 59
5 18 21 36 48 62
5 18 21 39 42 44
5 18 21 39 42 49
6 18 21 39 42 50 53
5 18 21 39 42 56
5 18 21 39 42 62
5 18 21 43 51 57
5 18 21 44 50 53
5 18 21 44 51 57
5 18 21 46 50 53
5 18 21 46 51 57
5 18 21 47 50 53
5 18 21 47 51 57
5 18 21 49 56 60
10 18 22 24 25 35 39 44 45 59 62
6 18 22 24 25 42 58
7 18 22 24 25 43 46 63
5 18 22 24 25 47
8 18 22 24 25 50 54 56 57
8 18 22 24 25 51 55 60 61
6 18 22 27 32 36 45
8 18 22 27 33 37 47 57 62
8 18 22 27 41 46 48 52 61
5 18 22 27 42 58
6 18 22 27 49 53 63
6 18 22 27 50 54 59
5 18 22 28 32 36
6 18 22 28 35 39 46
6 18 22 28 49 53 56
6 18 22 28 50 54 60
5 18 22 29 33 37
6 18 22 29 34 38 45
6 18 22 29 50 54 61
5 18 22 29 51 55
5 18 22 29 57 60
5 18 22 31 32 36
6 18 22 31 33 37 61
6 18 22 31 34 38 47
5 18 22 31 35 39
6 18 22 31 41 48 52
5 18 22 31 46 57
5 18 22 31 49 53
6 18 22 31 50 54 63
5 18 22 32 36 43
6 18 22 32 36 49 53
6 18 22 32 36 50 54
6 18 22 32 36 56 62
5 18 22 32 36 59
5 18 22 32 36 60
5 18 22 32 36 61
5 18 22 32 36 63
8 18 22 33 35 37 39 50 54
5 18 22 33 37 46
6 18 22 33 37 51 55
5 18 22 33 37 63
5 18 22 35 39 40
6 18 22 35 39 49 53
5 18 22 35 39 56
5 18 22 35 39 60
5 18 22 35 39 61
5 18 22 40 46 60
5 18 22 40 50 54
5 18 22 40 51 55
6 18 22 41 43 48 52
6 18 22 41 47 48 52
6 18 22 41 48 52 59
5 18 22 43 50 54
5 18 22 44 49 53
5 18 22 44 51 55
5 18 22 45 51 55
5 18 22 47 49 53
6 18 22 49 51 53 55
5 18 22 49 53 60
5 18 22 49 53 62
5 18 22 51 55 56
5 18 23 25 32 47
7 18 23 25 33 43 53 58
6 18 23 25 34 39 41
6 18 23 25 35 49 59
7 18 23 25 36 46 52 62
7 18 23 25 40 45 48 63
6 18 23 25 50 55 57
5 18 23 25 56 61
6 18 23 28 34 39 44
5 18 23 28 36 46
5 18 23 28 37 42
5 18 23 28 48 63
6 18 23 28 50 55 60
5 18 23 28 56 61
6 18 23 32 38 47 57
5 18 23 32 41 47
7 18 23 33 43 51 53 58
5 18 23 35 36 46
6 18 23 35 37 42 54
7 18 23 35 40 45 52 62
5 18 23 35 56 61
6 18 23 36 46 49 59
6 18 23 36 46 50 55
5 18 23 36 46 51
5 18 23 36 46 60
5 18 23 37 42 44
7 18 23 37 42 48 57 63
6 18 23 37 42 50 55
5 18 23 37 42 51
6 18 23 37 42 52 62
5 18 23 37 42 60
5 18 23 38 49 59
5 18 23 38 50 55
5 18 23 38 52 62
5 18 23 38 56 61
6 18 23 40 41 44 45
6 18 23 40 45 49 59
6 18 23 40 45 50 55
5 18 23 40 45 51
6 18 23 40 45 56 61
5 18 23 40 45 60
5 18 23 41 49 59
5 18 23 41 56 61
5 18 23 44 49 59
5 18 23 44 50 55
5 18 23 49 59 60
5 18 23 51 52 62
5 18 23 51 56 61
5 18 23 54 56 61
6 18 23 56 57 60 61
5 18 24 31 35 44
5 18 24 31 43 46
5 18 24 31 49 52
5 18 24 31 51 60
5 18 24 31 54 57
5 18 24 31 59 62
7 18 24 32 39 45 50 56
5 18 24 32 43 46
6 18 24 32 49 52 58
5 18 24 32 54 57
5 18 24 32 55 61
5 18 24 32 59 62
5 18 24 35 42 44
5 18 24 39 45 48
6 18 24 39 45 49 52
6 18 24 39 45 51 60
6 18 24 42 48 54 57
5 18 24 42 49 52
5 18 24 42 50 56
5 18 24 42 51 60
5 18 24 42 55 61
5 18 24 42 59 62
7 18 24 43 46 48 55 61
6 18 24 43 46 49 52
6 18 24 43 46 50 56
6 18 24 43 46 51 60
6 18 24 43 46 59 62
5 18 24 47 49 52
5 18 24 47 50 56
5 18 24 48 59 62
6 18 24 49 51 52 60
5 18 24 49 52 63
6 18 24 54 57 59 62
5 18 24 54 57 63
8 18 25 27 33 35 50 57 59
6 18 25 27 34 41 43
7 18 25 27 36 45 47 56
5 18 25 27 40 48
6 18 25 27 46 49 51
6 18 25 27 52 61 63
5 18 25 27 53 55
6 18 25 28 34 41 44
5 18 25 28 40 48
5 18 25 28 42 62
6 18 25 28 50 57 60
6 18 25 29 34 41 45
5 18 25 29 42 46
6 18 25 29 50 57 61
5 18 25 29 51 54
5 18 25 29 56 60
5 18 25 32 50 57
5 18 25 32 52 58
5 18 25 33 39 54
5 18 25 33 47 62
5 18 25 35 36 59
5 18 25 35 52 59
5 18 25 35 53 59
5 18 25 35 59 60
5 18 25 36 42 53
5 18 25 39 40 48
6 18 25 40 46 48 61
5 18 25 40 47 48
5 18 25 40 48 54
5 18 25 40 48 55
5 18 25 40 48 62
5 18 25 42 44 61
5 18 25 43 49 55
5 18 25 43 50 57
5 18 25 44 50 57
5 18 25 46 50 57
5 18 25 47 50 57
5 18 26 28 32 40
6 18 26 28 34 42 44
5 18 26 28 35 43
5 18 26 28 48 56
5 18 26 28 49 57
5 18 26 28 51 59
6 18 26 29 32 37 40
5 18 26 29 33 41
6 18 26 29 34 42 45
6 18 26 29 35 43 63
5 18 26 29 49 57
5 18 26 29 51 59
5 18 26 29 54 60
5 18 26 31 32 40
6 18 26 31 33 41 61
6 18 26 31 34 42 47
5 18 26 31 35 43
5 18 26 31 46 53
5 18 26 31 48 56
5 18 26 31 49 57
5 18 26 31 51 59
5 18 26 32 39 40
5 18 26 32 40 46
6 18 26 32 40 49 57
5 18 26 32 40 54
5 18 26 32 40 55
5 18 26 32 40 60
5 18 26 32 40 61
5 18 26 32 40 62
5 18 26 32 40 63
6 18 26 33 39 41 54
5 18 26 33 41 46
6 18 26 33 41 47 62
6 18 26 33 41 51 59
5 18 26 33 41 63
5 18 26 35 36 43
6 18 26 35 37 43 54
6 18 26 35 43 49 57
5 18 26 35 43 52
5 18 26 35 43 60
5 18 26 35 43 61
5 18 26 36 51 59
6 18 26 37 46 49 57
6 18 26 37 47 53 63
6 18 26 39 46 51 59
5 18 26 44 49 57
5 18 26 44 51 59
5 18 26 45 51 59
5 18 26 47 48 56
5 18 26 47 49 57
5 18 26 48 55 56
5 18 26 48 56 62
5 18 26 49 55 57
5 18 26 49 57 60
5 18 26 49 57 62
5 18 26 49 57 63
5 18 26 51 52 59
5 18 26 51 53 59
5 18 26 51 54 59
6 18 27 28 34 43 44
6 18 27 28 50 59 60
6 18 27 31 32 42 46
6 18 27 31 34 43 47
6 18 27 31 36 41 45
5 18 27 31 40 44
5 18 27 31 49 54
6 18 27 31 50 59 63
5 18 27 31 56 60
5 18 27 33 55 57
5 18 27 33 57 63
6 18 27 35 36 45 62
5 18 27 35 37 54
5 18 27 35 52 61
6 18 27 36 37 44 45
5 18 27 36 45 49
6 18 27 36 45 50 59
5 18 27 36 45 51
6 18 27 36 45 52 61
5 18 27 36 45 55
5 18 27 36 45 60
5 18 27 36 45 63
5 18 27 37 52 61
5 18 27 40 50 59
6 18 27 40 51 52 61
5 18 27 41 50 59
5 18 27 41 51 53
5 18 27 42 47 53
5 18 27 42 50 59
5 18 27 42 51 54
5 18 27 42 52 61
5 18 27 44 50 59
5 18 27 46 50 59
6 18 27 52 53 60 61
5 18 28 29 35 63
5 18 28 29 36 37
5 18 28 29 39 59
5 18 28 29 40 41
5 18 28 29 46 62
6 18 28 29 50 60 61
5 18 28 29 56 57
5 18 28 32 49 62
5 18 28 32 50 60
5 18 28 35 37 54
5 18 28 36 50 60
5 18 28 36 53 62
5 18 28 37 50 60
5 18 28 38 48 53
5 18 28 38 50 60
5 18 28 40 50 60
5 18 28 40 57 62
5 18 28 41 50 60
5 18 28 42 48 57
5 18 28 42 50 60
5 18 28 46 48 61
5 18 28 46 50 60
5 18 28 47 50 60
8 18 29 31 33 35 50 61 63
6 18 29 31 34 45 47
5 18 29 31 36 56
5 18 29 31 37 39
5 18 29 31 41 43
5 18 29 31 44 48
5 18 29 31 49 51
5 18 29 31 57 59
5 18 29 32 46 49
5 18 29 32 50 61
5 18 29 33 47 62
5 18 29 35 36 63
6 18 29 35 37 54 63
5 18 29 35 40 63
5 18 29 35 42 63
5 18 29 35 49 63
5 18 29 35 52 63
5 18 29 35 56 63
5 18 29 36 50 61
5 18 29 37 44 48
5 18 29 37 50 61
5 18 29 38 50 61
5 18 29 39 44 48
5 18 29 39 50 61
5 18 29 40 50 61
5 18 29 41 50 61
6 18 29 42 44 48 57
5 18 29 42 50 61
5 18 29 43 44 48
5 18 29 43 50 61
5 18 29 44 48 55
5 18 29 44 48 59
5 18 29 44 48 62
5 18 29 47 50 61
6 18 30 32 44 50 62
6 18 30 32 44 55 59
8 18 30 33 35 45 47 50 62
6 18 30 33 45 51 63
6 18 30 33 45 55 59
8 18 30 35 36 40 47 49 61
6 18 30 35 47 52 56
6 18 30 35 47 53 57
6 18 30 36 40 50 62
6 18 30 36 40 51 63
6 18 30 36 40 52 56
6 18 30 36 40 55 59
6 18 30 48 55 59 60
6 18 30 49 51 61 63
6 18 30 51 52 56 63
6 18 30 52 53 56 57
6 18 30 53 55 57 59
5 18 31 33 42 61
5 18 31 33 51 61
5 18 31 35 45 62
5 18 31 36 50 63
5 18 31 37 50 63
5 18 31 38 48 53
5 18 31 38 50 63
5 18 31 40 50 63
5 18 31 41 50 63
5 18 31 42 48 57
5 18 31 42 50 63
5 18 31 43 50 63
5 18 31 44 50 63
5 18 31 45 50 63
5 18 31 46 50 63
5 18 32 37 43 63
5 18 32 38 56 60
5 18 32 43 54 60
5 18 33 35 38 50
5 18 33 35 42 50
5 18 33 35 46 50
5 18 33 38 47 62
5 18 33 39 51 54
5 18 33 42 47 62
5 18 33 47 51 62
5 18 35 36 37 54
6 18 35 37 40 54 60
5 18 35 37 49 54
5 18 35 37 54 61
5 18 35 38 45 62
5 18 35 42 45 62
5 18 35 45 49 62
5 18 35 45 56 62
5 18 36 37 52 53
5 18 36 37 60 61
5 18 36 41 43 56
5 18 36 41 47 60
5 18 36 41 49 54
5 18 36 43 52 59
5 18 36 44 53 61
5 18 36 44 55 63
5 18 36 47 52 63
5 18 36 49 51 56
5 18 37 39 49 51
5 18 37 39 53 55
5 18 37 43 52 57
5 18 37 44 53 60
5 18 37 45 55 63
5 18 37 46 48 61
5 18 37 46 53 62
6 18 38 46 48 53 61
5 18 38 46 52 60
5 18 38 46 55 63
5 18 38 47 48 53
5 18 38 48 53 55
5 18 38 48 53 59
5 18 38 48 53 62
5 18 39 40 41 59
5 18 39 40 55 56
5 18 39 44 55 60
5 18 39 46 48 61
5 18 39 46 49 56
5 18 39 46 55 62
5 18 39 47 52 60
5 18 39 47 53 61
5 18 39 52 53 59
5 18 40 41 56 57
5 18 40 41 60 61
5 18 40 44 57 61
5 18 40 44 59 63
5 18 40 46 49 55
5 18 40 46 56 62
5 18 40 47 56 63
5 18 41 43 49 51
5 18 41 43 57 59
5 18 41 43 61 63
5 18 41 44 57 60
5 18 41 45 59 63
5 18 41 46 53 63
5 18 41 46 57 62
5 18 41 47 57 63
5 18 42 46 56 60
5 18 42 47 48 57
5 18 42 48 57 59
5 18 42 48 57 62
5 18 43 44 55 62
5 18 43 44 59 60
5 18 43 47 56 60
5 18 43 47 57 61
5 18 44 45 60 61
5 18 45 47 49 51
5 18 45 47 61 63
5 19 20 21 32 33
6 19 20 21 35 36 37
5 19 20 21 39 58
6 19 20 21 40 41 59
6 19 20 21 42 60 61
5 19 20 21 44 45
6 19 20 21 51 52 53
5 19 20 21 56 57
5 19 20 22 32 34
6 19 20 22 35 36 38
5 19 20 22 39 57
6 19 20 22 40 42 59
5 19 20 22 44 46
5 19 20 22 48 50
5 19 20 22 56 58
5 19 20 22 60 62
8 19 20 24 31 32 44 48 60
6 19 20 24 31 37 41
6 19 20 24 31 38 42
6 19 20 24 31 50 62
8 19 20 24 31 51 52 56 63
6 19 20 24 31 53 57
8 19 20 27 32 40 51 52 59
5 19 20 27 33 41
5 19 20 27 34 42
6 19 20 27 35 36 43
5 19 20 27 45 62
5 19 20 27 47 60
5 19 20 27 48 56
5 19 20 27 50 58
6 19 20 29 35 36 45
6 19 20 29 51 52 61
5 19 20 30 32 47
5 19 20 30 34 39
5 19 20 30 48 63
5 19 20 30 50 55
5 19 20 30 53 58
5 19 20 30 56 61
5 19 20 32 43 55
5 19 20 34 51 52
5 19 20 37 51 52
5 19 20 37 57 60
5 19 20 38 40 59
5 19 20 38 51 52
5 19 20 38 58 60
5 19 20 39 51 52
5 19 20 40 48 59
5 19 20 41 51 52
5 19 20 42 51 52
5 19 20 43 51 52
5 19 20 45 51 52
5 19 20 46 51 52
5 19 20 47 51 52
5 19 21 24 33 48
6 19 21 24 35 37 40
5 19 21 24 41 59
5 19 21 24 42 45
6 19 21 24 51 53 56
5 19 21 26 32 47
7 19 21 26 33 43 50 55
6 19 21 26 35 37 42
7 19 21 26 36 46 56 61
5 19 21 26 40 45
6 19 21 26 41 49 59
5 19 21 26 48 63
6 19 21 26 51 53 58
5 19 21 26 52 62
5 19 21 27 32 40
8 19 21 27 33 41 51 53 59
6 19 21 27 35 37 43
5 19 21 27 46 63
5 19 21 27 47 61
5 19 21 27 48 56
5 19 21 27 49 57
5 19 21 27 50 58
6 19 21 28 35 37 44
5 19 21 28 39 45
5 19 21 28 43 46
6 19 21 28 51 53 60
5 19 21 28 54 57
6 19 21 29 35 37 45
5 19 21 29 36 44
5 19 21 29 39 47
5 19 21 29 52 60
5 19 21 29 54 62
5 19 21 29 55 63
6 19 21 32 41 52 59
6 19 21 32 42 48 58
5 19 21 32 51 53
5 19 21 33 40 52
5 19 21 33 42 54
5 19 21 36 41 59
5 19 21 36 42 57
5 19 21 39 49 54
5 19 21 39 51 53
5 19 21 41 48 59
5 19 21 41 50 59
5 19 21 43 49 58
5 19 21 43 51 53
5 19 21 44 51 53
5 19 21 46 51 53
5 19 21 47 49 62
5 19 21 47 51 53
5 19 22 24 34 48
6 19 22 24 35 38 40
5 19 22 24 42 59
6 19 22 24 51 54 56
6 19 22 26 31 32 44
8 19 22 26 31 33 45 52 56
8 19 22 26 31 34 46 50 62
6 19 22 26 31 36 40
8 19 22 26 31 37 41 49 61
6 19 22 26 31 48 60
8 19 22 26 31 51 54 58 63
6 19 22 26 31 53 57
5 19 22 27 32 40
6 19 22 27 33 41 46
8 19 22 27 34 42 51 54 59
6 19 22 27 35 38 43
8 19 22 27 37 47 49 57 62
5 19 22 27 45 60
5 19 22 27 48 56
5 19 22 27 50 58
5 19 22 27 53 63
6 19 22 29 35 38 45
5 19 22 29 37 49
5 19 22 29 39 63
6 19 22 29 51 54 61
5 19 22 30 34 57
6 19 22 30 35 38 46
5 19 22 30 36 44
6 19 22 30 37 45 49
5 19 22 30 39 47
5 19 22 30 52 60
5 19 22 30 53 61
5 19 22 30 55 63
5 19 22 32 51 54
5 19 22 33 39 50
5 19 22 33 51 54
5 19 22 34 43 55
5 19 22 36 42 59
5 19 22 36 56 62
5 19 22 37 46 49
5 19 22 37 49 55
5 19 22 37 49 63
5 19 22 40 51 54
5 19 22 42 48 59
5 19 22 42 50 59
5 19 22 43 51 54
5 19 22 45 51 54
5 19 22 46 52 61
5 19 22 47 51 54
5 19 22 50 57 61
5 19 22 55 56 57
5 19 23 24 33 37
5 19 23 24 34 38
5 19 23 24 43 59
5 19 23 24 44 63
5 19 23 24 45 62
5 19 23 24 50 54
6 19 23 24 51 55 56
8 19 23 28 29 32 33 36 37
5 19 23 28 29 47
8 19 23 28 29 50 54 56 57
8 19 23 28 29 51 55 60 61
5 19 23 30 32 36
6 19 23 30 33 37 40
6 19 23 30 34 38 44
6 19 23 30 35 39 46
5 19 23 30 48 52
6 19 23 30 51 55 62
5 19 23 30 58 61
6 19 23 32 34 36 38
8 19 23 32 36 43 48 52 59
5 19 23 32 36 45
6 19 23 32 36 51 55
6 19 23 32 36 56 63
5 19 23 32 36 57
5 19 23 32 36 58
5 19 23 32 36 60
5 19 23 32 36 61
5 19 23 32 36 62
5 19 23 33 37 44
7 19 23 33 37 46 48 52
5 19 23 33 37 47
6 19 23 33 37 50 54
6 19 23 33 37 51 55
5 19 23 33 37 56
6 19 23 33 37 57 63
5 19 23 33 37 60
5 19 23 33 37 61
5 19 23 33 37 62
8 19 23 34 38 43 50 54 59
5 19 23 34 38 47
6 19 23 34 38 51 55
5 19 23 34 38 56
6 19 23 34 38 58 63
5 19 23 34 38 60
5 19 23 34 38 62
5 19 23 40 47 60
5 19 23 40 51 55
5 19 23 41 46 56
5 19 23 41 47 61
5 19 23 41 51 55
7 19 23 42 47 49 53 62
6 19 23 42 49 53 63
5 19 23 45 50 54
5 19 23 47 48 52
5 19 23 47 50 54
6 19 23 48 50 52 54
5 19 23 48 52 61
5 19 23 50 54 61
5 19 23 50 54 63
5 19 24 25 32 33
6 19 24 25 43 44 45
6 19 24 25 50 52 53
6 19 24 25 51 56 57
5 19 24 26 32 34
6 19 24 26 35 40 42
5 19 24 26 44 46
5 19 24 26 48 50
5 19 24 26 52 54
5 19 24 26 60 62
5 19 24 29 33 43
6 19 24 29 35 40 45
5 19 24 29 37 42
5 19 24 29 48 63
5 19 24 29 50 55
6 19 24 29 51 56 61
6 19 24 30 35 40 46
6 19 24 30 51 56 62
5 19 24 32 51 56
5 19 24 32 52 59
5 19 24 33 51 56
5 19 24 33 53 59
5 19 24 34 51 56
5 19 24 34 54 59
5 19 24 37 44 57
5 19 24 37 51 56
5 19 24 38 51 56
5 19 24 41 48 53
5 19 24 41 51 56
5 19 24 42 48 54
5 19 24 42 51 56
5 19 24 43 48 55
5 19 24 43 51 56
5 19 24 47 51 56
6 19 25 29 33 40 44
5 19 25 29 43 47
6 19 25 29 51 57 61
6 19 25 29 55 58 62
5 19 25 32 46 56
5 19 25 32 51 57
5 19 25 32 52 59
5 19 25 32 55 58
6 19 25 33 46 51 57
6 19 25 33 50 53 59
5 19 25 33 52 60
5 19 25 33 55 58
6 19 25 36 43 51 57
5 19 25 36 45 56
5 19 25 36 47 61
5 19 25 36 55 58
5 19 25 40 46 61
6 19 25 43 49 55 58
5 19 25 43 50 53
5 19 25 43 60 62
5 19 25 46 50 53
5 19 25 47 49 62
5 19 25 47 50 53
5 19 25 47 51 57
5 19 25 48 50 53
5 19 25 50 53 60
5 19 25 50 53 61
5 19 25 55 56 58
5 19 25 55 58 60
5 19 25 55 58 63
5 19 26 28 33 36
5 19 26 28 34 40
6 19 26 28 35 42 44
6 19 26 28 51 58 60
5 19 26 28 54 57
6 19 26 29 35 42 45
5 19 26 29 37 40
5 19 26 29 41 49
5 19 26 29 43 63
6 19 26 29 51 58 61
5 19 26 30 34 53
6 19 26 30 35 42 46
6 19 26 30 37 56 60
5 19 26 30 40 44
6 19 26 30 41 45 49
5 19 26 30 43 47
6 19 26 30 51 58 62
5 19 26 30 57 61
5 19 26 32 51 58
5 19 26 32 52 59
5 19 26 33 51 58
5 19 26 33 53 59
5 19 26 34 51 58
5 19 26 34 54 59
5 19 26 36 51 58
5 19 26 37 43 54
5 19 26 37 46 57
6 19 26 37 47 53 63
5 19 26 41 46 49
6 19 26 41 47 49 62
5 19 26 41 49 55
5 19 26 41 49 63
5 19 26 43 45 62
5 19 26 44 51 58
5 19 26 47 51 58
8 19 27 28 30 32 34 40 42
8 19 27 28 30 33 36 38 41
8 19 27 28 30 35 43 44 46
8 19 27 28 30 48 50 56 58
5 19 27 28 30 53
6 19 27 28 30 55 61
5 19 27 28 30 63
5 19 27 29 32 40
5 19 27 29 33 41
6 19 27 29 35 43 45
5 19 27 29 48 56
6 19 27 29 50 52 58
6 19 27 32 33 40 41
5 19 27 32 37 40
5 19 27 32 38 40
5 19 27 32 40 46
6 19 27 32 40 48 56
5 19 27 32 40 53
5 19 27 32 40 54
5 19 27 32 40 55
5 19 27 32 40 60
5 19 27 32 40 61
5 19 27 32 40 62
5 19 27 32 40 63
5 19 27 33 41 44
5 19 27 33 41 47
6 19 27 33 41 48 56
6 19 27 33 41 50 58
5 19 27 33 41 52
5 19 27 33 41 55
5 19 27 33 41 60
5 19 27 33 41 61
5 19 27 33 41 62
5 19 27 33 41 63
5 19 27 34 42 44
5 19 27 34 42 47
6 19 27 34 42 48 56
6 19 27 34 42 50 58
5 19 27 34 42 52
5 19 27 34 42 55
5 19 27 34 42 60
5 19 27 34 42 62
5 19 27 34 42 63
6 19 27 36 47 48 56
5 19 27 36 51 59
5 19 27 37 48 56
6 19 27 38 47 50 58
5 19 27 38 48 56
5 19 27 38 51 59
5 19 27 45 50 58
5 19 27 48 53 56
5 19 27 48 54 56
5 19 27 48 55 56
5 19 27 48 56 62
5 19 27 49 57 63
5 19 27 50 58 60
5 19 27 50 58 61
5 19 27 50 58 63
5 19 28 32 38 41
5 19 28 32 39 45
6 19 28 32 43 46 53
5 19 28 32 51 60
5 19 28 33 36 42
6 19 28 33 36 47 58
5 19 28 33 36 48
6 19 28 33 36 51 60
6 19 28 33 36 55 61
5 19 28 33 36 63
5 19 28 34 40 47
5 19 28 34 40 48
6 19 28 34 40 51 60
6 19 28 34 40 55 61
5 19 28 34 40 63
5 19 28 37 43 46
5 19 28 37 50 56
5 19 28 37 51 60
5 19 28 37 55 61
5 19 28 38 41 47
5 19 28 38 41 48
6 19 28 38 41 50 56
6 19 28 38 41 55 61
5 19 28 38 41 63
5 19 28 39 45 48
6 19 28 39 45 50 56
6 19 28 39 45 51 60
5 19 28 39 45 63
5 19 28 42 50 56
5 19 28 42 51 60
5 19 28 42 55 61
5 19 28 43 46 48
6 19 28 43 46 50 56
6 19 28 43 46 51 60
5 19 28 43 46 63
5 19 28 47 51 60
5 19 28 48 54 57
5 19 28 48 55 61
5 19 28 50 56 63
5 19 28 54 57 63
5 19 29 32 51 61
5 19 29 33 50 63
5 19 29 33 51 61
5 19 29 37 51 61
5 19 29 37 54 63
5 19 29 38 51 61
5 19 29 39 49 54
5 19 29 39 51 61
5 19 29 41 51 61
5 19 29 41 58 63
5 19 29 42 44 57
5 19 29 42 51 61
5 19 29 43 49 58
5 19 29 43 51 61
5 19 29 47 49 62
5 19 29 47 51 61
5 19 30 32 51 62
5 19 30 33 47 50
5 19 30 33 51 62
5 19 30 34 51 62
5 19 30 36 51 62
5 19 30 37 51 62
5 19 30 38 45 49
5 19 30 38 51 62
5 19 30 38 53 60
5 19 30 39 51 62
5 19 30 40 51 62
5 19 30 41 51 62
5 19 30 42 51 62
5 19 30 42 57 60
5 19 30 45 49 63
8 19 31 32 33 38 42 44 45
6 19 31 32 34 44 46
6 19 31 32 37 41 44
6 19 31 32 44 51 63
6 19 31 32 44 53 57
6 19 31 32 44 54 58
6 19 31 33 45 48 60
6 19 31 33 45 51 63
6 19 31 34 46 48 60
6 19 31 34 46 51 63
6 19 31 34 46 52 56
6 19 31 36 37 40 41
6 19 31 36 38 40 42
6 19 31 36 40 52 56
6 19 31 37 41 48 60
6 19 31 37 41 50 62
6 19 31 37 41 51 63
6 19 31 37 41 52 56
6 19 31 37 41 53 57
6 19 31 38 42 48 60
6 19 31 38 42 50 62
6 19 31 38 42 51 63
6 19 31 38 42 52 56
6 19 31 38 42 54 58
6 19 31 48 50 60 62
6 19 31 48 53 57 60
6 19 31 52 53 56 57
6 19 31 52 54 56 58
5 19 32 33 39 58
5 19 32 33 43 47
6 19 32 33 52 53 59
5 19 32 33 56 57
5 19 32 33 60 61
6 19 32 34 39 47 57
6 19 32 34 52 54 59
5 19 32 34 56 58
5 19 32 34 60 62
5 19 32 37 43 62
5 19 32 37 48 53
5 19 32 38 43 61
5 19 32 38 48 54
5 19 32 38 52 59
5 19 32 39 48 55
5 19 32 39 56 60
5 19 32 41 48 57
5 19 32 43 45 54
5 19 32 45 48 61
5 19 32 46 48 62
5 19 32 47 48 63
5 19 33 38 47 56
5 19 33 38 48 58
5 19 33 38 53 59
5 19 33 39 56 62
5 19 33 39 57 61
5 19 33 40 47 54
5 19 33 40 55 62
5 19 33 42 47 52
5 19 33 43 48 63
5 19 33 43 56 61
5 19 33 48 53 59
5 19 33 52 58 63
5 19 34 36 44 57
5 19 34 39 48 63
5 19 34 39 50 55
7 19 34 39 52 53 58 62
5 19 34 39 56 61
5 19 34 43 47 53
5 19 34 43 52 61
5 19 34 43 56 57
5 19 34 47 50 63
5 19 34 47 60 61
5 19 34 48 54 59
5 19 34 52 57 60
5 19 34 55 57 63
5 19 36 37 42 46
5 19 36 37 44 45
5 19 36 37 60 61
5 19 36 38 44 46
5 19 36 38 60 62
5 19 36 41 48 58
5 19 36 41 52 57
5 19 36 42 52 58
5 19 36 45 52 61
5 19 36 46 48 63
5 19 36 47 52 63
5 19 37 40 42 45
5 19 37 40 53 56
5 19 37 42 48 63
5 19 37 42 50 55
5 19 37 42 52 62
5 19 37 42 56 61
5 19 37 44 53 60
5 19 37 45 52 60
5 19 37 45 54 62
5 19 37 46 53 62
5 19 38 40 54 56
5 19 38 43 49 58
5 19 38 43 53 63
5 19 38 45 54 61
5 19 38 46 52 60
5 19 38 47 49 62
5 19 38 47 54 63
5 19 39 44 46 57
6 19 39 47 49 54 62
5 19 39 47 52 60
5 19 39 47 53 61
5 19 39 48 50 57
5 19 39 49 54 63
5 19 39 57 60 62
5 19 40 41 44 45
5 19 40 41 52 53
5 19 40 41 60 61
5 19 40 42 44 46
5 19 40 42 52 54
5 19 40 42 60 62
5 19 40 45 48 63
5 19 40 45 52 62
5 19 40 45 56 61
5 19 40 46 56 62
5 19 40 47 56 63
5 19 41 45 56 60
5 19 41 45 58 62
5 19 41 46 53 63
5 19 41 46 57 62
5 19 41 47 57 63
5 19 42 44 58 60
5 19 42 45 58 61
5 19 42 46 56 60
5 19 42 47 58 63
5 19 43 45 50 52
6 19 43 47 49 58 62
5 19 43 47 56 60
5 19 43 47 57 61
5 19 43 48 53 62
5 19 43 49 58 63
5 19 48 50 55 63
5 19 52 53 60 61
5 19 53 56 58 61
5 19 56 57 60 61
5 19 56 58 60 62
16 20 21 24 25 32 33 38 42 44 45 48 49 54 58 60 61
8 20 21 24 25 34 46 55 59
6 20 21 24 25 35 47
8 20 21 24 25 36 37 40 41
6 20 21 24 25 39 43
6 20 21 24 25 50 62
6 20 21 24 25 51 63
8 20 21 24 25 52 53 56 57
10 20 21 26 30 32 33 43 47 50 55
7 20 21 26 30 34 39 51
5 20 21 26 30 35
6 20 21 26 30 38 54
8 20 21 26 30 48 49 59 63
8 20 21 26 30 52 53 58 62
6 20 21 27 36 37 43
5 20 21 27 40 41
5 20 21 27 48 49
6 20 21 27 52 53 59
5 20 21 27 58 63
6 20 21 28 29 32 33
6 20 21 28 29 34 43
5 20 21 28 29 35
8 20 21 28 29 36 37 44 45
8 20 21 28 29 38 46 54 62
6 20 21 28 29 39 47
9 20 21 28 29 42 52 53 60 61
6 20 21 28 29 48 49
6 20 21 28 29 50 59
5 20 21 28 29 51
6 20 21 28 29 55 63
6 20 21 28 29 56 57
5 20 21 28 29 58
6 20 21 31 32 33 39
5 20 21 31 44 45
6 20 21 31 52 53 63
6 20 21 31 56 57 62
8 20 21 32 33 40 41 52 53
5 20 21 32 33 46
6 20 21 32 33 56 57
5 20 21 32 33 59
5 20 21 32 33 62
5 20 21 32 33 63
6 20 21 34 42 60 61
5 20 21 34 44 45
5 20 21 34 52 53
6 20 21 35 42 60 61
5 20 21 35 56 57
5 20 21 39 40 41
5 20 21 39 46 63
6 20 21 40 41 48 49
5 20 21 40 41 51
6 20 21 42 50 60 61
5 20 21 43 48 49
5 20 21 44 45 50
5 20 21 44 45 51
6 20 21 44 45 52 53
6 20 21 44 45 55 62
6 20 21 44 45 56 57
5 20 21 44 45 59
5 20 21 44 45 63
5 20 21 46 48 49
5 20 21 46 52 53
5 20 21 47 48 49
5 20 21 47 56 57
6 20 21 48 49 56 57
5 20 21 48 49 62
5 20 21 55 56 57
5 20 21 56 57 63
12 20 22 24 26 32 34 44 46 48 50 60 62
10 20 22 24 26 33 45 52 54 56 58
6 20 22 24 26 35 47
8 20 22 24 26 36 38 40 42
6 20 22 24 26 39 43
6 20 22 24 26 49 61
6 20 22 24 26 51 63
6 20 22 24 26 53 57
6 20 22 24 26 55 59
6 20 22 27 32 34 51
6 20 22 27 36 38 43
5 20 22 27 40 42
6 20 22 27 41 44 46
5 20 22 27 48 50
5 20 22 27 53 63
5 20 22 27 56 58
8 20 22 28 30 32 34 39 47
8 20 22 28 30 33 43 49 59
5 20 22 28 30 35
8 20 22 28 30 48 50 55 63
5 20 22 28 30 51
8 20 22 28 30 52 54 60 62
8 20 22 28 30 53 56 58 61
7 20 22 29 32 34 43 55
6 20 22 29 33 60 62
6 20 22 29 36 38 45
5 20 22 29 39 63
8 20 22 29 44 46 52 54 61
6 20 22 29 48 50 59
5 20 22 29 56 58
5 20 22 31 32 34
6 20 22 31 36 38 47
5 20 22 31 44 46
5 20 22 31 48 50
5 20 22 31 56 58
5 20 22 31 60 62
6 20 22 32 34 41 53
5 20 22 32 34 45
6 20 22 32 34 56 58
5 20 22 32 34 59
5 20 22 32 34 61
5 20 22 32 34 63
6 20 22 33 39 48 50
6 20 22 33 40 42 53
5 20 22 33 44 46
6 20 22 35 40 42 55
6 20 22 35 41 51 57
5 20 22 35 56 58
5 20 22 35 60 62
5 20 22 39 40 42
6 20 22 39 41 56 58
5 20 22 39 44 46
6 20 22 40 42 48 50
5 20 22 40 42 51
5 20 22 43 48 50
5 20 22 44 46 49
5 20 22 44 46 51
5 20 22 44 46 53
5 20 22 44 46 55
6 20 22 44 46 56 58
5 20 22 44 46 59
5 20 22 44 46 63
5 20 22 45 48 50
5 20 22 47 48 50
5 20 22 47 56 58
5 20 22 48 50 53
5 20 22 48 50 57
5 20 22 48 50 61
5 20 22 49 56 58
5 20 22 49 60 62
5 20 22 51 56 58
5 20 22 55 56 58
5 20 22 55 60 62
5 20 22 56 58 63
6 20 23 28 31 32 35
6 20 23 28 31 48 51
6 20 23 28 31 49 50
6 20 23 28 31 56 59
6 20 23 28 31 57 58
8 20 23 32 35 40 43 52 55
8 20 23 32 35 45 46 56 59
6 20 23 32 35 57 58
6 20 23 32 35 61 62
6 20 23 40 43 48 51
6 20 23 40 43 49 50
6 20 23 44 47 49 50
6 20 23 44 47 52 55
6 20 23 45 46 48 51
6 20 23 45 46 49 50
6 20 23 45 46 52 55
6 20 23 45 46 61 62
6 20 23 48 51 56 59
6 20 23 48 51 61 62
6 20 23 49 50 57 58
6 20 23 49 50 60 63
6 20 23 57 58 61 62
10 20 24 32 37 41 44 48 53 57 60
10 20 24 32 39 43 44 48 55 59 60
6 20 24 34 46 49 61
6 20 24 34 46 51 63
6 20 24 34 46 52 56
6 20 24 35 38 42 47
6 20 24 35 47 52 56
6 20 24 37 39 41 43
6 20 24 37 41 49 61
6 20 24 37 41 51 63
6 20 24 37 41 52 56
6 20 24 37 41 55 59
6 20 24 38 39 42 43
6 20 24 38 42 50 62
6 20 24 38 42 51 63
6 20 24 38 42 52 56
6 20 24 38 42 53 57
6 20 24 38 42 55 59
6 20 24 39 43 49 61
6 20 24 39 43 50 62
6 20 24 39 43 51 63
6 20 24 39 43 52 56
6 20 24 49 51 61 63
8 20 24 50 51 53 57 62 63
6 20 24 53 55 57 59
6 20 25 27 33 35 38
6 20 25 27 36 41 43
5 20 25 27 37 39
6 20 25 27 45 47 60
5 20 25 27 48 58
5 20 25 27 53 55
5 20 25 27 61 63
8 20 25 28 32 42 49 54 62
6 20 25 28 33 38 46
5 20 25 28 34 51
6 20 25 28 36 41 44
8 20 25 28 37 45 52 57 60
5 20 25 28 39 47
5 20 25 28 48 58
5 20 25 28 53 61
5 20 25 28 55 63
8 20 25 29 32 42 46 49 54
8 20 25 29 33 38 50 59 63
6 20 25 29 34 43 47
5 20 25 29 37 53
6 20 25 29 48 58 62
6 20 25 29 52 57 61
5 20 25 31 33 38
6 20 25 31 36 41 47
5 20 25 31 37 55
5 20 25 31 45 60
6 20 25 31 52 57 63
7 20 25 32 42 49 54 56
6 20 25 33 38 40 53
5 20 25 33 38 47
6 20 25 33 38 52 57
5 20 25 33 38 55
5 20 25 33 38 56
5 20 25 33 38 62
5 20 25 34 45 60
5 20 25 34 48 58
5 20 25 35 40 55
5 20 25 35 45 60
5 20 25 35 48 58
5 20 25 35 52 57
5 20 25 37 44 56
5 20 25 39 48 58
5 20 25 39 52 57
5 20 25 44 52 57
5 20 25 45 50 60
5 20 25 45 53 60
5 20 25 45 55 60
5 20 25 47 48 58
5 20 25 47 52 57
5 20 25 56 62 63
6 20 26 27 36 42 43
5 20 26 27 38 39
5 20 26 27 48 53
6 20 26 27 52 58 59
5 20 26 27 62 63
5 20 26 28 32 50
5 20 26 28 33 48
6 20 26 28 36 42 44
8 20 26 28 38 46 52 58 60
5 20 26 28 39 47
5 20 26 28 53 61
5 20 26 28 54 62
5 20 26 28 55 63
6 20 26 29 32 50 59
5 20 26 29 33 49
6 20 26 29 34 43 63
6 20 26 29 36 42 45
7 20 26 29 38 44 53 56
6 20 26 29 46 54 60
6 20 26 29 52 58 61
6 20 26 31 36 42 47
5 20 26 31 38 55
5 20 26 31 46 60
6 20 26 31 52 58 63
5 20 26 32 45 50
5 20 26 32 50 57
5 20 26 32 50 61
5 20 26 32 50 63
5 20 26 33 40 53
5 20 26 33 46 60
5 20 26 34 49 56
5 20 26 34 52 58
5 20 26 35 40 55
5 20 26 35 46 60
5 20 26 35 52 58
5 20 26 38 45 57
5 20 26 38 47 59
6 20 26 39 46 59 60
5 20 26 39 52 58
5 20 26 44 52 58
5 20 26 44 54 61
5 20 26 46 49 60
5 20 26 46 53 60
5 20 26 46 55 60
5 20 26 47 52 58
5 20 27 28 32 51
5 20 27 28 34 49
6 20 27 28 36 43 44
5 20 27 28 37 45
5 20 27 28 38 46
8 20 27 28 39 47 52 59 60
5 20 27 28 53 61
5 20 27 28 55 63
5 20 27 31 32 51
5 20 27 31 33 50
5 20 27 31 39 55
5 20 27 31 41 45
5 20 27 31 42 46
6 20 27 31 52 59 63
5 20 27 31 58 62
5 20 27 32 38 51
6 20 27 32 41 51 53
5 20 27 32 45 51
5 20 27 32 46 51
5 20 27 32 51 56
5 20 27 32 51 61
5 20 27 32 51 62
5 20 27 33 47 60
5 20 27 33 52 59
5 20 27 34 47 60
5 20 27 34 52 59
5 20 27 35 40 55
5 20 27 35 52 59
5 20 27 37 52 59
6 20 27 38 47 58 60
5 20 27 38 52 59
5 20 27 39 44 56
5 20 27 41 47 60
5 20 27 41 52 59
5 20 27 42 52 59
5 20 27 44 52 59
5 20 27 45 52 59
5 20 27 46 52 59
5 20 27 47 49 60
5 20 27 47 50 60
5 20 27 47 55 60
5 20 28 32 37 45
5 20 28 32 38 46
6 20 28 32 41 53 61
6 20 28 32 43 55 63
5 20 28 33 39 47
5 20 28 34 53 61
5 20 28 35 37 45
5 20 28 35 38 46
5 20 28 37 45 48
5 20 28 37 45 49
5 20 28 37 45 51
6 20 28 37 45 53 61
6 20 28 37 45 55 63
5 20 28 37 45 56
5 20 28 37 45 59
6 20 28 38 39 46 47
5 20 28 38 46 48
5 20 28 38 46 49
5 20 28 38 46 50
5 20 28 38 46 51
6 20 28 38 46 53 61
6 20 28 38 46 55 63
5 20 28 38 46 56
5 20 28 38 46 59
5 20 28 39 41 47
5 20 28 39 42 47
5 20 28 39 47 48
5 20 28 39 47 49
5 20 28 39 47 50
5 20 28 39 47 51
6 20 28 39 47 55 63
5 20 28 39 47 56
5 20 28 39 47 57
5 20 28 39 47 58
5 20 28 41 52 60
5 20 28 41 55 63
5 20 28 42 55 63
5 20 28 43 52 60
5 20 28 48 53 61
5 20 28 48 54 62
5 20 28 49 55 63
5 20 28 50 53 61
5 20 28 51 53 61
5 20 28 55 56 63
5 20 28 55 57 63
5 20 28 55 58 63
5 20 29 31 33 35
6 20 29 31 36 45 47
5 20 29 31 37 39
5 20 29 31 49 51
6 20 29 31 50 57 59
5 20 29 32 37 58
5 20 29 33 52 61
6 20 29 34 35 42 43
6 20 29 34 43 44 49
5 20 29 34 43 48
6 20 29 34 43 50 59
5 20 29 34 43 51
6 20 29 34 43 52 61
5 20 29 34 43 56
5 20 29 34 43 60
5 20 29 34 43 62
5 20 29 35 52 61
5 20 29 37 50 59
5 20 29 37 52 61
5 20 29 37 57 60
5 20 29 38 52 61
5 20 29 38 58 60
6 20 29 39 50 59 60
5 20 29 39 52 61
5 20 29 42 44 57
5 20 29 42 50 59
5 20 29 44 50 59
5 20 29 46 48 54
5 20 29 46 54 56
6 20 29 50 51 58 59
5 20 30 32 38 47
7 20 30 33 43 44 52 62
6 20 30 33 43 48 63
6 20 30 33 43 56 61
5 20 30 33 43 60
5 20 30 34 39 44
6 20 30 34 39 48 63
7 20 30 34 39 49 59 60
6 20 30 34 39 50 55
6 20 30 34 39 52 62
6 20 30 34 39 56 61
5 20 30 35 52 62
5 20 30 35 56 61
5 20 30 38 48 63
5 20 30 38 49 59
5 20 30 38 50 55
5 20 30 38 52 62
6 20 30 38 53 58 60
5 20 30 38 56 61
5 20 30 44 49 59
5 20 30 44 50 55
5 20 30 44 53 58
6 20 30 44 54 56 61
6 20 30 48 56 61 63
6 20 30 50 53 55 58
5 20 30 50 55 60
5 20 30 51 53 58
5 20 30 51 56 61
5 20 31 32 41 53
5 20 31 35 52 63
5 20 31 37 52 63
5 20 31 37 57 60
5 20 31 38 52 63
5 20 31 38 58 60
5 20 31 39 52 63
5 20 31 39 59 60
5 20 31 41 52 63
5 20 31 42 52 63
5 20 31 44 52 63
5 20 31 44 55 56
5 20 31 45 52 63
5 20 31 45 55 57
5 20 31 46 52 63
5 20 31 46 55 58
5 20 32 37 40 52
5 20 32 37 43 55
5 20 32 38 40 52
5 20 32 38 43 55
5 20 32 39 40 52
5 20 32 41 45 53
6 20 32 41 46 53 63
5 20 32 41 53 56
5 20 32 41 53 59
5 20 32 43 55 56
5 20 32 43 55 62
5 20 33 35 57 59
5 20 33 35 61 63
5 20 33 39 49 55
5 20 33 39 56 62
5 20 33 39 59 60
5 20 33 40 48 53
5 20 33 41 48 56
5 20 33 41 49 57
5 20 33 42 46 50
5 20 33 46 49 62
5 20 33 47 49 63
5 20 33 50 57 61
5 20 34 35 58 59
5 20 34 35 62 63
5 20 34 41 44 51
5 20 34 41 58 61
5 20 34 42 45 62
5 20 34 42 48 56
5 20 34 42 50 58
5 20 34 42 51 59
5 20 34 44 53 63
5 20 34 45 50 61
5 20 34 47 49 55
5 20 34 47 50 63
5 20 35 37 40 55
5 20 35 37 57 60
5 20 35 38 40 55
5 20 35 38 58 60
5 20 35 40 48 55
5 20 35 42 45 63
5 20 35 42 51 58
5 20 35 43 48 56
5 20 35 43 51 59
5 20 35 45 51 61
5 20 35 46 51 62
5 20 37 39 49 51
6 20 37 39 57 59 60
5 20 37 39 61 63
5 20 37 44 62 63
5 20 37 49 57 60
5 20 37 50 57 60
5 20 37 55 57 60
5 20 38 39 62 63
5 20 38 50 58 60
5 20 38 55 58 60
5 20 39 41 55 57
5 20 39 41 59 60
5 20 39 42 51 57
5 20 39 42 55 58
5 20 39 46 49 56
5 20 39 46 55 62
5 20 41 43 49 51
5 20 41 45 57 61
5 20 41 45 59 63
5 20 41 47 57 63
5 20 42 43 50 51
5 20 42 45 53 56
5 20 42 46 58 62
5 20 42 46 59 63
5 20 42 47 58 63
5 20 43 47 59 63
5 20 45 47 49 51
5 20 45 47 57 59
5 20 45 48 56 62
5 20 46 47 50 51
5 20 46 47 58 59
8 21 22 24 27 28 31 32 35
10 21 22 24 27 28 31 33 34 48 51
10 21 22 24 27 28 31 36 39 52 55
8 21 22 24 27 28 31 49 50
12 21 22 24 27 28 31 53 54 56 59 60 63
8 21 22 25 26 32 35 44 47
20 21 22 25 26 33 34 36 39 40 43 45 46 49 50 52 55 56 59 61 62
8 21 22 25 26 37 38 41 42
8 21 22 25 26 48 51 60 63
8 21 22 25 26 53 54 57 58
6 21 22 29 30 32 35
6 21 22 29 30 33 34
12 21 22 29 30 36 39 44 47 52 55 60 63
8 21 22 29 30 37 38 45 46
10 21 22 29 30 40 43 53 54 61 62
6 21 22 29 30 48 51
6 21 22 29 30 49 50
6 21 22 29 30 56 59
6 21 22 29 30 57 58
8 21 22 32 35 40 43 61 62
6 21 22 32 35 45 46
6 21 22 32 35 53 54
6 21 22 32 35 56 59
6 21 22 32 35 60 63
8 21 22 33 34 41 42 53 54
6 21 22 33 34 44 47
6 21 22 33 34 57 58
6 21 22 33 34 60 63
8 21 22 40 43 48 51 61 62
6 21 22 41 42 49 50
6 21 22 44 47 48 51
6 21 22 44 47 49 50
6 21 22 44 47 53 54
6 21 22 44 47 56 59
6 21 22 45 46 48 51
6 21 22 45 46 53 54
6 21 22 45 46 57 58
6 21 22 45 46 60 63
6 21 22 48 51 56 59
6 21 22 49 50 57 58
6 21 22 49 50 60 63
6 21 22 57 58 60 63
6 21 23 24 33 35 48
6 21 23 24 37 39 40
5 21 23 24 41 43
6 21 23 24 42 45 47
5 21 23 24 49 51
5 21 23 24 54 60
5 21 23 24 57 59
6 21 23 25 27 32 44
12 21 23 25 27 33 35 45 47 49 51 61 63
10 21 23 25 27 34 46 53 55 57 59
6 21 23 25 27 36 40
8 21 23 25 27 37 39 41 43
6 21 23 25 27 48 60
6 21 23 25 27 50 62
6 21 23 25 27 52 56
6 21 23 25 27 54 58
5 21 23 28 33 35
6 21 23 28 37 39 44
5 21 23 28 45 47
5 21 23 28 49 51
5 21 23 28 57 59
5 21 23 28 61 63
5 21 23 29 31 32
8 21 23 29 31 33 35 36 44
8 21 23 29 31 34 40 50 56
5 21 23 29 31 48
8 21 23 29 31 49 51 52 60
8 21 23 29 31 53 55 61 63
8 21 23 29 31 54 57 59 62
7 21 23 30 33 35 40 52
6 21 23 30 34 61 63
5 21 23 30 36 60
6 21 23 30 37 39 46
8 21 23 30 45 47 53 55 62
6 21 23 30 49 51 56
5 21 23 30 57 59
6 21 23 32 41 43 52
6 21 23 32 42 48 58
5 21 23 32 57 59
5 21 23 32 61 63
6 21 23 33 35 42 54
5 21 23 33 35 46
5 21 23 33 35 56
6 21 23 33 35 57 59
5 21 23 33 35 60
5 21 23 33 35 62
6 21 23 34 36 49 51
6 21 23 34 41 43 54
5 21 23 34 45 47
5 21 23 36 41 43
6 21 23 36 42 57 59
5 21 23 36 45 47
5 21 23 40 49 51
5 21 23 41 43 48
6 21 23 41 43 49 51
5 21 23 44 49 51
5 21 23 44 57 59
5 21 23 45 47 48
5 21 23 45 47 50
5 21 23 45 47 52
5 21 23 45 47 54
5 21 23 45 47 56
6 21 23 45 47 57 59
5 21 23 45 47 60
5 21 23 46 49 51
5 21 23 48 57 59
5 21 23 49 51 54
5 21 23 49 51 58
5 21 23 49 51 62
5 21 23 50 57 59
5 21 23 50 61 63
5 21 23 52 57 59
5 21 23 52 61 63
5 21 23 57 59 60
8 21 24 26 29 32 34 39 47
10 21 24 26 29 33 43 48 50 55 63
5 21 24 26 29 35
12 21 24 26 29 36 38 44 46 53 56 58 61
8 21 24 26 29 37 40 42 45
6 21 24 26 29 49 59
5 21 24 26 29 51
8 21 24 26 29 52 54 60 62
5 21 24 26 29 57
6 21 24 30 33 39 48
6 21 24 30 36 54 60
6 21 24 30 37 40 46
7 21 24 30 38 44 58 61
5 21 24 30 43 59
6 21 24 30 47 49 55
6 21 24 30 53 56 62
5 21 24 32 41 52
5 21 24 32 53 56
5 21 24 33 46 48
5 21 24 33 47 48
5 21 24 33 48 57
5 21 24 33 48 59
5 21 24 33 48 62
5 21 24 35 42 45
5 21 24 35 53 56
5 21 24 35 54 60
6 21 24 36 42 45 57
5 21 24 36 47 59
7 21 24 38 44 52 58 61
5 21 24 42 45 50
5 21 24 42 45 52
6 21 24 42 45 53 56
5 21 24 42 45 59
5 21 24 43 53 56
5 21 24 43 54 60
5 21 24 46 54 60
5 21 24 47 53 56
5 21 24 47 54 60
5 21 24 50 51 52
8 21 25 32 34 44 46 55 59
6 21 25 32 39 43 44
6 21 25 32 44 50 62
6 21 25 32 44 51 63
6 21 25 32 44 53 57
8 21 25 34 46 48 55 59 60
6 21 25 35 36 40 47
6 21 25 35 47 48 60
6 21 25 35 47 50 62
6 21 25 35 47 52 56
6 21 25 35 47 53 57
8 21 25 36 38 40 42 53 57
6 21 25 36 40 51 63
6 21 25 36 40 54 58
6 21 25 38 42 52 56
6 21 25 39 43 48 60
6 21 25 39 43 51 63
6 21 25 39 43 53 57
6 21 25 39 43 54 58
6 21 25 48 50 60 62
6 21 25 51 52 56 63
6 21 25 51 54 58 63
6 21 25 52 54 56 58
5 21 26 28 32 47
7 21 26 28 33 43 50 55
5 21 26 28 34 39
7 21 26 28 36 46 56 61
6 21 26 28 37 42 44
6 21 26 28 38 52 62
5 21 26 28 48 63
5 21 26 28 49 59
6 21 26 28 53 58 60
5 21 26 32 47 51
5 21 26 32 47 60
7 21 26 33 43 44 50 55
7 21 26 33 43 50 55 57
7 21 26 33 43 50 55 60
6 21 26 34 39 41 54
5 21 26 34 39 44
6 21 26 34 39 48 63
6 21 26 34 39 53 58
5 21 26 34 39 57
5 21 26 34 39 60
7 21 26 35 36 46 56 61
5 21 26 35 40 45
5 21 26 35 48 63
5 21 26 35 49 59
5 21 26 35 52 62
7 21 26 36 46 51 56 61
7 21 26 36 46 54 56 61
6 21 26 38 40 45 57
6 21 26 40 45 48 63
5 21 26 40 45 51
6 21 26 40 45 53 58
5 21 26 40 45 54
5 21 26 44 48 63
5 21 26 44 49 59
5 21 26 44 52 62
5 21 26 48 54 63
5 21 26 48 57 63
5 21 26 49 59 60
5 21 26 51 52 62
5 21 27 29 33 51
7 21 27 29 34 36 44 49
6 21 27 29 37 43 45
8 21 27 29 39 47 53 59 61
6 21 27 29 40 55 63
6 21 27 29 50 52 60
5 21 27 29 54 62
7 21 27 30 33 36 51 60
7 21 27 30 34 40 50 56
5 21 27 30 35 44
6 21 27 30 37 43 46
7 21 27 30 39 45 54 57
6 21 27 30 47 55 61
5 21 27 30 49 52
6 21 27 30 53 59 62
5 21 27 32 41 52
5 21 27 32 53 59
6 21 27 33 40 51 52
5 21 27 33 44 51
5 21 27 33 46 51
5 21 27 33 51 56
5 21 27 33 51 58
5 21 27 33 51 62
5 21 27 34 41 54
5 21 27 34 47 61
5 21 27 35 50 57
5 21 27 35 53 59
5 21 27 39 44 56
5 21 27 39 46 58
5 21 27 40 53 59
5 21 27 44 53 59
5 21 27 45 53 59
5 21 27 45 55 62
5 21 27 47 48 61
5 21 27 47 50 61
5 21 27 47 54 61
5 21 28 30 32 34
8 21 28 30 36 38 53 60 62
6 21 28 30 37 44 46
5 21 28 30 43 63
5 21 28 30 47 55
5 21 28 30 48 50
5 21 28 30 52 54
5 21 28 30 56 58
6 21 28 32 38 49 62
6 21 28 32 42 48 58
5 21 28 32 53 60
5 21 28 33 38 62
5 21 28 33 42 54
5 21 28 34 36 49
5 21 28 35 53 60
5 21 28 36 42 57
5 21 28 38 48 62
5 21 28 38 56 62
5 21 28 43 53 60
5 21 28 45 52 57
5 21 28 45 53 60
5 21 28 46 52 58
5 21 28 46 53 60
5 21 28 47 52 59
5 21 28 47 53 60
6 21 29 32 38 46 49
6 21 29 32 42 48 58
5 21 29 32 54 62
5 21 29 32 55 63
5 21 29 33 38 46
5 21 29 33 39 47
6 21 29 33 40 52 60
6 21 29 33 42 54 62
5 21 29 34 52 60
5 21 29 35 52 60
5 21 29 35 54 62
6 21 29 36 42 44 57
5 21 29 36 43 44
5 21 29 36 44 50
5 21 29 36 44 51
6 21 29 36 44 54 62
5 21 29 36 44 59
6 21 29 38 40 46 57
5 21 29 38 46 48
6 21 29 38 46 52 60
5 21 29 39 40 47
5 21 29 39 47 48
5 21 29 39 47 49
5 21 29 39 47 50
5 21 29 39 47 51
6 21 29 39 47 54 62
5 21 29 39 47 56
5 21 29 39 47 57
5 21 29 43 52 60
5 21 29 48 54 62
5 21 29 49 54 62
5 21 29 49 55 63
5 21 29 51 54 62
5 21 29 52 57 60
5 21 29 52 58 60
5 21 29 52 59 60
5 21 29 54 56 62
5 21 29 55 56 63
5 21 30 32 38 49
5 21 30 32 53 62
6 21 30 34 36 49 60
5 21 30 34 53 62
5 21 30 35 36 60
5 21 30 35 45 50
5 21 30 35 53 62
5 21 30 36 43 60
5 21 30 36 50 60
5 21 30 36 58 60
5 21 30 36 59 60
5 21 30 38 40 57
5 21 30 39 53 62
5 21 30 39 59 61
5 21 30 40 47 55
5 21 30 43 45 58
5 21 30 44 53 62
5 21 30 44 54 56
5 21 30 47 48 55
5 21 30 47 55 56
5 21 30 47 55 57
5 21 31 33 40 52
5 21 31 34 36 49
5 21 31 34 44 52
6 21 31 34 45 53 63
5 21 31 34 57 62
5 21 31 35 40 49
5 21 31 35 50 61
5 21 31 35 53 63
5 21 31 35 57 62
6 21 31 39 40 53 63
5 21 31 39 48 50
6 21 31 39 54 59 61
5 21 31 39 57 62
5 21 31 40 54 59
5 21 31 44 53 63
5 21 31 44 54 59
5 21 31 44 55 56
5 21 31 45 48 56
5 21 31 45 54 59
6 21 31 45 55 57 62
5 21 31 48 54 59
5 21 31 48 57 62
5 21 31 49 57 62
5 21 31 51 54 59
5 21 31 52 54 59
5 21 31 57 60 62
9 21 32 34 40 42 48 50 56 58
6 21 32 34 41 52 54
5 21 32 34 43 63
5 21 32 34 60 62
6 21 32 38 40 49 57
6 21 32 38 41 49 52
5 21 32 38 49 56
5 21 32 39 59 61
5 21 32 40 46 63
5 21 32 40 51 59
5 21 32 41 50 52
6 21 32 43 46 51 60
5 21 32 45 55 62
6 21 33 36 38 41 53
6 21 33 36 42 54 57
6 21 33 38 40 52 57
5 21 33 39 41 53
6 21 33 40 42 52 54
5 21 33 40 47 52
5 21 33 40 52 58
5 21 33 40 52 63
5 21 33 42 47 54
5 21 33 42 54 56
5 21 33 46 47 57
6 21 34 36 41 49 54
6 21 34 36 42 49 57
5 21 34 36 47 49
5 21 34 36 49 58
5 21 34 36 49 63
7 21 34 40 47 50 56 63
5 21 34 41 48 54
5 21 34 43 44 48
5 21 34 43 47 51
5 21 34 51 58 62
5 21 35 40 46 48
6 21 35 42 44 59 62
6 21 35 43 44 46 63
5 21 35 43 48 56
5 21 35 43 49 57
5 21 35 43 51 59
5 21 35 44 49 52
5 21 35 46 51 62
5 21 36 38 45 53
5 21 36 42 47 57
5 21 36 42 50 57
5 21 36 43 47 54
5 21 38 40 48 57
5 21 39 45 51 60
5 21 39 48 59 61
5 21 39 51 59 61
5 21 40 46 47 60
5 21 40 58 59 60
5 21 43 44 59 60
5 21 43 46 54 57
5 21 43 47 56 60
5 21 43 47 59 63
5 21 43 52 54 63
5 21 44 46 48 50
5 21 44 46 52 54
5 21 44 46 60 62
5 21 45 48 55 62
5 21 45 55 60 62
5 21 46 47 50 51
5 21 46 47 62 63
5 21 46 49 57 63
5 21 49 52 54 57
5 21 50 51 58 59
5 21 51 59 60 62
5 21 56 58 60 62
5 21 58 59 62 63
6 22 23 24 38 39 40
5 22 23 24 42 43
5 22 23 24 50 51
6 22 23 24 54 55 56
5 22 23 24 57 60
5 22 23 25 29 32
7 22 23 25 29 33 36 48
10 22 23 25 29 34 35 40 44 49 52
6 22 23 25 29 37 53
8 22 23 25 29 50 51 56 60
8 22 23 25 29 54 55 57 61
6 22 23 26 27 32 44
8 22 23 26 27 33 45 52 56
16 22 23 26 27 34 35 37 41 46 47 50 51 53 57 62 63
6 22 23 26 27 36 40
8 22 23 26 27 38 39 42 43
6 22 23 26 27 48 60
6 22 23 26 27 49 61
8 22 23 26 27 54 55 58 59
6 22 23 28 34 35 36
5 22 23 28 46 47
6 22 23 28 54 55 60
6 22 23 28 58 59 61
5 22 23 30 31 32
6 22 23 30 31 33 40
6 22 23 30 31 34 35
6 22 23 30 31 36 44
8 22 23 30 31 37 45 53 61
8 22 23 30 31 38 39 46 47
9 22 23 30 31 41 54 55 62 63
5 22 23 30 31 48
6 22 23 30 31 49 56
6 22 23 30 31 50 51
6 22 23 30 31 52 60
5 22 23 30 31 57
6 22 23 30 31 58 59
6 22 23 32 41 62 63
5 22 23 32 58 59
6 22 23 33 41 62 63
5 22 23 33 46 47
5 22 23 33 54 55
8 22 23 34 35 42 43 54 55
5 22 23 34 35 45
5 22 23 34 35 56
6 22 23 34 35 58 59
5 22 23 34 35 60
5 22 23 34 35 61
5 22 23 36 42 43
5 22 23 36 45 60
5 22 23 40 50 51
6 22 23 41 49 62 63
5 22 23 42 43 48
6 22 23 42 43 50 51
5 22 23 44 50 51
5 22 23 44 58 59
5 22 23 45 50 51
5 22 23 45 54 55
5 22 23 46 47 48
5 22 23 46 47 49
6 22 23 46 47 52 61
6 22 23 46 47 54 55
5 22 23 46 47 56
6 22 23 46 47 58 59
5 22 23 46 47 60
6 22 23 50 51 58 59
5 22 23 50 51 61
5 22 23 52 58 59
5 22 23 58 59 60
5 22 24 29 32 47
7 22 24 29 33 43 49 59
7 22 24 29 34 39 48 63
7 22 24 29 36 46 53 58
6 22 24 29 38 40 45
6 22 24 29 44 52 62
5 22 24 29 50 55
6 22 24 29 54 56 61
7 22 24 30 33 39 47 50
5 22 24 30 34 48
8 22 24 30 36 44 54 56 62
6 22 24 30 38 40 46
6 22 24 30 43 52 60
6 22 24 30 49 55 63
5 22 24 30 53 61
5 22 24 32 49 58
5 22 24 32 54 56
5 22 24 33 42 53
5 22 24 33 44 62
6 22 24 34 43 48 55
5 22 24 34 45 48
5 22 24 34 47 48
5 22 24 34 48 57
5 22 24 34 48 59
5 22 24 34 48 61
5 22 24 35 42 55
5 22 24 35 54 56
5 22 24 36 45 57
5 22 24 36 47 59
5 22 24 43 54 56
5 22 24 44 49 62
5 22 24 44 51 62
5 22 24 44 53 62
5 22 24 46 52 61
5 22 24 46 54 56
5 22 24 47 54 56
5 22 25 27 30 32
8 22 25 27 30 33 35 36 44
10 22 25 27 30 34 40 49 51 52 60
12 22 25 27 30 37 39 45 47 54 57 59 62
8 22 25 27 30 38 41 43 46
5 22 25 27 30 48
6 22 25 27 30 50 56
8 22 25 27 30 53 55 61 63
5 22 25 27 30 58
5 22 25 31 33 36
7 22 25 31 34 40 49 52
5 22 25 31 35 44
6 22 25 31 37 55 61
6 22 25 31 38 41 47
7 22 25 31 39 45 59 62
5 22 25 31 50 56
5 22 25 31 51 60
6 22 25 31 54 57 63
7 22 25 32 39 45 59 62
5 22 25 32 43 46
5 22 25 32 50 56
5 22 25 32 51 60
5 22 25 32 55 61
6 22 25 33 36 42 53
5 22 25 33 36 47
6 22 25 33 36 51 60
6 22 25 33 36 54 57
5 22 25 33 36 58
5 22 25 33 36 63
7 22 25 34 40 47 49 52
7 22 25 34 40 49 52 58
7 22 25 34 40 49 52 63
5 22 25 35 44 48
5 22 25 35 44 63
6 22 25 37 43 46 58
7 22 25 39 45 48 59 62
7 22 25 39 45 53 59 62
5 22 25 43 46 48
6 22 25 43 46 51 60
5 22 25 43 46 53
6 22 25 43 46 54 57
5 22 25 47 50 56
5 22 25 47 51 60
5 22 25 47 55 61
5 22 25 48 55 61
5 22 25 50 56 63
5 22 25 51 53 60
5 22 25 51 58 60
6 22 26 32 39 43 44
6 22 26 32 44 49 61
6 22 26 32 44 51 63
6 22 26 32 44 54 58
6 22 26 32 44 55 59
8 22 26 33 35 45 47 52 56
8 22 26 33 45 51 52 56 63
6 22 26 35 36 40 47
6 22 26 35 47 48 60
6 22 26 35 47 49 61
6 22 26 35 47 54 58
6 22 26 36 40 48 60
6 22 26 36 40 51 63
6 22 26 36 40 53 57
6 22 26 36 40 54 58
8 22 26 37 39 41 43 54 58
6 22 26 37 41 55 59
6 22 26 39 43 48 60
6 22 26 39 43 53 57
6 22 26 48 53 57 60
6 22 26 48 55 59 60
6 22 26 49 51 61 63
6 22 26 53 55 57 59
6 22 27 29 34 36 51
7 22 27 29 37 47 57 62
6 22 27 29 38 43 45
6 22 27 29 39 53 63
5 22 27 29 40 56
6 22 27 29 44 50 52
6 22 27 29 54 59 61
5 22 27 32 41 46
5 22 27 32 53 63
5 22 27 32 54 59
5 22 27 34 44 51
5 22 27 34 45 51
5 22 27 34 51 56
5 22 27 34 51 58
5 22 27 34 51 61
5 22 27 35 42 55
5 22 27 35 54 59
7 22 27 37 47 55 57 62
6 22 27 39 41 46 58
5 22 27 39 44 56
5 22 27 40 53 63
5 22 27 40 54 59
5 22 27 41 46 49
6 22 27 41 46 54 59
5 22 27 41 46 55
5 22 27 41 46 56
5 22 27 44 53 63
5 22 27 44 54 59
5 22 27 45 53 63
5 22 27 48 49 55
5 22 28 32 43 50
5 22 28 32 49 62
5 22 28 32 54 60
5 22 28 32 58 61
5 22 28 33 39 50
6 22 28 33 46 54 60
5 22 28 33 47 55
5 22 28 33 58 61
5 22 28 34 43 55
6 22 28 36 43 54 60
5 22 28 36 49 51
6 22 28 36 53 56 62
5 22 28 36 58 61
5 22 28 43 53 56
5 22 28 46 51 59
6 22 28 46 52 58 61
5 22 28 46 53 56
5 22 28 47 52 59
5 22 28 47 53 56
5 22 28 47 54 60
5 22 28 48 53 56
5 22 28 50 58 61
5 22 28 51 53 56
5 22 28 51 58 61
5 22 28 53 55 56
5 22 28 58 61 63
5 22 29 31 33 35
8 22 29 31 37 39 54 61 63
6 22 29 31 38 45 47
5 22 29 31 40 60
5 22 29 31 44 52
5 22 29 31 49 51
5 22 29 31 53 55
5 22 29 31 57 59
5 22 29 32 39 63
5 22 29 32 46 49
5 22 29 32 54 61
6 22 29 33 39 50 63
5 22 29 33 54 61
5 22 29 35 37 50
5 22 29 35 54 61
5 22 29 36 54 61
5 22 29 36 56 62
5 22 29 37 43 58
5 22 29 39 40 63
5 22 29 39 49 63
5 22 29 39 56 63
5 22 29 39 57 63
5 22 29 40 46 57
5 22 29 43 44 52
5 22 29 44 51 52
5 22 29 44 52 58
5 22 29 44 52 59
5 22 29 47 53 59
5 22 29 47 54 61
5 22 30 32 53 61
5 22 30 32 55 63
5 22 30 33 55 63
5 22 30 34 36 44
5 22 30 34 37 45
6 22 30 34 41 53 61
6 22 30 34 43 55 63
6 22 30 35 37 45 50
6 22 30 35 41 51 57
5 22 30 35 52 60
5 22 30 35 53 61
5 22 30 36 43 44
5 22 30 36 44 48
5 22 30 36 44 49
5 22 30 36 44 50
5 22 30 36 44 51
6 22 30 36 44 53 61
5 22 30 36 44 58
5 22 30 36 44 59
6 22 30 37 43 45 58
5 22 30 37 45 51
6 22 30 37 45 55 63
5 22 30 39 40 47
6 22 30 39 41 47 58
5 22 30 39 47 48
5 22 30 39 47 49
6 22 30 39 47 53 61
5 22 30 39 47 56
5 22 30 40 55 63
5 22 30 48 53 61
5 22 30 50 52 60
5 22 30 50 53 61
5 22 30 51 53 61
5 22 30 52 59 60
5 22 30 53 59 61
5 22 30 55 56 63
5 22 30 55 57 63
5 22 30 55 58 63
5 22 31 32 54 63
5 22 31 33 39 50
5 22 31 34 37 61
5 22 31 34 41 53
6 22 31 35 37 50 61
6 22 31 35 41 51 57
5 22 31 35 54 63
5 22 31 37 51 61
5 22 31 37 59 61
5 22 31 39 41 58
5 22 31 40 54 63
5 22 31 44 54 63
5 22 31 44 55 56
5 22 31 45 54 63
5 22 31 45 55 57
5 22 31 46 54 63
5 22 31 46 55 58
6 22 32 40 45 47 60
5 22 32 40 48 56
5 22 32 40 50 58
5 22 32 40 51 59
6 22 32 41 47 56 61
5 22 32 43 45 51
5 22 32 45 48 61
5 22 32 47 50 55
5 22 33 35 40 60
9 22 33 35 41 43 49 51 57 59
6 22 33 35 42 53 55
5 22 33 35 61 63
6 22 33 39 41 50 58
6 22 33 39 42 50 53
5 22 33 39 44 50
5 22 33 39 50 57
5 22 33 39 50 60
5 22 33 40 44 48
5 22 33 40 47 51
5 22 33 42 51 53
7 22 33 43 44 49 59 60
5 22 33 48 57 61
5 22 34 36 42 54
6 22 34 37 39 42 54
6 22 34 37 43 55 58
6 22 34 39 41 53 58
6 22 34 41 43 53 55
5 22 34 41 44 53
5 22 34 41 53 59
5 22 34 43 44 55
5 22 34 43 55 57
5 22 34 43 55 60
5 22 34 44 45 58
5 22 35 36 56 62
6 22 35 37 42 50 55
6 22 35 37 43 50 58
5 22 35 37 50 59
6 22 35 40 45 48 63
5 22 35 42 49 55
5 22 35 43 45 60
5 22 35 43 48 56
5 22 35 46 52 61
5 22 36 46 48 63
5 22 36 48 56 62
5 22 36 51 56 62
5 22 37 39 46 54
5 22 37 43 51 58
5 22 39 40 44 53
5 22 39 41 44 58
5 22 39 41 49 58
5 22 40 44 56 60
5 22 40 44 59 63
5 22 40 45 53 58
5 22 40 47 56 63
5 22 40 53 55 60
5 22 43 44 45 63
5 22 43 56 57 63
5 22 44 45 48 49
5 22 44 45 60 61
5 22 45 47 49 51
5 22 45 47 53 55
5 22 45 47 61 63
5 22 45 50 58 60
5 22 46 51 52 61
5 22 46 52 61 63
5 22 48 49 56 57
5 22 48 56 61 63
5 22 50 53 55 58
5 22 56 57 60 61
5 22 57 59 61 63
5 23 24 25 36 37
6 23 24 25 39 40 41
5 23 24 25 51 54
6 23 24 25 55 56 57
5 23 24 25 60 61
6 23 24 26 32 34 37
5 23 24 26 36 38
6 23 24 26 39 40 42
6 23 24 26 44 46 63
5 23 24 26 51 57
5 23 24 26 52 54
5 23 24 26 60 62
5 23 24 28 34 49
5 23 24 28 35 48
5 23 24 28 36 52
5 23 24 28 41 45
5 23 24 28 42 46
6 23 24 28 55 56 60
5 23 24 28 57 61
5 23 24 31 33 50
5 23 24 31 35 48
8 23 24 31 36 44 55 56 63
5 23 24 31 37 45
5 23 24 31 38 46
6 23 24 31 39 40 47
5 23 24 31 52 60
5 23 24 31 54 62
5 23 24 32 43 52
5 23 24 32 55 56
5 23 24 33 44 63
5 23 24 33 55 56
5 23 24 34 44 63
5 23 24 34 55 56
5 23 24 35 37 48
6 23 24 35 42 48 54
5 23 24 35 45 48
5 23 24 35 46 48
5 23 24 35 48 59
5 23 24 35 48 61
5 23 24 35 48 62
5 23 24 36 47 59
6 23 24 37 44 57 63
5 23 24 37 55 56
5 23 24 38 55 56
5 23 24 41 55 56
5 23 24 42 44 63
5 23 24 42 55 56
5 23 24 44 49 63
5 23 24 44 50 63
5 23 24 44 52 63
5 23 24 45 55 56
5 23 24 46 55 56
5 23 24 47 55 56
5 23 25 28 37 52
6 23 25 28 39 41 44
5 23 25 28 45 63
6 23 25 28 55 57 60
6 23 25 30 33 40 60
5 23 25 30 34 50
6 23 25 30 35 49 56
7 23 25 30 37 47 54 59
6 23 25 30 39 41 46
6 23 25 30 45 53 63
6 23 25 30 55 57 62
5 23 25 31 34 51
5 23 25 31 35 49
5 23 25 31 36 44
8 23 25 31 37 45 55 57 63
6 23 25 31 39 41 47
5 23 25 31 52 60
5 23 25 31 53 61
5 23 25 31 54 62
5 23 25 32 43 52
5 23 25 32 45 63
5 23 25 32 55 57
5 23 25 33 50 59
5 23 25 33 55 57
5 23 25 34 43 54
5 23 25 34 45 63
5 23 25 35 46 49
5 23 25 35 49 58
5 23 25 35 49 60
5 23 25 35 49 62
6 23 25 36 45 56 63
5 23 25 36 55 57
5 23 25 37 44 56
5 23 25 37 46 58
5 23 25 44 55 57
5 23 25 45 50 63
5 23 25 45 52 63
5 23 25 45 54 63
5 23 25 47 53 62
5 23 25 47 55 57
5 23 26 28 34 37
5 23 26 28 38 52
6 23 26 28 39 42 44
5 23 26 28 46 63
6 23 26 28 55 58 60
6 23 26 30 33 40 44
8 23 26 30 34 37 49 56 60
8 23 26 30 35 41 45 50 53
5 23 26 30 38 54
6 23 26 30 51 57 61
6 23 26 30 55 58 62
5 23 26 31 33 48
6 23 26 31 34 37 45
8 23 26 31 35 41 50 53 61
5 23 26 31 36 44
8 23 26 31 38 46 55 58 63
6 23 26 31 39 42 47
5 23 26 31 51 57
5 23 26 31 52 60
5 23 26 31 54 62
5 23 26 32 43 52
5 23 26 32 46 63
5 23 26 32 51 57
5 23 26 32 55 58
5 23 26 33 46 63
5 23 26 33 51 57
6 23 26 34 37 43 54
5 23 26 34 37 44
5 23 26 34 37 52
6 23 26 34 37 55 58
5 23 26 34 37 59
5 23 26 34 37 61
7 23 26 35 41 50 53 59
5 23 26 36 51 57
5 23 26 36 55 58
5 23 26 38 47 59
5 23 26 44 51 57
5 23 26 44 55 58
5 23 26 46 49 63
5 23 26 46 52 63
5 23 26 46 54 63
5 23 26 47 55 58
5 23 26 59 60 61
6 23 27 32 37 41 44
6 23 27 32 44 55 59
6 23 27 33 45 48 60
6 23 27 33 45 50 62
6 23 27 33 45 55 59
10 23 27 35 36 40 47 51 52 56 63
10 23 27 35 38 42 47 51 54 58 63
6 23 27 36 37 40 41
6 23 27 36 38 40 42
6 23 27 36 40 48 60
6 23 27 36 40 49 61
6 23 27 36 40 50 62
6 23 27 36 40 55 59
6 23 27 37 41 48 60
6 23 27 37 41 49 61
6 23 27 37 41 52 56
6 23 27 37 41 54 58
6 23 27 37 41 55 59
6 23 27 38 42 48 60
6 23 27 38 42 50 62
6 23 27 38 42 52 56
6 23 27 38 42 55 59
8 23 27 48 49 54 58 60 61
6 23 27 48 50 60 62
6 23 27 52 54 56 58
5 23 28 30 32 34
5 23 28 30 36 38
6 23 28 30 39 44 46
5 23 28 30 48 50
6 23 28 30 49 56 58
5 23 28 32 55 60
5 23 28 35 42 54
5 23 28 36 55 60
5 23 28 36 56 63
5 23 28 37 55 60
5 23 28 37 57 63
5 23 28 38 55 60
5 23 28 38 58 63
5 23 28 41 55 60
5 23 28 42 55 60
5 23 28 45 52 57
5 23 28 45 55 60
5 23 28 46 52 58
5 23 28 46 55 60
5 23 28 47 52 59
5 23 28 47 55 60
5 23 29 32 55 61
5 23 29 32 59 62
5 23 29 33 36 47
6 23 29 33 36 49 52
7 23 29 33 36 50 56 63
6 23 29 33 36 51 60
6 23 29 33 36 55 61
6 23 29 33 36 59 62
7 23 29 34 40 47 55 61
6 23 29 34 40 51 60
6 23 29 34 40 59 62
5 23 29 34 40 63
5 23 29 35 37 44
5 23 29 37 49 52
5 23 29 37 50 56
5 23 29 37 51 60
6 23 29 37 54 57 63
5 23 29 37 55 61
5 23 29 37 59 62
5 23 29 47 49 52
5 23 29 47 50 56
6 23 29 47 53 59 62
5 23 29 47 54 57
5 23 29 48 54 57
5 23 29 48 59 62
6 23 29 49 52 54 57
5 23 29 49 52 63
6 23 29 51 59 60 62
6 23 30 32 33 40 41
5 23 30 32 55 62
6 23 30 33 40 47 50
5 23 30 33 40 48
6 23 30 33 40 49 56
5 23 30 33 40 51
6 23 30 33 40 55 62
5 23 30 33 40 59
5 23 30 33 40 61
5 23 30 33 40 63
5 23 30 34 55 62
5 23 30 35 38 57
6 23 30 36 49 56 63
5 23 30 36 55 62
5 23 30 37 55 62
5 23 30 37 57 63
5 23 30 38 49 56
5 23 30 38 55 62
5 23 30 38 58 63
5 23 30 41 47 58
5 23 30 41 49 56
5 23 30 45 51 53
5 23 30 45 53 59
5 23 30 47 49 56
6 23 30 48 49 56 57
5 23 31 32 37 45
5 23 31 32 38 46
5 23 31 33 54 62
5 23 31 34 36 44
5 23 31 35 37 45
5 23 31 35 38 46
6 23 31 35 40 52 60
6 23 31 35 42 54 62
6 23 31 36 37 44 45
5 23 31 36 41 44
5 23 31 36 42 44
5 23 31 36 44 48
5 23 31 36 44 49
5 23 31 36 44 50
5 23 31 36 44 51
6 23 31 36 44 52 60
5 23 31 36 44 57
5 23 31 36 44 58
5 23 31 36 44 59
5 23 31 37 45 48
5 23 31 37 45 49
5 23 31 37 45 50
5 23 31 37 45 51
6 23 31 37 45 52 60
6 23 31 37 45 54 62
5 23 31 37 45 56
5 23 31 37 45 59
5 23 31 38 46 48
5 23 31 38 46 50
5 23 31 38 46 51
6 23 31 38 46 52 60
6 23 31 38 46 54 62
5 23 31 38 46 56
5 23 31 38 46 59
5 23 31 40 55 63
5 23 31 41 52 60
5 23 31 42 52 60
5 23 31 42 55 63
5 23 31 48 54 62
5 23 31 49 54 62
5 23 31 50 52 60
5 23 31 51 53 61
5 23 31 51 54 62
5 23 31 52 57 60
5 23 31 52 58 60
5 23 31 52 59 60
5 23 32 33 56 57
5 23 32 33 60 61
5 23 32 34 56 58
5 23 32 34 60 62
5 23 32 37 43 52
5 23 32 37 57 63
5 23 32 38 43 52
5 23 32 38 58 63
5 23 32 40 48 56
5 23 32 40 51 59
5 23 32 41 46 60
5 23 32 41 48 57
5 23 32 43 51 52
5 23 32 45 48 61
5 23 32 46 48 62
5 23 33 41 46 61
5 23 33 41 48 56
5 23 33 41 49 57
5 23 33 41 51 59
5 23 33 42 47 48
5 23 33 42 57 62
5 23 33 44 49 60
5 23 33 44 50 52
5 23 33 46 49 62
5 23 33 47 54 60
5 23 34 36 50 52
5 23 34 36 56 63
5 23 34 36 59 61
5 23 34 41 45 49
5 23 34 42 50 58
5 23 34 42 51 59
5 23 34 43 51 54
5 23 34 44 50 60
5 23 34 45 50 61
5 23 34 49 58 62
5 23 35 36 43 55
5 23 35 37 40 52
5 23 35 37 43 55
5 23 35 38 40 52
5 23 35 38 43 55
5 23 35 40 52 59
5 23 35 40 52 61
6 23 35 42 45 54 60
5 23 35 42 46 54
5 23 35 42 54 56
5 23 35 42 54 59
5 23 36 37 60 61
5 23 36 38 48 50
6 23 36 38 56 58 63
5 23 36 38 60 62
5 23 36 41 48 58
5 23 36 41 52 57
5 23 36 42 52 58
5 23 36 42 56 63
5 23 36 45 50 59
5 23 36 45 52 61
5 23 37 49 57 63
5 23 37 52 57 63
5 23 38 47 60 61
5 23 38 49 58 63
5 23 38 50 58 63
5 23 38 52 58 63
5 23 40 41 48 49
5 23 40 42 48 50
5 23 40 44 56 60
5 23 41 44 57 60
5 23 41 45 56 60
5 23 41 45 57 61
5 23 41 46 54 59
5 23 42 44 58 60
5 23 42 46 56 60
5 23 42 46 58 62
5 23 44 45 48 49
5 23 44 45 56 57
5 23 44 46 48 50
5 23 44 46 56 58
5 23 46 51 59 61
8 24 25 28 29 32 33 43 47
6 24 25 28 29 34 39
5 24 25 28 29 35
12 24 25 28 29 36 37 42 46 52 53 58 62
9 24 25 28 29 38 48 49 59 63
8 24 25 28 29 40 41 44 45
6 24 25 28 29 50 55
5 24 25 28 29 51
5 24 25 28 29 54
8 24 25 28 29 56 57 60 61
6 24 25 30 32 33 39
8 24 25 30 36 37 47 54 59
8 24 25 30 38 43 48 49 55
5 24 25 30 42 58
6 24 25 30 52 53 63
6 24 25 30 56 57 62
5 24 25 31 32 33
6 24 25 31 36 37 55
6 24 25 31 38 48 49
6 24 25 31 40 41 47
5 24 25 31 43 54
5 24 25 31 44 45
5 24 25 31 52 53
6 24 25 31 56 57 63
5 24 25 32 33 46
6 24 25 32 33 50 59
5 24 25 32 33 51
6 24 25 32 33 52 53
5 24 25 32 33 55
6 24 25 32 33 56 57
5 24 25 32 33 62
5 24 25 32 33 63
5 24 25 34 43 51
5 24 25 34 44 45
5 24 25 34 56 57
5 24 25 34 60 61
5 24 25 35 52 53
5 24 25 35 60 61
5 24 25 36 37 43
8 24 25 36 37 44 45 56 57
6 24 25 36 37 60 61
5 24 25 36 37 63
6 24 25 38 46 48 49
6 24 25 38 47 48 49
6 24 25 38 48 49 62
5 24 25 39 60 61
5 24 25 44 45 50
5 24 25 44 45 51
6 24 25 44 45 52 53
5 24 25 44 45 55
5 24 25 46 56 57
5 24 25 47 52 53
5 24 25 50 60 61
5 24 25 51 52 53
5 24 25 52 53 59
6 24 25 52 53 60 61
6 24 26 28 30 32 34
6 24 26 28 30 33 39
5 24 26 28 30 35
8 24 26 28 30 36 38 52 54
9 24 26 28 30 37 56 58 60 62
8 24 26 28 30 40 42 44 46
6 24 26 28 30 43 47
6 24 26 28 30 48 50
6 24 26 28 30 49 55
5 24 26 28 30 51
5 24 26 28 30 53
6 24 26 28 30 57 61
6 24 26 28 30 59 63
5 24 26 31 32 34
6 24 26 31 36 38 55
6 24 26 31 40 42 47
5 24 26 31 43 53
5 24 26 31 44 46
5 24 26 31 48 50
5 24 26 31 52 54
5 24 26 31 60 62
5 24 26 32 34 43
5 24 26 32 34 45
5 24 26 32 34 51
6 24 26 32 34 52 54
5 24 26 32 34 55
5 24 26 32 34 57
5 24 26 32 34 59
5 24 26 32 34 61
5 24 26 32 34 63
5 24 26 33 44 46
5 24 26 33 60 62
5 24 26 35 52 54
5 24 26 35 60 62
5 24 26 36 38 43
6 24 26 36 38 45 57
6 24 26 36 38 47 59
6 24 26 36 38 60 62
5 24 26 36 38 63
6 24 26 37 43 52 54
6 24 26 37 44 46 57
6 24 26 37 47 53 63
5 24 26 39 60 62
6 24 26 43 45 60 62
5 24 26 44 46 49
5 24 26 44 46 51
6 24 26 44 46 52 54
5 24 26 44 46 55
5 24 26 47 48 50
5 24 26 47 52 54
5 24 26 48 50 59
5 24 26 48 50 61
5 24 26 49 60 62
5 24 26 51 52 54
5 24 26 52 54 59
5 24 26 52 54 61
5 24 26 52 54 63
5 24 26 53 60 62
5 24 26 57 60 62
6 24 27 32 35 56 59
6 24 27 32 35 61 62
8 24 27 33 34 44 47 52 55
6 24 27 33 34 49 50
6 24 27 33 34 56 59
6 24 27 33 34 60 63
6 24 27 33 34 61 62
8 24 27 36 39 44 47 56 59
6 24 27 36 39 60 63
6 24 27 36 39 61 62
6 24 27 44 47 49 50
6 24 27 44 47 53 54
6 24 27 48 51 61 62
6 24 27 49 50 53 54
6 24 27 49 50 60 63
6 24 27 52 55 60 63
6 24 27 53 54 61 62
7 24 28 32 37 49 58 62
5 24 28 32 38 50
5 24 28 32 39 51
5 24 28 32 41 45
5 24 28 32 42 46
5 24 28 32 57 61
5 24 28 32 59 63
5 24 28 33 38 55
7 24 28 33 42 46 59 63
5 24 28 34 43 47
5 24 28 34 57 61
5 24 28 35 42 46
8 24 28 36 41 45 52 57 61
8 24 28 36 43 47 52 59 63
6 24 28 37 48 58 62
5 24 28 38 56 60
5 24 28 39 56 60
6 24 28 41 43 45 47
6 24 28 41 45 48 53
5 24 28 41 45 49
5 24 28 41 45 51
5 24 28 41 45 55
6 24 28 41 45 56 60
6 24 28 42 46 48 54
5 24 28 42 46 49
5 24 28 42 46 50
5 24 28 42 46 51
5 24 28 42 46 55
6 24 28 42 46 56 60
6 24 28 42 46 57 61
6 24 28 43 47 48 55
5 24 28 43 47 49
5 24 28 43 47 50
5 24 28 43 47 51
5 24 28 43 47 53
5 24 28 43 47 54
6 24 28 43 47 56 60
5 24 28 48 57 61
5 24 28 50 57 61
5 24 28 50 59 63
6 24 28 57 59 61 63
5 24 29 32 38 47
6 24 29 32 41 47 54
5 24 29 33 43 44
5 24 29 33 43 51
6 24 29 33 43 52 62
6 24 29 33 43 56 61
5 24 29 33 43 60
6 24 29 34 35 38 39
7 24 29 34 39 44 49 59
6 24 29 34 39 50 55
5 24 29 34 39 51
6 24 29 34 39 52 62
6 24 29 34 39 56 61
5 24 29 34 39 60
5 24 29 35 37 42
5 24 29 35 52 62
5 24 29 35 56 61
7 24 29 36 46 53 58 60
6 24 29 37 42 44 57
7 24 29 37 42 48 54 63
6 24 29 37 42 49 59
5 24 29 37 42 51
6 24 29 37 42 56 61
5 24 29 37 42 60
5 24 29 38 50 55
5 24 29 38 52 62
5 24 29 41 49 59
5 24 29 41 50 55
5 24 29 41 52 62
5 24 29 41 56 61
5 24 29 44 50 55
5 24 29 49 59 60
6 24 29 50 51 54 55
5 24 29 50 55 57
5 24 29 50 55 60
5 24 29 51 52 62
6 24 30 31 32 42 43
6 24 30 31 33 38 39
5 24 30 31 34 35
6 24 30 31 40 46 47
5 24 30 31 50 51
5 24 30 31 52 57
6 24 30 31 56 62 63
6 24 30 33 35 37 39
6 24 30 33 39 44 59
6 24 30 33 39 49 55
5 24 30 33 39 51
5 24 30 33 39 52
6 24 30 33 39 56 62
5 24 30 33 39 60
5 24 30 33 39 61
5 24 30 33 39 63
6 24 30 34 49 55 60
5 24 30 34 56 62
5 24 30 35 56 62
5 24 30 36 54 61
5 24 30 36 54 63
5 24 30 37 44 57
5 24 30 37 49 55
5 24 30 38 53 60
5 24 30 38 56 62
5 24 30 42 47 53
5 24 30 42 49 55
5 24 30 42 56 62
5 24 30 42 57 60
5 24 30 43 56 62
5 24 30 44 49 55
6 24 30 49 51 53 55
5 24 31 33 56 63
5 24 31 34 56 63
5 24 31 35 56 63
5 24 31 36 42 55
5 24 31 36 55 60
5 24 31 37 56 63
5 24 31 38 56 63
5 24 31 39 44 59
5 24 31 39 56 63
5 24 31 41 48 53
5 24 31 41 56 63
5 24 31 42 48 54
5 24 31 42 56 63
5 24 31 43 56 63
5 24 31 46 56 63
5 24 32 37 46 63
5 24 32 41 50 51
5 24 32 46 51 57
5 24 33 35 53 55
5 24 33 35 61 63
5 24 33 37 44 57
5 24 33 37 49 53
5 24 33 37 51 55
5 24 33 38 46 50
5 24 33 38 47 51
5 24 33 38 52 57
5 24 33 46 49 62
5 24 33 47 49 63
5 24 33 50 52 60
5 24 34 35 54 55
5 24 34 35 62 63
6 24 34 37 44 51 57
5 24 34 38 45 62
5 24 34 38 50 54
5 24 34 38 51 55
5 24 34 43 50 59
5 24 34 43 52 61
5 24 34 45 50 61
5 24 34 47 50 63
5 24 35 37 51 53
5 24 35 38 51 54
5 24 35 39 51 55
5 24 35 45 51 61
5 24 35 46 51 62
5 24 35 46 59 61
5 24 36 41 44 56
5 24 36 41 47 59
5 24 36 42 44 56
5 24 36 42 47 59
5 24 36 43 44 56
5 24 36 45 57 60
5 24 36 47 59 60
5 24 37 39 61 63
5 24 37 43 48 55
5 24 37 43 53 59
5 24 37 44 52 57
5 24 37 44 55 57
5 24 37 45 52 60
5 24 37 45 53 61
5 24 37 46 49 54
5 24 38 39 62 63
5 24 38 43 53 63
5 24 38 43 54 59
5 24 38 46 52 60
5 24 38 46 54 62
5 24 38 46 55 63
5 24 38 47 54 63
5 24 39 41 44 59
5 24 39 42 44 59
5 24 39 44 50 59
5 24 39 44 52 59
5 24 39 47 52 60
5 24 39 47 55 63
6 24 41 43 48 53 55
5 24 41 43 49 51
5 24 41 43 61 63
5 24 41 47 48 53
5 24 41 48 53 59
5 24 41 48 53 61
5 24 41 48 53 62
5 24 42 43 50 51
5 24 42 47 48 54
5 24 42 48 54 59
5 24 42 48 54 62
5 24 43 45 48 55
5 24 43 45 50 52
5 24 43 45 59 61
5 24 45 47 49 51
5 24 45 47 53 55
5 24 45 49 53 62
5 24 46 47 50 51
5 24 46 47 54 55
6 25 26 28 31 32 35
6 25 26 28 31 33 34
8 25 26 28 31 36 39 49 50
8 25 26 28 31 37 38 52 55
8 25 26 28 31 40 43 56 59
6 25 26 28 31 48 51
6 25 26 28 31 53 54
8 25 26 28 31 57 58 60 63
6 25 26 29 30 32 35
6 25 26 29 30 33 34
8 25 26 29 30 36 39 49 50
16 25 26 29 30 37 38 40 43 44 47 53 54 56 59 60 63
8 25 26 29 30 41 42 45 46
6 25 26 29 30 48 51
6 25 26 29 30 52 55
8 25 26 29 30 57 58 61 62
6 25 26 32 35 45 46
6 25 26 32 35 52 55
6 25 26 32 35 57 58
6 25 26 32 35 60 63
6 25 26 32 35 61 62
6 25 26 33 34 44 47
6 25 26 33 34 48 51
6 25 26 33 34 53 54
6 25 26 33 34 57 58
6 25 26 33 34 60 63
8 25 26 36 39 44 47 49 50
8 25 26 36 39 49 50 60 63
8 25 26 37 38 45 46 57 58
6 25 26 37 38 61 62
6 25 26 44 47 48 51
6 25 26 44 47 52 55
6 25 26 44 47 57 58
6 25 26 45 46 48 51
6 25 26 45 46 53 54
6 25 26 48 51 53 54
6 25 26 48 51 61 62
6 25 26 52 55 60 63
6 25 26 53 54 61 62
5 25 27 28 33 35
6 25 27 28 37 39 52
5 25 27 28 40 54
6 25 27 28 41 43 44
5 25 27 28 45 47
5 25 27 28 49 51
5 25 27 28 53 55
5 25 27 28 61 63
5 25 27 29 31 32
6 25 27 29 31 33 35
6 25 27 29 31 34 36
8 25 27 29 31 37 39 53 55
9 25 27 29 31 38 57 59 61 63
6 25 27 29 31 40 44
8 25 27 29 31 41 43 45 47
5 25 27 29 31 48
6 25 27 29 31 49 51
6 25 27 29 31 50 52
5 25 27 29 31 54
6 25 27 29 31 56 60
6 25 27 29 31 58 62
5 25 27 32 53 55
5 25 27 32 61 63
5 25 27 33 35 40
5 25 27 33 35 46
5 25 27 33 35 48
5 25 27 33 35 52
6 25 27 33 35 53 55
5 25 27 33 35 56
5 25 27 33 35 58
5 25 27 33 35 60
5 25 27 33 35 62
5 25 27 34 45 47
5 25 27 34 61 63
5 25 27 36 61 63
5 25 27 37 39 40
6 25 27 37 39 44 56
6 25 27 37 39 46 58
5 25 27 37 39 60
6 25 27 37 39 61 63
6 25 27 38 40 53 55
6 25 27 38 44 54 60
6 25 27 38 45 47 58
6 25 27 40 46 61 63
5 25 27 44 49 51
5 25 27 44 53 55
5 25 27 45 47 48
5 25 27 45 47 50
5 25 27 45 47 52
6 25 27 45 47 53 55
5 25 27 48 53 55
5 25 27 49 51 56
5 25 27 49 51 62
5 25 27 50 61 63
5 25 27 53 55 56
5 25 27 53 55 60
5 25 27 53 55 62
5 25 27 54 61 63
5 25 27 58 61 63
5 25 28 30 32 34
6 25 28 30 36 38 43
8 25 28 30 37 47 52 54 59
5 25 28 30 39 51
8 25 28 30 40 42 57 60 62
6 25 28 30 41 44 46
5 25 28 30 48 50
5 25 28 30 53 63
5 25 28 30 56 58
5 25 28 32 57 60
5 25 28 33 42 62
5 25 28 33 50 59
5 25 28 34 57 60
5 25 28 36 45 56
5 25 28 36 57 60
5 25 28 37 43 52
5 25 28 37 52 61
5 25 28 37 52 63
5 25 28 39 57 60
5 25 28 40 46 61
5 25 28 42 48 62
5 25 28 42 56 62
5 25 28 43 49 55
5 25 28 46 57 60
5 25 28 47 57 60
5 25 28 50 54 61
5 25 28 54 55 56
6 25 29 32 38 59 63
5 25 29 32 58 62
5 25 29 33 39 51
5 25 29 33 42 46
5 25 29 34 56 60
5 25 29 35 56 60
5 25 29 35 58 62
6 25 29 36 38 59 63
5 25 29 36 43 47
5 25 29 36 57 61
6 25 29 38 52 59 63
5 25 29 39 40 44
5 25 29 39 56 60
5 25 29 39 57 61
8 25 29 40 42 44 46 57 61
5 25 29 40 44 50
5 25 29 40 44 51
5 25 29 40 44 55
6 25 29 40 44 58 62
5 25 29 42 46 48
6 25 29 42 46 56 60
5 25 29 43 47 48
6 25 29 43 47 49 55
5 25 29 43 47 50
5 25 29 43 47 51
5 25 29 43 47 52
6 25 29 43 47 57 61
6 25 29 43 47 58 62
5 25 29 49 58 62
5 25 29 51 58 62
5 25 29 55 56 60
6 25 29 56 58 60 62
5 25 30 32 38 43
5 25 30 32 53 63
5 25 30 32 57 62
5 25 30 34 53 63
5 25 30 34 57 62
5 25 30 35 40 60
5 25 30 35 45 50
5 25 30 35 53 63
5 25 30 35 57 62
7 25 30 37 47 54 59 61
6 25 30 38 43 45 58
5 25 30 38 43 50
5 25 30 38 43 52
6 25 30 38 43 57 62
5 25 30 38 43 61
5 25 30 39 40 60
5 25 30 39 53 63
5 25 30 40 50 60
5 25 30 40 55 60
5 25 30 40 58 60
5 25 30 42 44 61
5 25 30 44 57 62
5 25 30 48 52 61
5 25 31 32 57 63
5 25 31 34 57 63
5 25 31 35 50 61
5 25 31 35 57 63
5 25 31 36 45 56
5 25 31 37 40 55
6 25 31 37 44 55 56
5 25 31 37 55 60
5 25 31 37 55 62
5 25 31 38 40 53
6 25 31 38 44 54 60
5 25 31 38 45 58
5 25 31 39 54 61
5 25 31 39 57 63
5 25 31 43 57 63
5 25 31 43 58 61
5 25 31 44 57 63
6 25 32 34 39 47 51
5 25 32 34 48 50
5 25 32 34 56 58
5 25 32 34 60 62
6 25 32 38 47 50 55
5 25 32 39 46 60
5 25 32 39 48 55
5 25 32 47 56 61
5 25 33 40 42 57
5 25 33 43 48 63
5 25 33 44 50 59
5 25 33 48 50 59
5 25 33 50 59 60
5 25 34 35 36 48
5 25 34 35 45 53
5 25 34 35 50 51
5 25 34 35 62 63
5 25 34 36 44 51
5 25 34 36 47 60
6 25 34 39 44 48 63
5 25 34 39 53 58
5 25 34 47 50 63
5 25 34 51 53 61
5 25 35 36 45 56
7 25 35 36 46 51 52 62
5 25 35 38 40 53
5 25 35 38 45 58
5 25 35 39 40 58
5 25 35 39 46 63
5 25 35 39 48 52
5 25 35 39 51 55
5 25 35 40 46 61
9 25 36 38 44 46 52 54 60 62
6 25 36 38 45 56 58
6 25 36 42 44 53 61
6 25 36 42 45 53 56
5 25 36 42 53 60
5 25 36 44 55 63
5 25 36 45 51 56
5 25 36 45 54 56
5 25 36 48 54 55
6 25 37 40 42 45 57
6 25 37 40 46 58 61
6 25 37 42 44 56 61
5 25 37 43 45 57
6 25 37 44 46 56 58
5 25 37 44 56 62
5 25 37 46 58 60
6 25 38 40 45 53 58
6 25 38 40 46 53 61
5 25 38 40 53 62
5 25 38 45 52 58
5 25 39 44 46 51
5 25 39 47 52 60
5 25 39 47 53 61
5 25 39 47 55 63
5 25 39 51 56 58
5 25 40 46 51 61
5 25 40 46 54 61
5 25 42 44 52 61
5 25 43 44 49 55
5 25 43 49 55 60
5 25 43 49 55 63
5 25 44 46 48 50
5 25 46 50 54 63
5 25 48 50 52 54
5 25 48 50 55 63
5 25 50 51 54 55
5 25 53 56 58 61
5 25 54 55 62 63
5 26 27 28 34 35
6 26 27 28 37 50 51
6 26 27 28 38 39 52
5 26 27 28 40 53
6 26 27 28 42 43 44
5 26 27 28 46 47
5 26 27 28 54 55
6 26 27 28 58 59 60
6 26 27 29 34 35 36
8 26 27 29 37 40 50 51 52
8 26 27 29 38 39 44 53 56
5 26 27 29 41 57
6 26 27 29 54 55 60
6 26 27 29 58 59 61
5 26 27 30 31 32
6 26 27 30 31 33 36
8 26 27 30 31 34 35 40 44
9 26 27 30 31 37 50 51 56 60
12 26 27 30 31 38 39 41 45 54 55 57 61
8 26 27 30 31 42 43 46 47
5 26 27 30 31 48
6 26 27 30 31 49 52
5 26 27 30 31 53
8 26 27 30 31 58 59 62 63
5 26 27 32 54 55
5 26 27 32 62 63
5 26 27 33 40 48
5 26 27 33 46 47
5 26 27 33 58 59
5 26 27 33 62 63
5 26 27 34 35 45
5 26 27 34 35 48
6 26 27 34 35 49 56
5 26 27 34 35 52
6 26 27 34 35 54 55
6 26 27 34 35 58 59
5 26 27 34 35 60
5 26 27 34 35 61
5 26 27 36 62 63
6 26 27 37 44 50 51
6 26 27 37 45 50 51
6 26 27 37 50 51 61
5 26 27 38 39 40
8 26 27 38 39 46 47 58 59
5 26 27 38 39 60
6 26 27 38 39 62 63
5 26 27 44 54 55
5 26 27 45 58 59
5 26 27 46 47 48
5 26 27 46 47 49
5 26 27 46 47 52
6 26 27 46 47 54 55
5 26 27 48 54 55
5 26 27 49 62 63
5 26 27 54 55 56
6 26 27 54 55 62 63
5 26 28 32 49 62
5 26 28 32 58 60
5 26 28 33 58 60
5 26 28 35 58 60
5 26 28 36 53 62
5 26 28 36 58 60
5 26 28 37 43 54
5 26 28 37 46 57
6 26 28 37 47 53 63
5 26 28 38 43 52
6 26 28 38 47 52 59
5 26 28 38 52 61
5 26 28 38 52 63
5 26 28 39 46 59
5 26 28 40 57 62
5 26 28 40 58 60
5 26 28 47 58 60
5 26 29 31 33 35
5 26 29 31 36 48
6 26 29 31 37 39 40
8 26 29 31 38 44 53 55 56
8 26 29 31 41 43 58 61 63
6 26 29 31 42 45 47
5 26 29 31 49 51
5 26 29 31 54 60
5 26 29 31 57 59
5 26 29 32 43 63
5 26 29 32 46 49
5 26 29 32 54 60
5 26 29 32 58 61
5 26 29 33 54 60
5 26 29 33 58 61
5 26 29 35 37 40
5 26 29 35 54 60
5 26 29 35 58 61
5 26 29 36 43 63
5 26 29 36 54 60
6 26 29 37 40 46 57
5 26 29 37 40 49
5 26 29 37 40 55
6 26 29 37 40 58 61
5 26 29 37 40 62
7 26 29 38 44 53 56 62
5 26 29 41 47 62
5 26 29 43 49 63
5 26 29 43 52 63
5 26 29 43 57 63
5 26 29 47 58 61
5 26 29 51 55 62
5 26 30 32 57 61
5 26 30 32 59 63
5 26 30 33 59 63
5 26 30 34 36 48
5 26 30 34 41 45
6 26 30 35 37 56 60
5 26 30 35 57 61
5 26 30 36 43 47
5 26 30 36 58 62
5 26 30 36 59 63
6 26 30 37 39 56 60
6 26 30 37 55 56 60
5 26 30 39 40 44
5 26 30 39 58 62
5 26 30 40 44 48
5 26 30 40 44 49
6 26 30 40 44 50 52
5 26 30 40 44 51
5 26 30 40 44 55
6 26 30 40 44 57 61
6 26 30 40 44 58 62
8 26 30 41 43 45 47 58 62
5 26 30 41 45 51
6 26 30 41 45 59 63
5 26 30 43 47 48
5 26 30 43 47 49
5 26 30 43 47 52
6 26 30 43 47 57 61
5 26 30 48 57 61
5 26 30 50 57 61
5 26 30 52 59 63
6 26 30 57 59 61 63
5 26 31 33 58 63
5 26 31 34 41 61
5 26 31 34 49 56
5 26 31 35 58 63
5 26 31 36 58 63
5 26 31 38 40 55
5 26 31 38 55 60
5 26 31 38 55 62
5 26 31 39 46 59
5 26 31 39 58 63
5 26 31 40 50 52
5 26 31 41 51 61
5 26 31 41 59 61
5 26 31 43 45 62
5 26 31 44 58 63
5 26 31 45 58 63
5 26 31 49 53 62
5 26 31 52 53 59
5 26 32 33 39 51
5 26 32 33 46 54
5 26 32 33 48 49
5 26 32 33 60 61
5 26 32 36 43 57
5 26 32 36 45 60
5 26 32 36 48 52
5 26 32 36 51 55
5 26 32 37 43 54
5 26 32 37 46 57
7 26 32 39 45 48 55 61
5 26 32 39 46 59
5 26 32 43 45 62
6 26 33 35 36 44 48
5 26 33 35 49 51
5 26 33 35 57 59
5 26 33 35 61 63
6 26 33 36 47 51 60
5 26 33 36 54 57
5 26 33 39 44 63
5 26 33 39 47 48
5 26 33 44 49 60
5 26 33 48 54 62
5 26 34 40 51 60
5 26 34 41 43 58
5 26 34 47 49 56
5 26 34 49 51 56
5 26 34 49 56 63
5 26 35 36 45 63
5 26 35 36 51 52
6 26 35 37 44 49 52
5 26 35 44 59 62
5 26 36 44 52 60
5 26 36 44 54 62
5 26 36 44 55 63
5 26 36 45 47 48
5 26 36 48 57 59
9 26 37 39 45 47 53 55 61 63
6 26 37 39 46 57 59
6 26 37 43 45 54 62
6 26 37 43 46 54 57
5 26 37 43 54 61
5 26 37 46 55 57
5 26 38 40 46 58
6 26 38 41 43 46 58
6 26 38 41 47 59 62
6 26 38 43 45 57 62
6 26 38 45 47 57 59
5 26 38 45 57 63
5 26 38 47 59 61
6 26 39 41 46 54 59
6 26 39 41 47 54 62
5 26 39 41 54 63
5 26 39 46 48 59
5 26 39 46 53 59
5 26 39 47 52 60
5 26 39 51 52 53
5 26 40 47 50 52
5 26 40 50 52 60
5 26 40 50 52 63
5 26 41 47 55 62
5 26 43 45 48 62
5 26 43 45 53 62
5 26 45 47 49 51
5 26 45 49 53 60
5 26 48 49 52 53
5 26 49 51 52 60
5 26 49 51 53 55
5 26 52 53 60 61
5 26 54 57 59 62
5 27 28 29 32 33
6 27 28 29 34 36 37
6 27 28 29 35 40 41
6 27 28 29 43 44 45
5 27 28 29 48 49
5 27 28 29 55 58
6 27 28 29 59 60 61
5 27 28 32 59 60
5 27 28 33 59 60
5 27 28 34 59 60
5 27 28 36 47 56
5 27 28 36 59 60
5 27 28 37 59 60
5 27 28 38 59 60
5 27 28 39 41 52
5 27 28 39 52 63
5 27 28 40 59 60
5 27 28 41 51 53
5 27 28 41 59 60
5 27 28 42 51 54
5 27 28 42 59 60
5 27 28 45 59 60
6 27 29 32 34 36 38
5 27 29 32 59 61
6 27 29 33 50 52 63
5 27 29 33 59 61
6 27 29 34 36 47 56
5 27 29 34 36 48
6 27 29 34 36 50 52
5 27 29 34 36 55
6 27 29 34 36 59 61
5 27 29 34 36 60
5 27 29 34 36 62
5 27 29 34 36 63
5 27 29 37 54 63
5 27 29 37 59 61
5 27 29 38 47 58
5 27 29 38 50 52
5 27 29 39 53 60
5 27 29 39 53 62
5 27 29 40 59 61
5 27 29 41 44 54
5 27 29 41 50 52
5 27 29 41 58 63
5 27 29 41 59 61
5 27 29 47 50 52
6 27 29 48 50 52 54
6 27 30 32 33 36 37
5 27 30 32 38 41
5 27 30 32 55 61
5 27 30 32 59 62
7 27 30 33 36 47 50 56
5 27 30 33 36 48
6 27 30 33 36 49 52
6 27 30 33 36 55 61
6 27 30 33 36 59 62
5 27 30 33 36 63
5 27 30 34 40 47
5 27 30 34 40 48
6 27 30 34 40 55 61
6 27 30 34 40 59 62
5 27 30 34 40 63
5 27 30 35 37 44
6 27 30 35 42 44 53
5 27 30 37 49 52
5 27 30 37 55 61
6 27 30 38 41 47 58
5 27 30 38 41 48
6 27 30 38 41 50 56
7 27 30 38 41 51 53 60
6 27 30 38 41 59 62
5 27 30 38 41 63
7 27 30 39 45 54 57 63
5 27 30 42 49 52
5 27 30 42 50 56
5 27 30 42 55 61
5 27 30 42 59 62
5 27 30 47 49 52
6 27 30 48 49 52 53
5 27 30 48 55 61
5 27 30 49 52 58
5 27 30 49 52 63
5 27 30 50 56 63
5 27 31 32 41 45
5 27 31 33 40 44
5 27 31 33 58 62
5 27 31 34 37 52
7 27 31 34 41 45 56 60
5 27 31 35 36 48
5 27 31 35 37 49
7 27 31 35 38 50 57 61
5 27 31 35 41 45
5 27 31 35 42 46
5 27 31 35 56 60
5 27 31 35 58 62
5 27 31 36 59 63
5 27 31 37 59 63
6 27 31 38 51 57 61
8 27 31 39 40 44 55 56 60
8 27 31 39 42 46 55 58 62
6 27 31 40 42 44 46
5 27 31 40 44 48
5 27 31 40 44 49
5 27 31 40 44 50
6 27 31 40 44 51 52
5 27 31 40 44 53
5 27 31 40 44 54
6 27 31 40 44 59 63
5 27 31 41 45 48
5 27 31 41 45 49
5 27 31 41 45 50
6 27 31 41 45 51 53
5 27 31 41 45 52
6 27 31 41 45 58 62
6 27 31 41 45 59 63
5 27 31 42 46 48
5 27 31 42 46 50
6 27 31 42 46 51 54
5 27 31 42 46 52
6 27 31 42 46 59 63
5 27 31 49 56 60
5 27 31 49 58 62
5 27 31 51 58 62
6 27 31 56 58 60 62
5 27 32 33 52 53
5 27 32 33 60 61
5 27 32 34 52 54
5 27 32 34 60 62
5 27 32 36 48 52
5 27 32 37 48 53
5 27 32 38 48 54
5 27 32 45 48 61
5 27 32 45 56 62
5 27 32 46 48 62
5 27 33 37 46 61
5 27 33 37 48 52
5 27 33 37 49 53
6 27 33 38 47 48 58
5 27 33 40 49 56
5 27 33 40 55 62
5 27 33 44 49 60
5 27 33 46 49 62
5 27 34 37 44 48
5 27 34 37 45 49
5 27 34 37 55 58
5 27 34 38 47 58
5 27 34 38 48 52
5 27 34 38 50 54
5 27 34 44 50 60
5 27 34 45 50 61
5 27 34 49 55 63
5 27 35 38 45 60
5 27 35 42 48 49
5 27 35 45 48 58
5 27 36 37 60 61
5 27 36 38 60 62
5 27 36 41 47 56
5 27 36 42 47 56
5 27 36 44 52 60
5 27 36 44 55 63
5 27 36 47 49 56
5 27 36 47 55 56
5 27 37 40 53 56
5 27 37 40 54 60
5 27 37 44 53 60
5 27 37 45 52 60
5 27 37 45 53 61
5 27 37 45 55 63
5 27 38 40 51 52
5 27 38 40 54 56
5 27 38 45 50 53
5 27 38 46 54 62
5 27 38 46 55 63
5 27 38 47 52 58
5 27 38 47 55 58
5 27 39 40 47 59
5 27 39 41 44 56
5 27 39 41 47 59
5 27 39 42 44 56
5 27 39 42 47 59
5 27 39 44 56 63
5 27 39 46 58 63
5 27 40 41 48 49
5 27 40 42 48 50
6 27 40 42 51 52 54
5 27 40 42 60 62
5 27 40 46 49 55
5 27 40 46 51 52
5 27 40 46 56 62
5 27 41 44 51 53
5 27 41 51 53 56
5 27 41 51 53 61
5 27 42 44 51 54
5 27 42 51 54 56
5 27 42 51 54 61
5 27 42 51 54 62
5 27 44 45 48 49
5 27 44 45 52 53
5 27 44 46 48 50
5 27 44 46 52 54
5 27 46 50 54 61
5 28 29 32 33 39
6 28 29 32 33 40 41
8 28 29 32 33 46 48 49 62
6 28 29 32 33 50 63
5 28 29 32 33 51
5 28 29 32 33 54
5 28 29 32 33 55
5 28 29 32 33 58
5 28 29 32 33 59
6 28 29 32 33 60 61
5 28 29 34 47 51
5 28 29 34 60 61
5 28 29 35 36 37
7 28 29 36 37 43 48 49
5 28 29 36 37 47
5 28 29 36 37 50
5 28 29 36 37 51
6 28 29 36 37 54 63
5 28 29 36 37 55
6 28 29 36 37 56 57
5 28 29 36 37 59
6 28 29 36 37 60 61
5 28 29 38 43 50
5 28 29 38 47 55
5 28 29 38 60 61
5 28 29 39 56 57
8 28 29 40 41 46 56 57 62
5 28 29 40 41 47
5 28 29 40 41 50
5 28 29 40 41 51
6 28 29 40 41 58 63
5 28 29 40 41 59
6 28 29 40 41 60 61
7 28 29 42 47 52 53 59
6 28 29 42 52 53 63
5 28 29 47 48 49
5 28 29 47 56 57
5 28 29 48 49 55
6 28 29 48 49 56 57
5 28 29 55 56 57
5 28 29 56 57 63
6 28 30 32 34 36 38
5 28 30 32 34 37
5 28 30 32 34 41
5 28 30 32 34 43
6 28 30 32 34 48 50
5 28 30 32 34 51
5 28 30 32 34 53
5 28 30 32 34 55
5 28 30 32 34 57
5 28 30 32 34 59
5 28 30 32 34 61
5 28 30 32 34 63
6 28 30 33 47 48 50
5 28 30 33 60 62
5 28 30 35 36 38
5 28 30 35 40 42
5 28 30 36 38 47
6 28 30 36 38 48 50
5 28 30 36 38 49
5 28 30 36 38 51
5 28 30 36 38 55
6 28 30 36 38 56 58
5 28 30 36 38 59
5 28 30 36 38 61
5 28 30 36 38 63
5 28 30 37 48 50
5 28 30 39 56 58
5 28 30 40 42 47
6 28 30 40 42 48 50
5 28 30 40 42 49
5 28 30 40 42 51
6 28 30 40 42 56 58
5 28 30 40 42 59
5 28 30 40 42 61
5 28 30 40 42 63
6 28 30 41 47 56 58
5 28 30 41 48 50
5 28 30 41 60 62
5 28 30 48 50 53
5 28 30 48 50 57
5 28 30 48 50 59
5 28 30 48 50 61
5 28 30 51 56 58
5 28 30 52 54 63
5 28 30 55 56 58
5 28 30 56 58 63
8 28 31 32 35 36 39 41 42
6 28 31 32 35 37 38
6 28 31 32 35 40 43
6 28 31 32 35 53 54
6 28 31 32 35 57 58
6 28 31 32 35 60 63
6 28 31 33 34 37 38
6 28 31 33 34 41 42
6 28 31 33 34 49 50
6 28 31 36 39 48 51
6 28 31 36 39 60 63
6 28 31 37 38 48 51
6 28 31 37 38 49 50
6 28 31 37 38 53 54
6 28 31 37 38 56 59
6 28 31 37 38 60 63
6 28 31 40 43 48 51
6 28 31 40 43 49 50
6 28 31 40 43 60 63
6 28 31 41 42 48 51
6 28 31 41 42 49 50
6 28 31 41 42 56 59
6 28 31 41 42 57 58
6 28 31 41 42 60 63
6 28 31 48 51 53 54
6 28 31 48 51 56 59
6 28 31 49 50 53 54
6 28 31 49 50 57 58
5 28 32 36 45 58
5 28 32 36 46 47
6 28 32 36 49 53 62
5 28 32 36 50 54
5 28 32 36 51 55
5 28 32 37 46 59
5 28 32 37 48 53
5 28 32 38 48 54
5 28 32 39 46 57
5 28 32 39 48 55
6 28 32 40 45 47 54
6 28 32 40 49 57 62
5 28 32 40 50 58
5 28 32 40 51 59
5 28 32 41 46 55
5 28 32 41 48 57
5 28 32 41 49 62
5 28 32 43 48 59
5 28 32 45 48 61
5 28 32 45 50 51
5 28 32 47 48 63
5 28 33 35 37 39
5 28 33 35 40 54
5 28 33 35 41 43
5 28 33 37 42 43
5 28 33 37 51 55
5 28 33 38 48 58
5 28 33 38 49 54
5 28 33 39 49 55
5 28 33 41 51 59
5 28 33 42 49 58
5 28 33 43 48 63
5 28 33 47 49 63
5 28 34 35 38 39
5 28 34 35 42 43
5 28 34 36 47 57
5 28 34 36 59 61
5 28 34 37 39 42
5 28 34 37 50 53
5 28 34 38 49 53
5 28 34 38 51 55
5 28 34 39 48 63
5 28 34 39 49 59
5 28 34 39 50 55
5 28 34 41 50 57
5 28 34 42 49 57
5 28 34 42 51 59
5 28 34 43 50 59
5 28 34 47 50 63
5 28 35 37 51 53
5 28 35 42 51 58
5 28 35 43 45 54
5 28 36 41 47 50
5 28 36 41 48 58
5 28 36 41 53 62
5 28 36 42 47 49
5 28 36 45 50 59
5 28 36 45 54 55
5 28 36 46 48 63
5 28 36 46 50 55
5 28 36 48 53 62
5 28 36 49 58 63
5 28 37 39 49 51
5 28 37 39 57 59
5 28 37 42 48 63
5 28 37 42 49 59
5 28 37 42 50 55
5 28 37 42 56 61
5 28 37 43 53 59
5 28 38 39 50 51
5 28 38 39 58 59
5 28 38 43 53 63
5 28 38 43 54 59
5 28 38 47 54 63
5 28 39 41 55 57
5 28 39 42 55 58
5 28 39 46 49 56
5 28 40 45 48 63
7 28 40 45 49 53 58 59
5 28 40 45 50 55
5 28 40 45 56 61
5 28 40 46 47 53
5 28 40 46 49 55
5 28 40 46 50 54
5 28 40 47 51 55
5 28 40 47 56 63
5 28 40 48 57 62
5 28 40 49 51 54
5 28 40 54 61 63
5 28 41 43 49 51
5 28 41 46 52 58
5 28 41 46 53 63
5 28 41 47 52 59
5 28 41 47 57 63
5 28 42 43 50 51
5 28 42 47 58 63
5 28 45 47 49 51
6 28 45 47 52 57 59
5 28 45 47 53 55
5 28 45 48 54 56
5 28 45 51 54 59
5 28 45 52 57 63
5 28 46 47 50 51
6 28 46 47 52 58 59
5 28 46 47 54 55
5 28 46 48 53 59
5 28 46 52 58 63
5 28 48 56 61 63
5 28 49 51 53 55
5 28 50 51 54 55
5 28 50 51 58 59
5 28 50 53 55 58
6 29 30 32 35 37 38
6 29 30 32 35 61 62
6 29 30 33 34 37 38
6 29 30 33 34 41 42
10 29 30 33 34 44 47 49 50 60 63
6 29 30 33 34 48 51
6 29 30 33 34 52 55
6 29 30 33 34 56 59
6 29 30 33 34 61 62
6 29 30 36 39 48 51
6 29 30 36 39 56 59
6 29 30 36 39 61 62
6 29 30 37 38 48 51
6 29 30 37 38 49 50
6 29 30 37 38 52 55
6 29 30 37 38 57 58
6 29 30 37 38 61 62
10 29 30 41 42 44 47 57 58 60 63
6 29 30 41 42 48 51
6 29 30 41 42 49 50
6 29 30 41 42 56 59
6 29 30 41 42 61 62
8 29 30 48 51 52 55 57 58
6 29 30 48 51 56 59
6 29 30 49 50 57 58
5 29 31 32 37 39
5 29 31 32 41 43
6 29 31 33 35 37 39
5 29 31 33 35 38
5 29 31 33 35 40
5 29 31 33 35 42
5 29 31 33 35 48
6 29 31 33 35 49 51
5 29 31 33 35 52
5 29 31 33 35 54
5 29 31 33 35 56
5 29 31 33 35 58
5 29 31 33 35 60
5 29 31 33 35 62
6 29 31 34 44 49 51
5 29 31 34 61 63
5 29 31 36 57 59
5 29 31 37 39 44
5 29 31 37 39 48
6 29 31 37 39 49 51
5 29 31 37 39 50
5 29 31 37 39 52
5 29 31 37 39 56
6 29 31 37 39 57 59
5 29 31 37 39 60
5 29 31 37 39 62
5 29 31 38 49 51
5 29 31 41 43 44
5 29 31 41 43 48
6 29 31 41 43 49 51
5 29 31 41 43 50
5 29 31 41 43 56
6 29 31 41 43 57 59
5 29 31 41 43 60
5 29 31 41 43 62
6 29 31 42 44 57 59
5 29 31 42 49 51
5 29 31 42 61 63
5 29 31 48 57 59
5 29 31 49 51 54
5 29 31 49 51 56
5 29 31 49 51 58
5 29 31 49 51 62
5 29 31 52 57 59
5 29 31 53 55 60
5 29 31 57 59 60
5 29 32 34 48 50
5 29 32 34 60 62
5 29 32 36 50 54
5 29 32 36 51 55
5 29 32 37 46 49
5 29 32 37 54 63
5 29 32 38 43 51
5 29 32 38 48 54
5 29 32 39 48 55
5 29 32 40 50 58
5 29 32 40 51 59
5 29 32 41 46 49
5 29 32 41 58 63
5 29 32 43 48 59
5 29 32 46 49 60
5 29 33 37 51 55
5 29 33 38 48 58
5 29 33 38 49 54
5 29 33 39 49 55
5 29 33 39 56 62
5 29 33 40 49 56
5 29 33 40 50 63
5 29 33 40 55 62
5 29 33 41 48 56
6 29 33 41 50 58 63
5 29 33 41 51 59
5 29 33 42 49 58
5 29 33 42 50 63
5 29 33 44 46 61
5 29 34 35 50 51
5 29 34 37 44 49
5 29 34 38 48 52
5 29 34 41 44 49
5 29 34 42 48 56
5 29 34 44 49 55
5 29 34 44 49 62
5 29 35 36 49 56
5 29 35 36 51 52
5 29 35 38 51 54
5 29 35 39 48 52
5 29 35 39 50 54
5 29 35 40 51 56
5 29 35 42 51 58
5 29 35 43 48 56
5 29 35 43 50 58
5 29 36 38 43 55
5 29 36 38 48 50
5 29 36 38 52 54
5 29 36 38 60 62
5 29 36 42 47 48
5 29 36 42 54 59
5 29 36 43 52 59
5 29 36 47 51 57
5 29 37 44 46 61
5 29 37 49 54 63
5 29 37 52 54 63
5 29 38 39 40 52
5 29 38 39 50 51
5 29 38 39 54 55
5 29 38 43 57 62
5 29 39 40 55 56
6 29 39 42 44 51 57
5 29 40 42 56 58
5 29 40 42 60 62
5 29 40 46 57 60
5 29 40 52 58 59
5 29 41 44 46 61
5 29 41 47 51 55
5 29 41 49 58 63
5 29 41 52 58 63
5 29 41 56 58 63
5 29 42 43 44 57
5 29 42 43 50 51
5 29 42 43 58 59
5 29 42 44 50 57
5 29 42 44 57 62
5 29 43 55 60 62
5 30 31 32 38 39
5 30 31 33 44 48
5 30 31 33 62 63
5 30 31 34 35 36
6 30 31 34 35 42 43
8 30 31 34 35 45 50 51 61
5 30 31 34 35 48
6 30 31 34 35 49 60
5 30 31 34 35 52
5 30 31 34 35 53
5 30 31 34 35 56
5 30 31 34 35 57
6 30 31 34 35 62 63
5 30 31 36 58 59
5 30 31 37 40 49
5 30 31 37 44 52
5 30 31 37 62 63
7 30 31 38 39 40 50 51
5 30 31 38 39 44
5 30 31 38 39 48
5 30 31 38 39 49
5 30 31 38 39 52
6 30 31 38 39 53 60
5 30 31 38 39 56
6 30 31 38 39 58 59
6 30 31 38 39 62 63
7 30 31 41 44 54 55 56
6 30 31 41 54 55 60
5 30 31 42 43 44
8 30 31 42 43 45 58 59 61
5 30 31 42 43 48
5 30 31 42 43 49
5 30 31 42 43 56
6 30 31 42 43 57 60
6 30 31 42 43 62 63
5 30 31 44 50 51
5 30 31 44 58 59
5 30 31 50 51 52
6 30 31 50 51 58 59
5 30 31 52 58 59
5 30 31 58 59 60
5 30 32 33 48 49
5 30 32 36 49 53
5 30 32 36 51 55
5 30 32 37 48 53
5 30 32 39 48 55
5 30 32 39 50 59
5 30 32 40 49 57
5 30 32 40 51 59
5 30 32 41 48 57
5 30 32 43 48 59
5 30 33 35 49 51
5 30 33 35 61 63
5 30 33 37 51 55
5 30 33 38 47 50
5 30 33 41 51 59
5 30 33 42 47 50
5 30 33 47 50 52
5 30 33 47 50 61
5 30 34 36 50 52
5 30 34 36 59 61
5 30 34 37 50 53
5 30 34 37 51 57
5 30 34 38 48 52
5 30 34 41 49 60
5 30 34 41 50 57
5 30 34 42 48 56
6 30 34 42 49 57 60
5 30 34 42 51 59
5 30 34 43 49 60
5 30 34 43 50 59
5 30 34 43 52 61
5 30 34 45 47 62
5 30 35 36 51 52
5 30 35 37 40 48
5 30 35 37 51 53
5 30 35 38 45 50
5 30 35 38 53 60
5 30 35 39 48 52
5 30 35 39 49 53
5 30 35 40 51 56
5 30 35 42 45 50
5 30 35 42 57 60
5 30 35 43 48 56
5 30 35 43 49 57
5 30 35 45 50 63
5 30 36 37 43 55
5 30 36 37 48 49
5 30 36 37 52 53
6 30 36 41 47 48 58
5 30 36 43 52 59
5 30 37 39 40 52
5 30 37 39 49 51
5 30 37 39 53 55
5 30 37 39 61 63
5 30 37 40 58 61
5 30 38 45 47 62
5 30 38 50 53 60
5 30 38 53 55 60
5 30 39 40 55 56
5 30 39 41 44 51
5 30 39 41 53 56
5 30 39 44 48 58
5 30 40 41 47 58
5 30 40 41 48 49
5 30 40 41 56 57
5 30 40 52 61 63
5 30 41 43 57 59
5 30 41 43 61 63
5 30 41 47 49 58
5 30 41 47 58 61
5 30 42 44 48 52
5 30 42 45 47 62
5 30 42 50 57 60
5 30 42 55 57 60
5 30 42 57 59 60
5 30 43 45 58 63
5 30 43 55 56 57
5 31 32 33 36 37
5 31 32 33 40 41
5 31 32 34 36 38
5 31 32 34 40 42
5 31 32 34 43 53
5 31 32 38 48 54
5 31 32 40 46 53
5 31 32 41 48 57
5 31 33 36 38 41
5 31 33 36 49 52
5 31 33 36 50 56
5 31 33 36 51 60
5 31 33 37 48 52
5 31 33 37 50 54
5 31 33 38 49 54
5 31 33 39 44 58
5 31 33 39 56 62
5 31 33 40 49 56
5 31 33 41 48 56
5 31 33 41 50 58
5 31 33 42 49 58
5 31 33 44 49 60
5 31 34 36 50 52
5 31 34 37 50 53
5 31 34 37 51 57
5 31 34 38 40 41
5 31 34 38 48 52
5 31 34 40 51 60
5 31 34 41 50 57
5 31 34 42 48 56
5 31 34 44 50 60
5 31 35 36 45 58
5 31 35 36 51 52
5 31 35 37 51 53
5 31 35 38 45 56
5 31 35 38 51 54
5 31 35 39 44 45
5 31 35 39 46 57
5 31 35 39 48 52
5 31 35 39 49 53
6 31 35 39 50 54 61
5 31 35 40 51 56
5 31 35 42 45 52
5 31 35 42 50 61
5 31 35 42 51 58
6 31 35 43 44 46 53
5 31 35 43 48 56
5 31 35 43 49 57
6 31 35 43 50 58 61
5 31 35 44 51 60
5 31 35 46 48 49
5 31 35 46 51 62
5 31 36 37 48 49
5 31 36 37 56 57
5 31 36 38 48 50
5 31 36 38 56 58
5 31 36 41 52 57
5 31 36 42 52 58
5 31 36 45 50 59
5 31 37 40 53 56
5 31 37 40 54 60
5 31 37 44 53 60
5 31 38 40 54 56
5 31 38 41 49 52
5 31 38 41 50 56
5 31 38 41 51 60
5 31 38 41 59 62
5 31 39 41 44 50
5 31 39 42 44 49
5 31 39 42 51 57
5 31 39 42 54 61
5 31 39 45 49 52
5 31 39 45 51 60
5 31 39 46 49 56
5 31 39 46 52 53
5 31 39 50 57 60
5 31 39 51 54 61
5 31 40 41 48 49
5 31 40 42 48 50
5 31 41 44 57 60
5 31 42 44 55 56
5 31 42 44 58 60
5 31 42 45 54 60
5 31 42 45 55 57
5 31 43 44 45 54
5 31 43 44 48 52
5 31 43 44 59 60
5 31 43 45 49 53
5 31 43 45 50 52
5 31 43 46 49 52
7 31 43 46 50 54 56 57
5 31 43 46 51 60
5 31 43 46 59 62
5 31 43 48 50 53
5 31 43 51 58 61
5 31 43 53 60 62
5 31 44 45 48 49
5 31 44 45 52 53
6 31 44 45 55 56 57
5 31 44 46 48 50
5 31 44 46 52 54
6 31 44 46 55 56 58
5 31 45 51 54 56
5 31 45 55 57 60
5 31 46 48 53 56
5 31 46 51 53 59
5 31 46 55 58 60
5 31 48 49 52 53
5 31 48 49 56 57
5 31 48 50 52 54
5 31 49 52 54 57
5 31 51 59 60 62
8 32 33 36 37 48 49 52 53
8 32 33 36 37 50 54 56 57
8 32 33 36 37 51 55 60 61
5 32 33 36 37 58
6 32 33 36 37 59 62
5 32 33 36 37 63
8 32 33 38 42 44 45 50 62
8 32 33 38 42 44 45 51 63
8 32 33 38 42 44 45 55 59
6 32 33 39 56 57 62
5 32 33 39 60 61
8 32 33 40 41 48 49 56 57
6 32 33 40 41 50 58
6 32 33 40 41 51 59
5 32 33 40 41 54
6 32 33 40 41 55 62
6 32 33 40 41 60 61
5 32 33 40 41 63
5 32 33 43 47 51
5 32 33 46 56 57
5 32 33 50 52 53
5 32 33 50 60 61
5 32 33 51 52 53
5 32 33 51 56 57
5 32 33 55 56 57
5 32 33 56 57 63
5 32 33 59 60 61
8 32 34 36 38 48 50 52 54
6 32 34 36 38 51 55
6 32 34 36 38 56 58
5 32 34 36 38 57
6 32 34 36 38 59 61
6 32 34 36 38 60 62
5 32 34 36 38 63
6 32 34 37 48 50 53
5 32 34 37 51 57
5 32 34 37 52 54
6 32 34 37 55 56 58
5 32 34 37 60 62
8 32 34 39 47 48 50 55 63
8 32 34 39 47 53 56 58 61
8 32 34 40 42 51 59 60 62
6 32 34 40 42 55 61
5 32 34 40 42 63
6 32 34 41 48 50 57
5 32 34 41 56 58
5 32 34 41 60 62
6 32 34 43 48 50 59
6 32 34 44 46 51 63
6 32 34 45 48 50 61
5 32 34 45 56 58
5 32 34 45 60 62
5 32 34 51 52 54
5 32 34 51 56 58
5 32 34 55 60 62
6 32 34 56 58 60 62
5 32 34 56 58 63
5 32 34 57 60 62
8 32 35 36 39 41 42 56 59
8 32 35 36 39 41 42 60 63
8 32 35 36 39 41 42 61 62
6 32 35 37 38 52 55
6 32 35 37 38 56 59
6 32 35 37 38 57 58
6 32 35 37 38 60 63
6 32 35 37 38 61 62
6 32 35 40 43 60 63
8 32 35 44 47 53 54 57 58
6 32 35 45 46 53 54
6 32 35 45 46 60 63
8 32 35 53 54 56 59 60 63
6 32 35 53 54 61 62
6 32 35 57 58 60 63
6 32 35 57 58 61 62
5 32 36 43 50 54
6 32 36 45 50 54 59
5 32 36 45 51 55
5 32 36 46 47 60
5 32 36 49 53 56
5 32 36 49 53 60
5 32 36 50 54 60
5 32 36 50 54 61
5 32 36 50 54 63
5 32 36 51 55 56
5 32 36 51 55 62
6 32 37 39 48 53 55
5 32 37 39 57 59
5 32 37 39 61 63
6 32 37 40 48 53 56
5 32 37 40 49 57
6 32 37 40 50 58 61
5 32 37 40 51 59
5 32 37 40 54 60
6 32 37 41 44 49 61
6 32 37 41 44 50 62
6 32 37 41 44 51 63
6 32 37 41 44 54 58
6 32 37 41 44 55 59
6 32 37 45 48 53 61
5 32 37 45 54 62
5 32 37 45 55 63
5 32 38 39 58 59
5 32 38 39 62 63
6 32 38 40 48 54 56
5 32 38 40 50 58
5 32 38 40 51 59
6 32 38 41 48 54 57
5 32 38 41 50 56
5 32 38 41 51 60
5 32 38 41 55 61
5 32 38 41 59 62
5 32 38 43 57 62
6 32 38 46 48 54 62
5 32 38 46 55 63
5 32 38 47 56 61
6 32 39 40 48 55 56
5 32 39 40 50 58
5 32 39 40 51 59
6 32 39 43 44 51 63
6 32 39 43 44 53 57
5 32 39 45 51 60
6 32 39 46 48 55 62
8 32 40 45 47 48 56 61 63
8 32 40 45 47 50 53 55 58
6 32 40 46 48 56 62
5 32 40 49 57 60
6 32 40 50 51 58 59
5 32 40 50 58 60
5 32 40 50 58 63
5 32 40 51 54 59
5 32 40 51 59 61
6 32 41 43 48 57 59
5 32 41 43 61 63
5 32 41 45 58 62
5 32 41 45 59 63
5 32 41 46 54 59
5 32 41 47 50 55
6 32 42 43 56 62 63
6 32 42 46 50 59 63
6 32 43 45 48 59 61
6 32 43 46 48 59 62
5 32 43 46 50 56
8 32 44 50 51 53 57 62 63
6 32 44 51 54 58 63
6 32 44 53 55 57 59
6 32 44 54 55 58 59
5 32 47 50 55 57
5 32 47 51 53 58
5 32 47 53 58 60
5 32 47 54 56 61
5 32 50 51 56 60
5 32 53 55 61 63
5 32 54 55 57 61
5 32 54 55 62 63
5 32 54 57 59 62
5 32 57 59 61 63
5 32 58 59 62 63
12 33 34 36 39 40 43 45 46 48 51 60 63
10 33 34 37 38 48 51 52 55 57 58
8 33 34 37 38 49 50 53 54
6 33 34 37 38 56 59
6 33 34 37 38 60 63
6 33 34 37 38 61 62
8 33 34 41 42 48 51 56 59
8 33 34 41 42 49 50 57 58
6 33 34 41 42 52 55
6 33 34 41 42 60 63
6 33 34 41 42 61 62
6 33 34 44 47 48 51
6 33 34 44 47 57 58
6 33 34 48 51 53 54
6 33 34 48 51 61 62
6 33 34 57 58 60 63
6 33 34 57 58 61 62
8 33 35 36 44 49 51 52 60
8 33 35 36 44 54 57 59 62
6 33 35 37 39 48 52
8 33 35 37 39 49 51 53 55
6 33 35 37 39 56 62
6 33 35 37 39 57 59
5 33 35 37 39 58
5 33 35 37 39 60
6 33 35 37 39 61 63
5 33 35 38 48 58
6 33 35 38 49 51 54
6 33 35 38 52 57 59
5 33 35 38 53 55
5 33 35 38 61 63
6 33 35 40 49 51 56
8 33 35 41 43 48 56 61 63
6 33 35 41 43 52 62
5 33 35 41 43 60
6 33 35 42 49 51 58
5 33 35 42 57 59
5 33 35 42 61 63
6 33 35 45 47 48 60
6 33 35 46 49 51 62
5 33 35 46 57 59
5 33 35 46 61 63
5 33 35 48 53 55
5 33 35 48 57 59
5 33 35 52 61 63
5 33 35 57 59 60
6 33 35 57 59 61 63
5 33 35 58 61 63
8 33 36 38 41 48 50 56 58
8 33 36 38 41 49 52 54 57
8 33 36 38 41 51 59 60 62
6 33 36 38 41 55 61
5 33 36 38 41 63
6 33 36 42 49 52 58
5 33 36 42 50 56
5 33 36 42 51 60
5 33 36 42 55 61
5 33 36 42 59 62
6 33 36 47 49 52 63
5 33 36 47 55 61
5 33 36 48 54 57
5 33 36 48 55 61
5 33 36 48 59 62
5 33 36 51 58 60
6 33 36 58 59 62 63
6 33 37 40 50 54 60
6 33 37 40 51 55 62
5 33 37 40 58 61
8 33 37 42 43 48 52 62 63
6 33 37 42 43 56 61
5 33 37 42 43 57
5 33 37 42 43 60
5 33 37 44 50 54
5 33 37 44 51 55
6 33 37 47 48 52 61
6 33 37 48 50 52 54
5 33 37 48 52 59
5 33 37 50 54 61
5 33 37 51 55 56
6 33 38 39 48 58 59
5 33 38 39 52 57
6 33 38 39 56 62 63
5 33 38 40 48 58
6 33 38 40 49 54 56
5 33 38 40 55 62
6 33 38 46 49 54 62
6 33 38 46 52 57 60
5 33 38 46 55 63
5 33 38 47 52 57
5 33 38 50 52 57
5 33 38 52 57 63
6 33 39 41 48 56 62
6 33 39 41 49 55 57
5 33 39 41 51 59
6 33 39 42 49 55 58
5 33 39 42 51 57
5 33 39 42 56 62
6 33 39 44 49 55 60
6 33 39 47 49 55 63
5 33 39 51 56 62
5 33 40 42 48 50
6 33 40 42 49 56 58
6 33 40 42 55 60 62
6 33 40 44 55 58 62
5 33 40 44 59 63
6 33 40 47 49 56 63
5 33 40 48 55 62
6 33 41 44 49 57 60
5 33 41 44 50 58
5 33 41 44 51 59
5 33 41 46 48 56
6 33 41 46 49 57 62
6 33 41 46 51 54 59
5 33 41 47 48 56
6 33 41 47 49 57 63
5 33 41 48 54 56
5 33 41 48 55 56
5 33 41 50 52 58
5 33 41 50 58 60
5 33 41 50 58 61
5 33 41 51 52 59
5 33 41 51 59 61
5 33 43 44 48 63
5 33 43 48 57 63
5 33 43 51 52 62
5 33 43 51 56 61
5 33 44 46 48 50
6 33 44 46 49 60 62
5 33 44 46 52 54
6 33 45 48 50 60 62
6 33 45 48 55 59 60
5 33 46 47 54 55
6 34 35 36 58 59 61
5 34 35 36 62 63
8 34 35 37 41 46 47 48 60
8 34 35 37 41 46 47 49 61
8 34 35 37 41 46 47 52 56
8 34 35 38 39 48 52 62 63
8 34 35 38 39 49 53 58 59
8 34 35 38 39 50 51 54 55
6 34 35 38 39 56 61
5 34 35 38 39 57
5 34 35 38 39 60
5 34 35 40 44 48
6 34 35 42 43 48 56
6 34 35 42 43 49 57
8 34 35 42 43 50 51 58 59
6 34 35 42 43 52 61
5 34 35 42 43 53
5 34 35 42 43 60
6 34 35 42 43 62 63
5 34 35 45 58 59
5 34 35 48 54 55
5 34 35 48 58 59
5 34 35 49 54 55
5 34 35 49 62 63
5 34 35 52 58 59
5 34 35 56 62 63
5 34 35 58 59 60
6 34 36 37 51 56 57
5 34 36 37 55 58
6 34 36 37 59 60 61
5 34 36 41 48 58
6 34 36 41 50 52 57
5 34 36 41 59 61
5 34 36 42 48 56
6 34 36 42 50 52 58
6 34 36 42 51 59 61
6 34 36 44 50 52 60
6 34 36 47 50 52 63
5 34 36 48 59 61
8 34 37 39 42 48 56 61 63
8 34 37 39 42 49 51 57 59
8 34 37 39 42 50 53 55 58
6 34 37 39 42 52 62
5 34 37 39 42 60
6 34 37 43 50 53 59
5 34 37 43 51 57
5 34 37 43 52 61
5 34 37 44 55 58
6 34 37 45 50 53 61
5 34 37 45 52 60
6 34 37 45 55 58 63
5 34 37 49 55 58
5 34 37 55 58 60
8 34 38 40 41 51 55 60 61
5 34 38 40 41 58
6 34 38 40 41 59 62
5 34 38 40 41 63
6 34 38 43 48 52 61
6 34 38 43 49 53 63
5 34 38 43 57 62
6 34 38 44 51 55 62
5 34 38 47 48 52
5 34 38 47 49 53
5 34 38 48 52 59
6 34 38 49 51 53 55
5 34 38 49 53 62
5 34 38 51 55 56
5 34 39 41 48 63
5 34 39 41 49 59
6 34 39 41 50 55 57
5 34 39 41 52 62
5 34 39 41 56 61
6 34 39 44 50 55 60
5 34 39 44 52 62
5 34 39 48 57 63
5 34 39 51 52 62
5 34 39 51 53 58
5 34 39 51 56 61
6 34 39 56 57 60 61
5 34 40 47 51 60
5 34 40 48 55 61
5 34 40 48 59 62
5 34 40 51 58 60
5 34 41 43 49 51
6 34 41 43 50 57 59
6 34 41 43 52 61 63
6 34 42 44 50 58 60
5 34 42 44 51 59
6 34 42 45 48 53 56
6 34 42 45 50 58 61
5 34 42 45 51 59
5 34 42 47 48 56
5 34 42 47 49 57
6 34 42 47 50 58 63
5 34 42 48 55 56
5 34 42 48 56 62
5 34 42 49 55 57
5 34 42 49 57 62
5 34 42 49 57 63
5 34 42 51 52 59
5 34 42 51 53 59
6 34 43 44 50 59 60
6 34 43 47 52 57 61
5 34 43 47 56 60
5 34 43 51 52 61
5 34 44 45 52 53
5 34 45 47 49 51
6 34 45 47 50 61 63
5 34 45 47 53 55
6 34 46 49 51 61 63
6 34 46 51 52 56 63
5 35 36 37 56 57
5 35 36 37 60 61
6 35 36 38 51 52 54
5 35 36 38 56 58
5 35 36 38 60 62
6 35 36 40 47 48 60
6 35 36 40 47 54 58
5 35 36 43 48 56
5 35 36 43 49 57
6 35 36 43 51 52 59
6 35 36 45 51 52 61
5 35 36 46 48 63
5 35 37 40 58 61
5 35 37 42 48 63
5 35 37 42 49 59
6 35 37 42 51 53 58
5 35 37 42 52 62
5 35 37 42 56 61
5 35 37 43 48 56
5 35 37 43 49 57
6 35 37 43 51 53 59
5 35 37 44 59 62
6 35 37 45 51 53 61
5 35 37 45 52 60
6 35 38 42 47 48 60
6 35 38 42 47 49 61
6 35 38 42 47 50 62
6 35 38 42 47 52 56
6 35 38 42 47 53 57
5 35 38 43 48 56
6 35 38 43 49 57 62
5 35 38 43 50 58
6 35 38 43 51 54 59
5 35 38 43 53 63
6 35 38 46 51 54 62
5 35 38 46 52 60
5 35 38 46 53 61
5 35 39 40 49 53
5 35 39 44 45 63
5 35 39 46 48 52
6 35 39 46 49 53 56
5 35 39 48 52 59
5 35 39 48 52 61
5 35 39 49 53 60
5 35 39 49 53 62
5 35 39 49 53 63
5 35 39 50 54 59
5 35 39 50 54 63
6 35 40 41 59 60 61
6 35 40 42 51 56 58
5 35 40 42 60 62
5 35 40 45 49 59
6 35 40 45 51 56 61
6 35 40 46 51 56 62
6 35 41 45 49 56 60
5 35 42 44 49 52
5 35 42 45 53 56
5 35 42 46 56 60
5 35 42 46 57 61
8 35 43 44 46 49 52 54 57
8 35 43 44 46 51 59 60 62
6 35 43 45 51 59 61
6 35 43 48 49 56 57
5 35 43 48 53 56
5 35 43 48 56 62
5 35 43 49 57 60
5 35 43 49 57 63
5 35 43 50 58 63
5 35 44 48 54 57
5 35 44 49 52 58
5 35 44 53 59 62
5 35 44 54 57 63
8 35 47 48 49 54 58 60 61
6 35 47 48 53 57 60
6 35 47 52 53 56 57
6 35 47 52 54 56 58
5 35 48 49 59 63
5 35 52 53 58 62
5 35 52 53 60 61
5 35 52 54 60 62
5 35 53 56 58 61
5 35 56 57 60 61
5 35 56 58 60 62
10 36 37 40 41 48 49 54 58 60 61
6 36 37 40 41 50 62
6 36 37 40 41 51 63
8 36 37 40 41 52 53 56 57
6 36 37 40 41 55 59
8 36 37 42 46 48 49 59 63
6 36 37 42 46 50 55
5 36 37 42 46 51
5 36 37 42 46 54
6 36 37 44 45 48 49
6 36 37 44 45 50 59
5 36 37 44 45 51
8 36 37 44 45 52 53 60 61
6 36 37 44 45 54 62
6 36 37 44 45 55 63
5 36 37 44 45 58
6 36 37 47 48 49 55
6 36 37 48 49 56 57
5 36 37 48 49 62
5 36 37 50 60 61
5 36 37 55 56 57
8 36 38 40 42 48 50 60 62
6 36 38 40 42 49 61
6 36 38 40 42 51 63
8 36 38 40 42 52 54 56 58
6 36 38 40 42 55 59
5 36 38 43 48 50
6 36 38 43 52 54 59
6 36 38 43 57 60 62
8 36 38 44 46 48 50 55 63
6 36 38 44 46 49 59
5 36 38 44 46 51
6 36 38 45 48 50 59
6 36 38 45 52 54 61
5 36 38 45 60 62
5 36 38 47 48 50
6 36 38 47 52 54 63
5 36 38 48 50 57
5 36 38 48 50 61
5 36 38 49 56 58
5 36 38 49 60 62
5 36 38 51 56 58
5 36 38 55 56 58
5 36 38 55 60 62
6 36 39 44 47 48 51
6 36 39 48 51 56 59
6 36 39 48 51 61 62
6 36 40 48 53 57 60
6 36 40 48 55 59 60
6 36 40 51 54 58 63
6 36 40 54 55 58 59
6 36 41 43 49 51 54
6 36 41 43 52 57 59
5 36 41 43 61 63
5 36 41 44 48 58
6 36 41 44 49 54 62
6 36 41 44 52 57 60
5 36 41 44 53 61
5 36 41 44 55 63
6 36 41 45 48 58 62
5 36 41 45 49 54
6 36 41 45 50 59 63
5 36 41 47 49 54
5 36 41 49 54 56
5 36 41 49 54 63
6 36 42 44 52 58 60
5 36 42 44 54 62
5 36 42 44 55 63
5 36 42 45 50 59
6 36 42 45 52 58 61
5 36 42 45 54 60
6 36 43 44 52 59 60
5 36 43 44 54 62
5 36 43 44 55 63
5 36 43 47 57 61
5 36 44 48 53 61
5 36 44 48 54 62
5 36 44 49 55 63
5 36 44 51 54 62
6 36 44 54 55 62 63
5 36 44 55 58 63
6 36 45 47 52 61 63
5 36 45 50 59 60
5 36 46 48 54 63
5 36 46 49 59 60
5 36 46 50 55 60
8 37 38 40 43 44 47 48 51
8 37 38 40 43 44 47 49 50
8 37 38 40 43 44 47 52 55
8 37 38 41 42 48 51 60 63
12 37 38 41 42 49 50 52 55 56 59 61 62
8 37 38 41 42 53 54 57 58
6 37 38 45 46 48 51
6 37 38 45 46 49 50
8 37 38 45 46 52 55 60 63
8 37 38 45 46 53 54 61 62
6 37 38 45 46 56 59
6 37 38 48 51 56 59
6 37 38 48 51 61 62
6 37 38 49 50 57 58
6 37 38 49 50 60 63
5 37 39 40 49 51
6 37 39 40 53 55 56
6 37 39 40 58 61 63
6 37 39 41 43 48 60
8 37 39 41 43 49 51 61 63
6 37 39 41 43 50 62
6 37 39 41 43 52 56
8 37 39 41 43 53 55 57 59
5 37 39 44 49 51
6 37 39 44 53 55 60
5 37 39 45 47 48
8 37 39 45 47 49 51 52 60
6 37 39 45 47 50 56
6 37 39 46 49 51 56
6 37 39 46 53 55 62
5 37 39 46 61 63
5 37 39 48 57 59
5 37 39 49 51 58
5 37 39 49 51 62
5 37 39 50 57 59
5 37 39 50 61 63
5 37 39 52 57 59
5 37 39 52 61 63
8 37 40 42 45 48 50 55 63
6 37 40 42 45 49 59
5 37 40 42 45 51
8 37 40 42 45 52 54 60 62
8 37 40 42 45 53 56 58 61
5 37 40 46 49 55
6 37 40 46 53 56 62
5 37 40 46 54 60
5 37 40 51 58 61
5 37 40 52 58 61
6 37 41 48 50 60 62
6 37 41 48 55 59 60
6 37 41 51 52 56 63
6 37 41 52 54 56 58
5 37 42 44 48 63
5 37 42 44 49 59
5 37 42 44 50 55
5 37 42 44 52 62
6 37 42 44 53 58 60
5 37 42 49 59 60
5 37 42 50 55 57
5 37 42 50 55 60
5 37 42 51 52 62
5 37 42 51 56 61
5 37 42 54 56 61
6 37 43 45 50 52 60
6 37 43 45 53 59 61
5 37 43 45 55 63
5 37 43 46 49 52
5 37 43 46 50 56
5 37 43 46 51 60
6 37 43 46 53 59 62
5 37 43 46 55 61
5 37 44 46 48 50
5 37 44 46 52 54
6 37 44 46 53 60 62
5 37 45 48 54 62
5 37 45 49 54 62
5 37 45 49 55 63
5 37 45 52 58 60
5 37 45 52 59 60
5 37 45 54 56 62
5 37 45 55 56 63
5 37 48 50 56 58
5 37 49 52 54 57
5 37 51 59 60 62
5 38 39 41 45 48
6 38 39 41 45 49 52
8 38 39 41 45 50 51 56 60
5 38 39 41 45 53
6 38 39 42 43 48 60
6 38 39 42 43 49 61
10 38 39 42 43 50 51 53 57 62 63
6 38 39 42 43 52 56
8 38 39 42 43 54 55 58 59
6 38 39 44 50 51 52
5 38 39 46 47 48
6 38 39 46 47 49 56
6 38 39 46 47 50 51
6 38 39 46 47 52 60
6 38 39 46 47 53 61
8 38 39 46 47 54 55 62 63
5 38 39 46 47 57
5 38 39 49 62 63
6 38 39 50 51 58 59
5 38 39 50 51 61
5 38 39 52 58 59
5 38 40 45 48 63
5 38 40 45 49 59
5 38 40 45 50 55
5 38 40 45 52 62
6 38 40 45 54 56 61
6 38 40 46 49 55 63
5 38 40 46 52 60
6 38 40 46 54 56 62
5 38 41 43 46 48
8 38 41 43 46 49 51 52 60
6 38 41 43 46 50 56
8 38 41 43 46 53 55 61 63
8 38 41 43 46 54 57 59 62
5 38 41 47 49 52
5 38 41 47 50 56
5 38 41 47 51 60
6 38 41 47 54 57 63
5 38 41 47 55 61
5 38 41 48 55 61
5 38 41 48 59 62
5 38 41 49 52 58
5 38 41 49 52 63
5 38 41 50 56 63
5 38 41 53 59 62
6 38 42 48 55 59 60
6 38 42 49 51 61 63
6 38 42 51 52 56 63
6 38 42 53 55 57 59
5 38 43 45 50 52
5 38 43 45 53 63
6 38 43 45 54 59 61
5 38 43 48 57 62
5 38 43 55 57 62
5 38 45 47 49 51
5 38 45 47 53 55
6 38 45 47 54 61 63
5 38 46 50 52 60
5 38 46 50 53 61
5 38 46 51 53 61
5 38 46 52 59 60
5 38 46 53 59 61
5 38 46 55 56 63
5 38 46 55 57 63
5 38 48 56 61 63
5 38 49 51 57 59
5 38 50 53 55 58
6 39 40 42 48 50 53
6 39 40 42 55 56 58
5 39 40 42 60 62
5 39 40 44 58 62
5 39 40 47 52 60
5 39 40 47 53 61
6 39 40 47 55 56 63
5 39 41 46 49 56
5 39 41 46 53 63
6 39 41 46 55 57 62
5 39 41 47 52 60
5 39 41 47 53 61
6 39 41 47 55 57 63
5 39 42 44 50 53
6 39 42 46 49 56 60
5 39 42 46 50 53
6 39 42 46 51 57 61
6 39 42 47 50 53 61
5 39 42 47 51 57
5 39 42 47 52 60
5 39 42 47 54 62
6 39 42 47 55 58 63
5 39 42 50 53 59
5 39 42 50 53 60
6 39 43 48 53 57 60
6 39 43 51 52 56 63
6 39 43 51 54 58 63
6 39 43 52 53 56 57
6 39 44 46 55 60 62
5 39 45 49 52 63
5 39 45 50 56 63
5 39 45 51 53 60
5 39 46 49 56 63
5 39 47 48 53 61
5 39 47 50 52 60
5 39 47 51 53 61
5 39 47 51 54 62
6 39 47 52 53 60 61
5 39 47 52 57 60
8 40 41 44 45 48 49 59 63
6 40 41 44 45 50 55
5 40 41 44 45 51
8 40 41 44 45 52 53 58 62
5 40 41 44 45 54
8 40 41 44 45 56 57 60 61
6 40 41 46 48 49 55
6 40 41 46 52 53 63
5 40 41 46 54 59
5 40 41 47 48 49
5 40 41 47 52 53
5 40 41 48 49 62
5 40 41 50 60 61
5 40 41 52 53 59
6 40 41 52 53 60 61
6 40 42 44 46 48 50
6 40 42 44 46 49 55
5 40 42 44 46 51
6 40 42 44 46 52 54
5 40 42 44 46 53
8 40 42 44 46 56 58 60 62
6 40 42 44 46 59 63
5 40 42 47 48 50
5 40 42 47 52 54
6 40 42 47 56 58 63
5 40 42 48 50 59
5 40 42 48 50 61
5 40 42 49 60 62
5 40 42 52 54 59
5 40 42 52 54 61
5 40 42 52 54 63
5 40 42 53 60 62
6 40 43 49 50 60 63
6 40 43 52 55 60 63
5 40 44 48 57 61
5 40 44 48 58 62
5 40 44 49 58 62
5 40 44 50 59 63
5 40 44 51 58 62
5 40 44 52 57 61
5 40 44 52 59 63
5 40 45 48 54 63
5 40 45 49 59 60
6 40 45 50 51 54 55
5 40 45 50 55 60
5 40 45 53 58 60
6 40 46 47 49 54 55
5 40 46 47 50 51
5 40 46 49 55 60
6 41 42 44 47 48 51
6 41 42 44 47 49 50
6 41 42 44 47 52 55
6 41 42 44 47 53 54
6 41 42 44 47 56 59
6 41 42 45 46 48 51
6 41 42 45 46 49 50
6 41 42 45 46 52 55
10 41 42 45 46 53 54 56 59 60 63
8 41 42 45 46 57 58 61 62
6 41 42 48 51 61 62
6 41 42 49 50 60 63
6 41 42 52 55 60 63
6 41 42 53 54 61 62
5 41 43 44 49 51
5 41 43 44 53 55
6 41 43 44 57 59 60
5 41 43 45 47 48
6 41 43 45 47 49 51
6 41 43 45 47 50 52
6 41 43 45 47 53 55
5 41 43 45 47 54
6 41 43 45 47 56 60
8 41 43 45 47 57 59 61 63
5 41 43 49 51 56
5 41 43 49 51 62
5 41 43 50 61 63
5 41 43 53 55 56
5 41 43 53 55 60
5 41 43 53 55 62
5 41 43 54 61 63
5 41 44 46 48 50
6 41 44 46 52 54 59
5 41 44 46 53 63
5 41 44 46 56 58
6 41 44 46 57 60 62
5 41 45 49 58 62
5 41 45 52 59 63
5 41 45 55 56 60
6 41 45 56 58 60 62
5 41 46 48 54 59
5 41 46 54 59 61
5 41 48 50 55 63
5 41 52 54 60 62
5 41 53 56 58 61
5 42 43 44 50 51
5 42 43 44 54 55
6 42 43 45 50 51 52
5 42 43 45 53 56
6 42 43 45 54 55 60
5 42 43 46 47 48
6 42 43 46 47 49 52
8 42 43 46 47 50 51 56 60
5 42 43 46 47 53
8 42 43 46 47 54 55 57 61
8 42 43 46 47 58 59 62 63
5 42 43 49 62 63
5 42 43 50 51 61
5 42 43 54 55 56
6 42 43 54 55 62 63
5 42 45 47 49 51
6 42 45 47 53 55 56
5 42 45 47 54 60
5 42 45 47 57 59
6 42 45 47 58 61 63
5 42 45 51 53 56
5 42 45 53 56 62
5 42 46 50 57 61
5 42 46 52 59 63
5 42 46 55 56 60
6 42 46 57 59 61 63
5 42 49 51 52 60
5 42 53 55 61 63
5 42 54 57 59 62
5 43 44 45 48 49
6 43 44 45 50 52 53
5 43 45 50 52 63
6 43 46 48 49 52 53
5 43 46 49 52 63
5 43 46 50 56 63
5 43 46 51 53 60
5 43 46 54 57 63
5 43 47 48 57 61
5 43 47 49 56 60
5 43 47 50 57 61
5 43 47 51 57 61
5 43 47 51 58 62
5 43 47 55 56 60
5 43 47 55 58 62
5 44 45 48 49 55
5 44 45 48 49 62
5 44 45 51 52 53
5 44 45 52 53 59
5 44 45 52 53 63
5 44 45 56 57 62
5 44 45 56 57 63
6 44 46 48 50 52 54
5 44 46 48 50 53
5 44 46 48 50 59
5 44 46 51 52 54
5 44 46 52 54 63
5 44 46 56 58 63
8 44 47 48 51 52 55 57 58
6 44 47 48 51 53 54
6 44 47 49 50 53 54
6 44 47 49 50 57 58
5 44 48 52 62 63
5 44 49 51 53 55
5 44 49 51 57 59
5 44 49 53 58 59
5 44 50 51 54 55
5 44 50 51 58 59
5 44 50 53 55 58
6 45 46 48 51 53 54
6 45 46 49 50 53 54
6 45 46 49 50 60 63
6 45 46 57 58 60 63
5 45 47 48 53 55
6 45 47 49 51 53 55
5 45 47 49 51 54
5 45 47 49 51 56
5 45 47 53 55 60
5 45 47 57 59 60
5 46 47 48 54 55
5 46 47 50 51 52
5 46 47 50 51 61
5 46 47 54 55 56
5 46 47 54 55 60
5 46 47 58 59 60
5 46 47 58 59 61
5 47 48 49 52 53
5 47 48 49 56 57
5 47 48 50 52 54
5 47 48 50 56 58
5 47 49 52 54 57
5 47 50 54 56 57
5 47 51 55 60 61
